target_date,variant,origin,h,q10,q25,q50,q75,q90,y_true
2023-10-09,ILI only,2023-10-02,1,3.27186969282074,3.29749056044998,3.43780157440226,3.70421244894561,3.85591381471671,3.65945064342312
2023-10-09,"ILI only, seed 2",2023-10-02,1,3.28723037724293,3.29749056044998,3.49599795249359,3.70421244894561,3.85591381471671,3.65945064342312
2023-10-09,"ILI only, seed 3",2023-10-02,1,3.27186969282074,3.29749056044998,3.41200116853989,3.70421244894561,3.97323284449733,3.65945064342312
2023-10-09,"ILI + wastewater, 2-week delay (as published)",2023-10-02,1,3.22728905936258,3.28899872429967,3.53073618236554,3.70421244894561,3.85591381471671,3.65945064342312
2023-10-09,"ILI + wastewater, no delay (hypothetical)",2023-10-02,1,3.22728905936258,3.28899872429967,3.34721092623415,3.6930549562565,3.79865871091305,3.65945064342312
2023-10-16,ILI only,2023-10-02,2,3.31982788231957,3.36896237121498,3.47562555066128,3.63011178450257,4.16530301782906,3.82472067702535
2023-10-16,"ILI only, seed 2",2023-10-02,2,3.31982788231957,3.3924406426854,3.47930055057466,3.63011178450257,4.17691101702421,3.82472067702535
2023-10-16,"ILI only, seed 3",2023-10-02,2,3.31982788231957,3.36896237121498,3.47930055057466,3.63011178450257,4.16530301782906,3.82472067702535
2023-10-16,"ILI + wastewater, 2-week delay (as published)",2023-10-02,2,3.31982788231957,3.36896237121498,3.47562555066128,3.63011178450257,4.17691101702421,3.82472067702535
2023-10-16,"ILI + wastewater, no delay (hypothetical)",2023-10-02,2,3.31982788231957,3.36896237121498,3.47562555066128,3.63011178450257,3.95367231864284,3.82472067702535
2023-10-16,ILI only,2023-10-09,1,3.43453874505217,3.43630709210891,3.63989011756863,3.84036332406574,3.93063282118573,3.82472067702535
2023-10-16,"ILI only, seed 2",2023-10-09,1,3.43453874505217,3.43630709210891,3.63989011756863,3.80675901123236,3.93063282118573,3.82472067702535
2023-10-16,"ILI only, seed 3",2023-10-09,1,3.43453874505217,3.43630709210891,3.63989011756863,3.84036332406574,3.93063282118573,3.82472067702535
2023-10-16,"ILI + wastewater, 2-week delay (as published)",2023-10-09,1,3.43453874505217,3.46390234765806,3.63989011756863,3.78750478173057,3.88202410179675,3.82472067702535
2023-10-16,"ILI + wastewater, no delay (hypothetical)",2023-10-09,1,3.39308055693369,3.43630709210891,3.63989011756863,3.84036332406574,3.93063282118573,3.82472067702535
2023-10-23,ILI only,2023-10-02,3,3.25248199934707,3.31899975486641,3.44788202062702,3.81102446514519,4.21023996133368,4.0926765051214
2023-10-23,"ILI only, seed 2",2023-10-02,3,3.25248199934707,3.2750893944393,3.44788202062702,3.81102446514519,4.21023996133368,4.0926765051214
2023-10-23,"ILI only, seed 3",2023-10-02,3,3.25248199934707,3.31899975486641,3.44788202062702,3.81102446514519,4.21023996133368,4.0926765051214
2023-10-23,"ILI + wastewater, 2-week delay (as published)",2023-10-02,3,3.25248199934707,3.2750893944393,3.44788202062702,3.85353121156885,4.21023996133368,4.0926765051214
2023-10-23,"ILI + wastewater, no delay (hypothetical)",2023-10-02,3,3.25248199934707,3.2750893944393,3.44788202062702,3.78550989503514,3.94039111945811,4.0926765051214
2023-10-23,ILI only,2023-10-09,2,3.47646145558178,3.52618182136595,3.62293391847052,3.77742015231181,4.27440436028856,4.0926765051214
2023-10-23,"ILI only, seed 2",2023-10-09,2,3.47646145558178,3.52618182136595,3.62293391847052,3.81833393975047,4.27440436028856,4.0926765051214
2023-10-23,"ILI only, seed 3",2023-10-09,2,3.47646145558178,3.52618182136595,3.62293391847052,3.81833393975047,4.27440436028856,4.0926765051214
2023-10-23,"ILI + wastewater, 2-week delay (as published)",2023-10-09,2,3.50265156547927,3.53974901049464,3.62293391847052,3.77742015231181,4.1177821835673,4.0926765051214
2023-10-23,"ILI + wastewater, no delay (hypothetical)",2023-10-09,2,3.46713625012881,3.51627073902422,3.62293391847052,3.77742015231181,4.1177821835673,4.0926765051214
2023-10-23,ILI only,2023-10-16,1,3.5998087786544,3.6589218569057,3.90468432394066,3.98999071062758,4.06756953000496,4.0926765051214
2023-10-23,"ILI only, seed 2",2023-10-16,1,3.5998087786544,3.6589218569057,3.90468432394066,3.98999071062758,4.06756953000496,4.0926765051214
2023-10-23,"ILI only, seed 3",2023-10-16,1,3.5998087786544,3.6589218569057,3.90468432394066,3.98999071062758,4.06756953000496,4.0926765051214
2023-10-23,"ILI + wastewater, 2-week delay (as published)",2023-10-16,1,3.5998087786544,3.70792159592564,3.9527748153328,4.00563335766797,4.09590285478796,4.0926765051214
2023-10-23,"ILI + wastewater, no delay (hypothetical)",2023-10-16,1,3.5998087786544,3.6316670135791,3.85554983504525,3.98999071062758,4.04729413539898,4.0926765051214
2023-10-30,ILI only,2023-10-02,4,3.16302880437572,3.40685372368744,3.57064387300029,4.04560138490058,4.16323997853552,3.82624722840674
2023-10-30,"ILI only, seed 2",2023-10-02,4,3.16302880437572,3.40707059137242,3.57064387300029,4.04560138490058,4.16323997853552,3.82624722840674
2023-10-30,"ILI only, seed 3",2023-10-02,4,3.16302880437572,3.40707059137242,3.58611256677424,4.04560138490058,4.67133053021713,3.82624722840674
2023-10-30,"ILI + wastewater, 2-week delay (as published)",2023-10-02,4,3.16302880437572,3.42732013720605,3.58611256677424,4.12130380010073,4.67133053021713,3.82624722840674
2023-10-30,"ILI + wastewater, no delay (hypothetical)",2023-10-02,4,3.09517452450499,3.28331115736697,3.57064387300029,4.04560138490058,4.16323997853552,3.82624722840674
2023-10-30,ILI only,2023-10-09,3,3.39979036715631,3.42239776224854,3.54709989704412,3.95833283295443,4.35754832914292,3.82624722840674
2023-10-30,"ILI only, seed 2",2023-10-09,3,3.39979036715631,3.42239776224854,3.54709989704412,3.92472852012105,4.29305085978381,3.82624722840674
2023-10-30,"ILI only, seed 3",2023-10-09,3,3.39979036715631,3.42239776224854,3.54709989704412,3.92472852012105,4.29305085978381,3.82624722840674
2023-10-30,"ILI + wastewater, 2-week delay (as published)",2023-10-09,3,3.39979036715631,3.42239776224854,3.54709989704412,3.92472852012105,4.03936616858215,3.82624722840674
2023-10-30,"ILI + wastewater, no delay (hypothetical)",2023-10-09,3,3.39979036715631,3.42239776224854,3.54709989704412,3.92472852012105,4.03936616858215,3.82624722840674
2023-10-30,ILI only,2023-10-16,2,3.63240628373104,3.68154077262645,3.78820395207275,3.94269018591404,4.43967439389079,3.82624722840674
2023-10-30,"ILI only, seed 2",2023-10-16,2,3.63240628373104,3.68154077262645,3.78820395207275,3.9836039733527,4.43967439389079,3.82624722840674
2023-10-30,"ILI only, seed 3",2023-10-16,2,3.63240628373104,3.68154077262645,3.78820395207275,3.9836039733527,4.43967439389079,3.82624722840674
2023-10-30,"ILI + wastewater, 2-week delay (as published)",2023-10-16,2,3.63240628373104,3.68154077262645,3.78820395207275,3.9836039733527,4.43967439389079,3.82624722840674
2023-10-30,"ILI + wastewater, no delay (hypothetical)",2023-10-16,2,3.63240628373104,3.68154077262645,3.78820395207275,3.9836039733527,4.28305221716953,3.82624722840674
2023-10-30,ILI only,2023-10-23,1,3.86953295380719,3.97619613325349,4.25794653872363,4.36385868288401,4.43644804422423,3.82624722840674
2023-10-30,"ILI only, seed 2",2023-10-23,1,3.86953295380719,3.97619613325349,4.25794653872363,4.36385868288401,4.43644804422423,3.82624722840674
2023-10-30,"ILI only, seed 3",2023-10-23,1,3.86953295380719,3.97619613325349,4.25794653872363,4.36385868288401,4.43644804422423,3.82624722840674
2023-10-30,"ILI + wastewater, 2-week delay (as published)",2023-10-23,1,3.86953295380719,3.97619613325349,4.27358918576402,4.36063233321745,4.43644804422423,3.82624722840674
2023-10-30,"ILI + wastewater, no delay (hypothetical)",2023-10-23,1,3.85240392232826,3.8780247899575,4.07311597926691,4.29933454914583,4.40369967745634,3.82624722840674
2023-11-06,ILI only,2023-10-09,4,3.3378025152351,3.61446793558027,3.73342093458348,4.17566711582399,4.31054834634476,4.27402374212223
2023-11-06,"ILI only, seed 2",2023-10-09,4,3.31033717218496,3.61446793558027,3.73342093458348,4.1674203068896,4.31054834634476,4.27402374212223
2023-11-06,"ILI only, seed 3",2023-10-09,4,3.31033717218496,3.61446793558027,3.73342093458348,4.19290975270982,4.31054834634476,4.27402374212223
2023-11-06,"ILI + wastewater, 2-week delay (as published)",2023-10-09,4,3.43061952517621,3.61446793558027,3.73342093458348,4.1674203068896,4.31054834634476,4.27402374212223
2023-11-06,"ILI + wastewater, no delay (hypothetical)",2023-10-09,4,3.31033717218496,3.61446793558027,3.73342093458348,4.1674203068896,4.31054834634476,4.27402374212223
2023-11-06,ILI only,2023-10-16,3,3.56506040075854,3.6987507571014,3.71236993064635,4.09808829644661,4.52281836274515,4.27402374212223
2023-11-06,"ILI only, seed 2",2023-10-16,3,3.56506040075854,3.68711899472141,3.73339672244103,4.12360286655666,4.52281836274515,4.27402374212223
2023-11-06,"ILI only, seed 3",2023-10-16,3,3.56506040075854,3.6987507571014,3.75442351423571,4.12360286655666,4.76067159619829,4.27402374212223
2023-11-06,"ILI + wastewater, 2-week delay (as published)",2023-10-16,3,3.56506040075854,3.6987507571014,3.76046042203849,4.12360286655666,4.45832089338604,4.27402374212223
2023-11-06,"ILI + wastewater, no delay (hypothetical)",2023-10-16,3,3.56506040075854,3.68711899472141,3.71236993064635,4.08999855372328,4.20463620218438,4.27402374212223
2023-11-06,ILI only,2023-10-23,2,3.90036211182709,3.97297487219292,4.07952768924349,4.52590236681968,4.81033471669569,4.27402374212223
2023-11-06,"ILI only, seed 2",2023-10-23,2,3.90036211182709,3.97297487219292,4.08053552231777,4.52590236681968,4.81033471669569,4.27402374212223
2023-11-06,"ILI only, seed 3",2023-10-23,2,3.90036211182709,3.97297487219292,4.07952768924349,4.52590236681968,4.81033471669569,4.27402374212223
2023-11-06,"ILI + wastewater, 2-week delay (as published)",2023-10-23,2,3.93587742717755,3.99229480618046,4.12087364293711,4.52590236681968,4.75744524653173,4.27402374212223
2023-11-06,"ILI + wastewater, no delay (hypothetical)",2023-10-23,2,3.90036211182709,3.9494966007225,4.0561597801688,4.40525490653287,4.70763022198684,4.27402374212223
2023-11-06,ILI only,2023-10-30,1,3.60133533003579,3.85707638642664,3.95430136671419,4.0107187457171,4.09742940616935,4.27402374212223
2023-11-06,"ILI only, seed 2",2023-10-30,1,3.60133533003579,3.85707638642664,3.95430136671419,4.01831740173847,4.09420305650279,4.27402374212223
2023-11-06,"ILI only, seed 3",2023-10-30,1,3.60292684238686,3.85707638642664,3.95430136671419,4.03290527243117,4.09420305650279,4.27402374212223
2023-11-06,"ILI + wastewater, 2-week delay (as published)",2023-10-30,1,3.5859746456136,3.85707638642664,3.97355559621598,4.06909608138635,4.09742940616935,4.27402374212223
2023-11-06,"ILI + wastewater, no delay (hypothetical)",2023-10-30,1,3.63088586646065,3.85707638642664,3.97889723264848,4.06909608138635,4.09742940616935,4.27402374212223
2023-11-13,ILI only,2023-10-16,4,3.47560720578719,3.59588955877844,3.8404240689538,4.23340899501509,4.44415368469483,4.29796544704745
2023-11-13,"ILI only, seed 2",2023-10-16,4,3.47560720578719,3.59588955877844,3.8404240689538,4.23340899501509,4.44415368469483,4.29796544704745
2023-11-13,"ILI only, seed 3",2023-10-16,4,3.47560720578719,3.59588955877844,3.8404240689538,4.25526858732551,4.44415368469483,4.29796544704745
2023-11-13,"ILI + wastewater, 2-week delay (as published)",2023-10-16,4,3.47560720578719,3.59588955877844,3.8404240689538,4.2709112343659,4.44415368469483,4.29796544704745
2023-11-13,"ILI + wastewater, no delay (hypothetical)",2023-10-16,4,3.47560720578719,3.59588955877844,3.8404240689538,4.25526858732551,4.44415368469483,4.29796544704745
2023-11-13,ILI only,2023-10-23,3,3.74475596790033,3.83301622885459,4.02841625013454,4.44092733502827,4.67321073462892,4.29796544704745
2023-11-13,"ILI only, seed 2",2023-10-23,3,3.74475596790033,3.83301622885459,4.02841625013454,4.43406544107637,4.67321073462892,4.29796544704745
2023-11-13,"ILI only, seed 3",2023-10-23,3,3.74475596790033,3.83301622885459,4.02841625013454,4.44092733502827,4.67751746905281,4.29796544704745
2023-11-13,"ILI + wastewater, 2-week delay (as published)",2023-10-23,3,3.83301622885459,3.96670658519745,4.12034894448791,4.44092733502827,4.71627807886781,4.29796544704745
2023-11-13,"ILI + wastewater, no delay (hypothetical)",2023-10-23,3,3.83301622885459,3.85562362394682,4.02841625013454,4.43406544107637,4.67321073462892,4.29796544704745
2023-11-13,ILI only,2023-10-30,2,3.63393283511243,3.68306732400784,3.82777377978813,4.2554787308048,4.49101596981707,4.29796544704745
2023-11-13,"ILI only, seed 2",2023-10-30,2,3.63393283511243,3.68306732400784,3.82777377978813,3.98513052473409,4.44120094527218,4.29796544704745
2023-11-13,"ILI only, seed 3",2023-10-30,2,3.63393283511243,3.68306732400784,3.82777377978813,4.13882562981821,4.44120094527218,4.29796544704745
2023-11-13,"ILI + wastewater, 2-week delay (as published)",2023-10-30,2,3.63393283511243,3.68306732400784,3.82777377978813,4.25947309010502,4.49101596981707,4.29796544704745
2023-11-13,"ILI + wastewater, no delay (hypothetical)",2023-10-30,2,3.66944815046289,3.7258655294658,3.82777377978813,3.98513052473409,4.49101596981707,4.29796544704745
2023-11-13,ILI only,2023-11-06,1,3.98917052587093,4.05088019080802,4.35398738903754,4.54520591988484,4.7543209662222,4.29796544704745
2023-11-13,"ILI only, seed 2",2023-11-06,1,3.98917052587093,4.05088019080802,4.35398738903754,4.54520591988484,4.7543209662222,4.29796544704745
2023-11-13,"ILI only, seed 3",2023-11-06,1,3.98917052587093,4.05088019080802,4.35398738903754,4.54520591988484,4.7543209662222,4.29796544704745
2023-11-13,"ILI + wastewater, 2-week delay (as published)",2023-11-06,1,3.98917052587093,4.04911184375128,4.17388263504824,4.46609391545396,4.61838905816083,4.29796544704745
2023-11-13,"ILI + wastewater, no delay (hypothetical)",2023-11-06,1,3.98917052587093,4.08097007867598,4.40207788042968,4.54520591988484,4.7543209662222,4.29796544704745
2023-11-20,ILI only,2023-10-23,4,3.74356303388324,3.77102837693338,3.86384538687449,4.1550452759513,4.71210951279088,4.35606759550379
2023-11-20,"ILI only, seed 2",2023-10-23,4,3.74356303388324,3.77102837693338,3.92529136850725,4.15117810250781,4.71210951279088,4.35606759550379
2023-11-20,"ILI only, seed 3",2023-10-23,4,3.74356303388324,3.77102837693338,3.86384538687449,4.15117810250781,4.71210951279088,4.35606759550379
2023-11-20,"ILI + wastewater, 2-week delay (as published)",2023-10-23,4,3.74356303388324,3.86384538687449,4.07736520121696,4.52322441542156,4.71210951279088,4.35606759550379
2023-11-20,"ILI + wastewater, no delay (hypothetical)",2023-10-23,4,3.53873164746324,3.74356303388324,3.86384538687449,4.15117810250781,4.71210951279088,4.35606759550379
2023-11-20,ILI only,2023-10-30,3,3.56658695213993,3.70027730848279,3.76198697341988,4.099614847828,4.76219814757968,4.35606759550379
2023-11-20,"ILI only, seed 2",2023-10-30,3,3.56658695213993,3.70027730848279,3.76198697341988,4.09152510510467,4.45984744476743,4.35606759550379
2023-11-20,"ILI only, seed 3",2023-10-30,3,3.56658695213993,3.70027730848279,3.76198697341988,4.099614847828,4.45984744476743,4.35606759550379
2023-11-20,"ILI + wastewater, 2-week delay (as published)",2023-10-30,3,3.56658695213993,3.70027730848279,3.76198697341988,4.17449805831361,4.45984744476743,4.35606759550379
2023-11-20,"ILI + wastewater, no delay (hypothetical)",2023-10-30,3,3.56658695213993,3.70027730848279,3.76198697341988,4.09152510510467,4.45984744476743,4.35606759550379
2023-11-20,ILI only,2023-11-06,2,4.08170934882792,4.13084383772333,4.27555029350362,4.88897745898767,5.02550314398481,4.35606759550379
2023-11-20,"ILI only, seed 2",2023-11-06,2,4.08170934882792,4.13084383772333,4.27746627503305,4.88897745898767,5.02550314398481,4.35606759550379
2023-11-20,"ILI only, seed 3",2023-11-06,2,4.08170934882792,4.13084383772333,4.27850303292627,4.88897745898767,5.02550314398481,4.35606759550379
2023-11-20,"ILI + wastewater, 2-week delay (as published)",2023-11-06,2,4.08170934882792,4.13084383772333,4.27850303292627,4.70724960382051,5.02550314398481,4.35606759550379
2023-11-20,"ILI + wastewater, no delay (hypothetical)",2023-11-06,2,4.08170934882792,4.13084383772333,4.26087492624432,4.5866021435337,5.02550314398481,4.35606759550379
2023-11-20,ILI only,2023-11-13,1,4.01311223079615,4.1321666269278,4.46323548064968,4.64173698615028,4.74574196076294,4.35606759550379
2023-11-20,"ILI only, seed 2",2023-11-13,1,4.03153617033279,4.1321666269278,4.46323548064968,4.64173698615028,4.74574196076294,4.35606759550379
2023-11-20,"ILI only, seed 3",2023-11-13,1,4.03153617033279,4.1321666269278,4.46323548064968,4.64173698615028,4.74574196076294,4.35606759550379
2023-11-20,"ILI + wastewater, 2-week delay (as published)",2023-11-13,1,4.01311223079615,4.13876544902849,4.48243696435781,4.64173698615028,4.74574196076294,4.35606759550379
2023-11-20,"ILI + wastewater, no delay (hypothetical)",2023-11-13,1,4.0730535486765,4.18148507517954,4.48243696435781,4.64173698615028,4.74574196076294,4.35606759550379
2023-11-27,ILI only,2023-10-30,4,3.59741611015983,3.88474882579315,4.2567951387069,4.47734493132838,5.10596968668251,4.40354347813613
2023-11-27,"ILI only, seed 2",2023-10-30,4,3.59741611015983,3.88474882579315,4.27243778574729,4.47734493132838,5.10596968668251,4.40354347813613
2023-11-27,"ILI only, seed 3",2023-10-30,4,3.72030807342536,3.88474882579315,4.27243778574729,4.47734493132838,5.10596968668251,4.40354347813613
2023-11-27,"ILI + wastewater, 2-week delay (as published)",2023-10-30,4,3.72117554416528,3.88474882579315,4.27243778574729,4.47734493132838,5.10596968668251,4.40354347813613
2023-11-27,"ILI + wastewater, no delay (hypothetical)",2023-10-30,4,3.59741611015983,3.88474882579315,4.2567951387069,4.44568023607622,5.10596968668251,4.40354347813613
2023-11-27,ILI only,2023-11-06,3,3.92610320490116,4.20372657933259,4.54739136154349,4.85455797162975,5.45796610466286,4.40354347813613
2023-11-27,"ILI only, seed 2",2023-11-06,3,3.92610320490116,4.20976348713537,4.58550003572518,4.85455797162975,5.45796610466286,4.40354347813613
2023-11-27,"ILI only, seed 3",2023-11-06,3,3.92610320490116,4.16167299574323,4.54739136154349,4.85455797162975,5.45796610466286,4.40354347813613
2023-11-27,"ILI + wastewater, 2-week delay (as published)",2023-11-06,3,4.01436346585542,4.16167299574323,4.53930161882016,4.85455797162975,5.45796610466286,4.40354347813613
2023-11-27,"ILI + wastewater, no delay (hypothetical)",2023-11-06,3,4.01436346585542,4.16167299574323,4.53930161882016,4.72332680721911,5.36927468308764,4.40354347813613
2023-11-27,ILI only,2023-11-13,2,4.11688977454743,4.26144872209485,4.76968366568816,4.96273418845778,5.21072563182547,4.40354347813613
2023-11-27,"ILI only, seed 2",2023-11-13,2,4.10565105375314,4.26144872209485,4.76968366568816,4.96273418845778,5.21072563182547,4.40354347813613
2023-11-27,"ILI only, seed 3",2023-11-13,2,4.12198823528654,4.26144872209485,4.76968366568816,4.96273418845778,5.21072563182547,4.40354347813613
2023-11-27,"ILI + wastewater, 2-week delay (as published)",2023-11-13,2,4.1411663691036,4.26144872209485,4.76968366568816,4.96273418845778,5.21072563182547,4.40354347813613
2023-11-27,"ILI + wastewater, no delay (hypothetical)",2023-11-13,2,4.11688977454743,4.25396622931912,4.72919412909562,4.91291916391289,5.04944484891003,4.40354347813613
2023-11-27,ILI only,2023-11-20,1,4.07121437925249,4.14141588033989,4.41416974396013,4.6272497732664,4.83636481960376,4.40354347813613
2023-11-27,"ILI only, seed 2",2023-11-20,1,4.07121437925249,4.14141588033989,4.41416974396013,4.6272497732664,4.83636481960376,4.40354347813613
2023-11-27,"ILI only, seed 3",2023-11-20,1,4.07121437925249,4.14141588033989,4.41416974396013,4.6272497732664,4.83636481960376,4.40354347813613
2023-11-27,"ILI + wastewater, 2-week delay (as published)",2023-11-20,1,4.07121437925249,4.14141588033989,4.4360312424191,4.6272497732664,4.83636481960376,4.40354347813613
2023-11-27,"ILI + wastewater, no delay (hypothetical)",2023-11-20,1,4.07121437925249,4.14265566892363,4.41416974396013,4.62402342359984,4.81715816438724,4.40354347813613
2023-12-04,ILI only,2023-11-06,4,3.92491027088407,4.16895205788077,4.70457165242239,4.92512144504387,5.93826332876283,4.34730578194549
2023-12-04,"ILI only, seed 2",2023-11-06,4,3.92491027088407,4.1892016037144,4.72021429946278,4.92512144504387,5.93826332876283,4.34730578194549
2023-12-04,"ILI only, seed 3",2023-11-06,4,3.92491027088407,4.1892016037144,4.70457165242239,4.92512144504387,5.93826332876283,4.34730578194549
2023-12-04,"ILI + wastewater, 2-week delay (as published)",2023-11-06,4,3.92491027088407,4.22904103427938,4.78199340558871,4.89345674979171,5.93826332876283,4.34730578194549
2023-12-04,"ILI + wastewater, no delay (hypothetical)",2023-11-06,4,3.92491027088407,4.1892016037144,4.78199340558871,4.92512144504387,5.93826332876283,4.34730578194549
2023-12-04,ILI only,2023-11-13,3,4.03830517078064,4.18561470066845,4.67788097220648,5.39321638801286,5.48190780958808,4.34730578194549
2023-12-04,"ILI only, seed 2",2023-11-13,3,4.03830517078064,4.22766828425781,4.64621627695432,5.39321638801286,5.48190780958808,4.34730578194549
2023-12-04,"ILI only, seed 3",2023-11-13,3,4.03830517078064,4.22766828425781,4.64621627695432,5.23391636622039,5.48190780958808,4.34730578194549
2023-12-04,"ILI + wastewater, 2-week delay (as published)",2023-11-13,3,4.04632331107887,4.28356635017527,4.67788097220648,5.23391636622039,5.48190780958808,4.34730578194549
2023-12-04,"ILI + wastewater, no delay (hypothetical)",2023-11-13,3,4.03830517078064,4.18561470066845,4.64621627695432,5.23391636622039,5.39321638801286,4.34730578194549
2023-12-04,ILI only,2023-11-20,2,4.16375320220948,4.21288769110489,4.51495089183114,5.02083633691412,5.10754699736637,4.34730578194549
2023-12-04,"ILI only, seed 2",2023-11-20,2,4.16375320220948,4.19926851755994,4.43811144888535,5.02083633691412,5.10754699736637,4.34730578194549
2023-12-04,"ILI only, seed 3",2023-11-20,2,4.16375320220948,4.21288769110489,4.51495089183114,5.02083633691412,5.10754699736637,4.34730578194549
2023-12-04,"ILI + wastewater, 2-week delay (as published)",2023-11-20,2,4.16375320220948,4.22279877344662,4.8277858141445,5.02083633691412,5.10754699736637,4.34730578194549
2023-12-04,"ILI + wastewater, no delay (hypothetical)",2023-11-20,2,4.16375320220948,4.19926851755994,4.43811144888535,5.02083633691412,5.10754699736637,4.34730578194549
2023-12-04,ILI only,2023-11-27,1,4.13711420142147,4.24434348011717,4.45101936076847,4.67472565589874,4.85131999185162,4.34730578194549
2023-12-04,"ILI only, seed 2",2023-11-27,1,4.13711420142147,4.23774465801648,4.45101936076847,4.67149930623218,4.74731501723896,4.34730578194549
2023-12-04,"ILI only, seed 3",2023-11-27,1,4.13711420142147,4.24434348011717,4.45101936076847,4.67472565589874,4.74731501723896,4.34730578194549
2023-12-04,"ILI + wastewater, 2-week delay (as published)",2023-11-27,1,4.17863157976518,4.30340237106214,4.46164562659247,4.67472565589874,4.85131999185162,4.34730578194549
2023-12-04,"ILI + wastewater, no delay (hypothetical)",2023-11-27,1,4.13711420142147,4.30340237106214,4.45101936076847,4.67472565589874,4.86655471254124,4.34730578194549
2023-12-11,ILI only,2023-11-13,4,3.97631731885943,4.28265414314301,4.80593511051393,5.4571537016507,5.96220503368805,4.46083781509817
2023-12-11,"ILI only, seed 2",2023-11-13,4,3.94885197580929,4.28265414314301,4.80593511051393,5.57768790532322,5.96220503368805,4.46083781509817
2023-12-11,"ILI only, seed 3",2023-11-13,4,3.97631731885943,4.28265414314301,4.80593511051393,5.4571537016507,5.96220503368805,4.46083781509817
2023-12-11,"ILI + wastewater, 2-week delay (as published)",2023-11-13,4,3.97357078455442,4.30542386252469,4.9071269715343,5.4571537016507,5.96220503368805,4.46083781509817
2023-12-11,"ILI + wastewater, no delay (hypothetical)",2023-11-13,4,3.94885197580929,4.2529827392046,4.80593511051393,5.18952284888991,5.96220503368805,4.46083781509817
2023-12-11,ILI only,2023-11-20,3,4.10442545953521,4.41592726064206,4.78431643934802,5.4513185364692,5.54000995804442,4.46083781509817
2023-12-11,"ILI only, seed 2",2023-11-20,3,4.10442545953521,4.41592726064206,4.80537066060067,5.4513185364692,5.54000995804442,4.46083781509817
2023-12-11,"ILI only, seed 3",2023-11-20,3,4.10442545953521,4.41592726064206,4.88588796260084,5.4513185364692,5.54000995804442,4.46083781509817
2023-12-11,"ILI + wastewater, 2-week delay (as published)",2023-11-20,3,4.23009767557984,4.62134547220172,5.17309189795016,5.4513185364692,5.54000995804442,4.46083781509817
2023-12-11,"ILI + wastewater, no delay (hypothetical)",2023-11-20,3,4.09640731923698,4.41592726064206,4.73598312066282,5.4513185364692,5.54000995804442,4.46083781509817
2023-12-11,ILI only,2023-11-27,2,4.22246780563611,4.30316177919519,4.56242677446348,5.06831221954646,5.15502287999871,4.46083781509817
2023-12-11,"ILI only, seed 2",2023-11-27,2,4.22055429029479,4.30316177919519,4.56242677446348,5.06831221954646,5.15502287999871,4.46083781509817
2023-12-11,"ILI only, seed 3",2023-11-27,2,4.22055429029479,4.30316177919519,4.51531724812481,5.06831221954646,5.15502287999871,4.46083781509817
2023-12-11,"ILI + wastewater, 2-week delay (as published)",2023-11-27,2,4.22756626637522,4.39039466225822,5.01849719500157,5.06831221954646,5.15502287999871,4.46083781509817
2023-12-11,"ILI + wastewater, no delay (hypothetical)",2023-11-27,2,4.22246780563611,4.30316177919519,4.52151298702482,5.06831221954646,5.15502287999871,4.46083781509817
2023-12-11,ILI only,2023-12-04,1,4.12416223063128,4.29106808575485,4.39478166457783,4.63382221724466,4.82760300604546,4.46083781509817
2023-12-11,"ILI only, seed 2",2023-12-04,1,4.12416223063128,4.29106808575485,4.39478166457783,4.6184879597081,4.82760300604546,4.46083781509817
2023-12-11,"ILI only, seed 3",2023-12-04,1,4.12416223063128,4.29106808575485,4.39478166457783,4.63382221724466,4.82760300604546,4.46083781509817
2023-12-11,"ILI + wastewater, 2-week delay (as published)",2023-12-04,1,4.12416223063128,4.29106808575485,4.39478166457783,4.6184879597081,4.82760300604546,4.46083781509817
2023-12-11,"ILI + wastewater, no delay (hypothetical)",2023-12-04,1,4.1519444199994,4.29106808575485,4.47535992025294,4.69107732104832,4.82760300604546,4.46083781509817
2023-12-18,ILI only,2023-11-20,4,4.00695412426563,4.27124545709596,4.86403725897027,5.63579005377956,6.02030718214439,4.59552380893629
2023-12-18,"ILI only, seed 2",2023-11-20,4,4.00695412426563,4.27124545709596,4.82931236552589,5.63579005377956,6.02030718214439,4.59552380893629
2023-12-18,"ILI only, seed 3",2023-11-20,4,4.00695412426563,4.27124545709596,4.86403725897027,5.63579005377956,6.02030718214439,4.59552380893629
2023-12-18,"ILI + wastewater, 2-week delay (as published)",2023-11-20,4,4.00695412426563,4.34075629159935,4.9706406942029,5.63579005377956,6.02030718214439,4.59552380893629
2023-12-18,"ILI + wastewater, no delay (hypothetical)",2023-11-20,4,3.99200273516243,4.27124545709596,4.86403725897027,5.63579005377956,6.02030718214439,4.59552380893629
2023-12-18,ILI only,2023-11-27,3,4.04446063512886,4.38914438126395,4.751794308043,5.49879441910154,5.58748584067676,4.59552380893629
2023-12-18,"ILI only, seed 2",2023-11-27,3,4.04446063512886,4.43121591750264,4.751794308043,5.49879441910154,5.58748584067676,4.59552380893629
2023-12-18,"ILI only, seed 3",2023-11-27,3,4.04446063512886,4.43121591750264,4.751794308043,5.49879441910154,5.58748584067676,4.59552380893629
2023-12-18,"ILI + wastewater, 2-week delay (as published)",2023-11-27,3,4.14388320186932,4.4634031432744,4.93336384523318,5.49879441910154,5.58748584067676,4.59552380893629
2023-12-18,"ILI + wastewater, no delay (hypothetical)",2023-11-27,3,4.04446063512886,4.43121591750264,4.751794308043,5.49879441910154,5.58748584067676,4.59552380893629
2023-12-18,ILI only,2023-12-04,2,4.091283054281,4.24692408300455,4.42934963532705,5.01207452335582,5.09878518380807,4.59552380893629
2023-12-18,"ILI only, seed 2",2023-12-04,2,4.07021348373341,4.24692408300455,4.42934963532705,5.00046652416067,5.09878518380807,4.59552380893629
2023-12-18,"ILI only, seed 3",2023-12-04,2,4.06897966115127,4.24692408300455,4.3755029197612,4.96225949881093,5.09878518380807,4.59552380893629
2023-12-18,"ILI + wastewater, 2-week delay (as published)",2023-12-04,2,4.15499138865118,4.24692408300455,4.50618907827284,5.01207452335582,5.26006596672351,4.59552380893629
2023-12-18,"ILI + wastewater, no delay (hypothetical)",2023-12-04,2,4.17132857018458,4.33854396838719,4.50618907827284,5.01207452335582,5.26006596672351,4.59552380893629
2023-12-18,ILI only,2023-12-11,1,4.17598459884687,4.36069670802418,4.57436984825085,4.77186098743311,5.02982646077336,4.59552380893629
2023-12-18,"ILI only, seed 2",2023-12-11,1,4.17598459884687,4.36069670802418,4.57436984825085,4.77186098743311,5.02982646077336,4.59552380893629
2023-12-18,"ILI only, seed 3",2023-12-11,1,4.17598459884687,4.36069670802418,4.57436984825085,4.77186098743311,5.02982646077336,4.59552380893629
2023-12-18,"ILI + wastewater, 2-week delay (as published)",2023-12-11,1,4.17598459884687,4.40460011890753,4.57436984825085,4.74735425039734,5.02982646077336,4.59552380893629
2023-12-18,"ILI + wastewater, no delay (hypothetical)",2023-12-11,1,4.19440853838351,4.40460011890753,4.57436984825085,4.77186098743311,5.02982646077336,4.59552380893629
2023-12-25,ILI only,2023-11-27,4,4.03947861779477,4.29847179389467,4.4815497356113,5.05464118105777,6.06778306477673,4.22009576752766
2023-12-25,"ILI only, seed 2",2023-11-27,4,4.03947861779477,4.29847179389467,4.55581977372012,5.05464118105777,6.06778306477673,4.22009576752766
2023-12-25,"ILI only, seed 3",2023-11-27,4,4.03947861779477,4.29847179389467,4.4815497356113,5.02297648580561,6.06778306477673,4.22009576752766
2023-12-25,"ILI + wastewater, 2-week delay (as published)",2023-11-27,4,4.05443000689797,4.29847179389467,4.91151314160261,5.05464118105777,6.06778306477673,4.22009576752766
2023-12-25,"ILI + wastewater, no delay (hypothetical)",2023-11-27,4,3.84959862047797,4.29760432315475,4.66693456851852,5.05464118105777,6.06778306477673,4.22009576752766
2023-12-25,ILI only,2023-12-04,3,3.97596720823849,4.23495503556649,4.62067340136675,5.28325670111843,5.4425567229109,4.22009576752766
2023-12-25,"ILI only, seed 2",2023-12-04,3,3.97596720823849,4.23247850885447,4.62067340136675,5.28325670111843,5.4425567229109,4.22009576752766
2023-12-25,"ILI only, seed 3",2023-12-04,3,3.97596720823849,4.23495503556649,4.62067340136675,5.28325670111843,5.53124814448612,4.22009576752766
2023-12-25,"ILI + wastewater, 2-week delay (as published)",2023-12-04,3,3.97596720823849,4.28304552695863,4.69555661185236,5.28325670111843,5.53124814448612,4.22009576752766
2023-12-25,"ILI + wastewater, no delay (hypothetical)",2023-12-04,3,3.98822293893822,4.374978221312,4.62067340136675,5.28325670111843,5.4425567229109,4.22009576752766
2023-12-25,ILI only,2023-12-11,2,4.05206452657192,4.28486060333726,4.45207600153987,4.53788784795813,5.11399855731335,4.22009576752766
2023-12-25,"ILI only, seed 2",2023-12-11,2,4.13471039610611,4.28486060333726,4.45207600153987,4.54288166847973,5.11399855731335,4.22009576752766
2023-12-25,"ILI only, seed 3",2023-12-11,2,4.13471039610611,4.27976214259815,4.45207600153987,4.53913630308853,5.1256065565085,4.22009576752766
2023-12-25,"ILI + wastewater, 2-week delay (as published)",2023-12-11,2,4.13471039610611,4.28486060333726,4.46531710590221,4.642185052099,5.21231721696075,4.22009576752766
2023-12-25,"ILI + wastewater, no delay (hypothetical)",2023-12-11,2,4.05206452657192,4.28486060333726,4.46236436647956,4.54974065032749,5.07579153196361,4.22009576752766
2023-12-25,ILI only,2023-12-18,1,4.03101445406514,4.23196167512498,4.53928611274565,4.74817381317803,4.88204024423546,4.22009576752766
2023-12-25,"ILI only, seed 2",2023-12-18,1,4.03101445406514,4.23196167512498,4.53928611274565,4.74817381317803,4.8667059866989,4.22009576752766
2023-12-25,"ILI only, seed 3",2023-12-18,1,4.03101445406514,4.23196167512498,4.53928611274565,4.73020980277441,4.8667059866989,4.22009576752766
2023-12-25,"ILI + wastewater, 2-week delay (as published)",2023-12-18,1,4.03101445406514,4.23196167512498,4.62718633625885,4.80218185296072,4.88204024423546,4.22009576752766
2023-12-25,"ILI + wastewater, no delay (hypothetical)",2023-12-18,1,4.03101445406514,4.31067059268499,4.63295852375554,4.77999532624665,4.86347963703234,4.22009576752766
2024-01-01,ILI only,2023-12-04,4,3.77037924134879,4.11400326350224,4.33199447804105,4.82055055196759,4.99840348486713,4.28757858313017
2024-01-01,"ILI only, seed 2",2023-12-04,4,3.61240507442718,4.06653659858388,4.26248364353766,4.49958207752948,4.99840348486713,4.28757858313017
2024-01-01,"ILI only, seed 3",2023-12-04,4,3.70109825613696,4.10058906291321,4.33199447804105,4.76145899801284,4.99840348486713,4.28757858313017
2024-01-01,"ILI + wastewater, 2-week delay (as published)",2023-12-04,4,3.77037924134879,4.06653659858388,4.33199447804105,4.86352225434636,5.62702824022126,4.28757858313017
2024-01-01,"ILI + wastewater, no delay (hypothetical)",2023-12-04,4,3.71315810161551,4.03673603636271,4.33199447804105,4.82055055196759,5.62702824022126,4.28757858313017
2024-01-01,ILI only,2023-12-11,3,3.87523043011745,4.1017549720909,4.51017814999621,4.73420543451943,5.39678873427111,4.28757858313017
2024-01-01,"ILI only, seed 2",2023-12-11,3,3.92129846952595,4.1017549720909,4.51017814999621,4.70464289269299,5.39678873427111,4.28757858313017
2024-01-01,"ILI only, seed 3",2023-12-11,3,3.92129846952595,4.1017549720909,4.51017814999621,4.73420543451943,5.18272082416332,4.28757858313017
2024-01-01,"ILI + wastewater, 2-week delay (as published)",2023-12-11,3,3.87523043011745,4.08949924139117,4.52069748023644,4.77231410870112,5.55608875606358,4.28757858313017
2024-01-01,"ILI + wastewater, no delay (hypothetical)",2023-12-11,3,3.87523043011745,4.1017549720909,4.52069748023644,4.70464289269299,5.04137204460569,4.28757858313017
2024-01-01,ILI only,2023-12-18,2,4.18675052041004,4.41253462109495,4.60000309974033,4.68442664416561,5.067242027577,4.28757858313017
2024-01-01,"ILI only, seed 2",2023-12-18,2,4.18675052041004,4.41253462109495,4.60000309974033,4.67928240777979,5.02475531133435,4.28757858313017
2024-01-01,"ILI only, seed 3",2023-12-18,2,4.18675052041004,4.41253462109495,4.60000309974033,4.68442664416561,5.02475531133435,4.28757858313017
2024-01-01,"ILI + wastewater, 2-week delay (as published)",2023-12-18,2,4.19605122812419,4.41954659717538,4.623720946752,4.68442664416561,5.0346902484772,4.28757858313017
2024-01-01,"ILI + wastewater, no delay (hypothetical)",2023-12-18,2,4.18675052041004,4.41253462109495,4.60000309974033,4.67756766231785,5.02475531133435,4.28757858313017
2024-01-01,ILI only,2023-12-25,1,3.84466772611903,3.85653363371635,4.18397703437238,4.40456728483802,4.49281137104393,4.28757858313017
2024-01-01,"ILI only, seed 2",2023-12-25,1,3.84466772611903,3.85653363371635,4.20395144440737,4.40456728483802,4.50661220282683,4.28757858313017
2024-01-01,"ILI only, seed 3",2023-12-25,1,3.84466772611903,3.85653363371635,4.20224334304027,4.40456728483802,4.50661220282683,4.28757858313017
2024-01-01,"ILI + wastewater, 2-week delay (as published)",2023-12-25,1,3.84466772611903,3.85653363371635,4.25175829485022,4.40456728483802,4.50661220282683,4.28757858313017
2024-01-01,"ILI + wastewater, no delay (hypothetical)",2023-12-25,1,3.84466772611903,3.85653363371635,4.16770677175771,4.40456728483802,4.48805159562371,4.28757858313017
2024-01-08,ILI only,2023-12-11,4,3.90689295744001,4.11172434386001,4.37601567669034,4.49123096611283,4.97705428749904,4.73400305783106
2024-01-08,"ILI only, seed 2",2023-12-11,4,3.90689295744001,4.13918968691015,4.37601567669034,4.49123096611283,4.97705428749904,4.73400305783106
2024-01-08,"ILI only, seed 3",2023-12-11,4,3.90689295744001,4.13918968691015,4.37601567669034,4.49123096611283,4.97705428749904,4.73400305783106
2024-01-08,"ILI + wastewater, 2-week delay (as published)",2023-12-11,4,3.90689295744001,4.13918968691015,4.37601567669034,4.49123096611283,4.97705428749904,4.73400305783106
2024-01-08,"ILI + wastewater, no delay (hypothetical)",2023-12-11,4,4.09677295475681,4.23200669685126,4.44552651119373,4.53411985492143,5.03813406482756,4.73400305783106
2024-01-08,ILI only,2023-12-18,3,4.05598446336407,4.23644096592902,4.45792212663235,4.78750413973645,4.94377463884316,4.73400305783106
2024-01-08,"ILI only, seed 2",2023-12-18,3,4.05598446336407,4.22418523522929,4.45792212663235,4.78750413973645,4.94377463884316,4.73400305783106
2024-01-08,"ILI only, seed 3",2023-12-18,3,4.05598446336407,4.22418523522929,4.45792212663235,4.78750413973645,4.94377463884316,4.73400305783106
2024-01-08,"ILI + wastewater, 2-week delay (as published)",2023-12-18,3,4.05386455703503,4.22418523522929,4.45792212663235,4.78750413973645,4.94377463884316,4.73400305783106
2024-01-08,"ILI + wastewater, no delay (hypothetical)",2023-12-18,3,4.00883455970436,4.22418523522929,4.47326695570921,4.80081275086234,4.94377463884316,4.73400305783106
2024-01-08,ILI only,2023-12-25,2,3.8939683485356,3.97935371995715,4.13318395742217,4.37897906385501,4.69181398616837,4.73400305783106
2024-01-08,"ILI only, seed 2",2023-12-25,2,3.8939683485356,3.97935371995715,4.20694695164975,4.46831379451846,4.69181398616837,4.73400305783106
2024-01-08,"ILI only, seed 3",2023-12-25,2,3.81132247900141,3.97935371995715,4.20964436934669,4.46831379451846,4.69181398616837,4.73400305783106
2024-01-08,"ILI + wastewater, 2-week delay (as published)",2023-12-25,2,3.81132247900141,3.97935371995715,4.13318395742217,4.31125084088074,4.65926220706857,4.73400305783106
2024-01-08,"ILI + wastewater, no delay (hypothetical)",2023-12-25,2,3.81132247900141,3.94176964673344,4.08682694547049,4.31125084088074,4.65926220706857,4.73400305783106
2024-01-08,ILI only,2024-01-01,1,3.88500992889346,4.07416665655001,4.27143426000988,4.35506139873268,4.44149059030796,4.73400305783106
2024-01-08,"ILI only, seed 2",2024-01-01,1,3.88500992889346,4.07416665655001,4.27143426000988,4.35506139873268,4.46703685951411,4.73400305783106
2024-01-08,"ILI only, seed 3",2024-01-01,1,3.88500992889346,4.07416665655001,4.31152028805539,4.40111061628285,4.44022858737191,4.73400305783106
2024-01-08,"ILI + wastewater, 2-week delay (as published)",2024-01-01,1,3.88500992889346,4.07416665655001,4.31924111045273,4.40111061628285,4.47205010044053,4.73400305783106
2024-01-08,"ILI + wastewater, no delay (hypothetical)",2024-01-01,1,3.88500992889346,4.09221722118408,4.32501329794942,4.44022858737191,4.63194389916877,4.73400305783106
2024-01-15,ILI only,2023-12-18,4,3.86062310141798,4.27387568074827,4.51070167052846,4.63294407154389,4.85891489931868,4.86283109932786
2024-01-15,"ILI only, seed 2",2023-12-18,4,3.86062310141798,4.27387568074827,4.51070167052846,4.62591695995095,4.85891489931868,4.86283109932786
2024-01-15,"ILI only, seed 3",2023-12-18,4,3.86062310141798,4.27387568074827,4.51070167052846,4.62591695995095,4.85891489931868,4.86283109932786
2024-01-15,"ILI + wastewater, 2-week delay (as published)",2023-12-18,4,3.86062310141798,4.24641033769813,4.48958465395491,4.61057213087409,4.83498002236879,4.86283109932786
2024-01-15,"ILI + wastewater, no delay (hypothetical)",2023-12-18,4,3.84973289489092,4.27387568074827,4.51070167052846,4.62591695995095,4.83498002236879,4.86283109932786
2024-01-15,ILI only,2023-12-25,3,3.68055642195544,3.84875719382066,4.20569667065548,4.49346338694892,4.74991613462471,4.86283109932786
2024-01-15,"ILI only, seed 2",2023-12-25,3,3.68055642195544,3.84875719382066,4.1558355125408,4.49346338694892,5.1560466867006,4.86283109932786
2024-01-15,"ILI only, seed 3",2023-12-25,3,3.68055642195544,3.84875719382066,4.24776820689417,4.49346338694892,5.1560466867006,4.86283109932786
2024-01-15,"ILI + wastewater, 2-week delay (as published)",2023-12-25,3,3.68055642195544,3.84875719382066,4.09783891430058,4.46390084512248,4.56834659743453,4.86283109932786
2024-01-15,"ILI + wastewater, no delay (hypothetical)",2023-12-25,3,3.68055642195544,3.84875719382066,4.1558355125408,4.46390084512248,4.74991613462471,4.86283109932786
2024-01-15,ILI only,2024-01-01,2,3.86690254752918,3.97963335732405,4.11160137136926,4.27442976725226,4.53579661012097,4.86283109932786
2024-01-15,"ILI only, seed 2",2024-01-01,2,3.86690254752918,3.96145116413811,4.11160137136926,4.27881676957187,4.53579661012097,4.86283109932786
2024-01-15,"ILI only, seed 3",2024-01-01,2,3.86690254752918,3.97963335732405,4.11160137136926,4.27881676957187,4.72674502267108,4.86283109932786
2024-01-15,"ILI + wastewater, 2-week delay (as published)",2024-01-01,2,3.86690254752918,3.97963335732405,4.11160137136926,4.27881676957187,4.53579661012097,4.86283109932786
2024-01-15,"ILI + wastewater, no delay (hypothetical)",2024-01-01,2,3.86690254752918,3.97963335732405,4.11160137136926,4.31577572094588,4.53579661012097,4.86283109932786
2024-01-15,ILI only,2024-01-08,1,4.35857501642243,4.51935134266716,4.75794476275628,4.94066110185549,5.07777459693389,4.86283109932786
2024-01-15,"ILI only, seed 2",2024-01-08,1,4.35857501642243,4.51935134266716,4.75794476275628,4.94066110185549,5.07777459693389,4.86283109932786
2024-01-15,"ILI only, seed 3",2024-01-08,1,4.35857501642243,4.51935134266716,4.69788432467578,4.94066110185549,5.07777459693389,4.86283109932786
2024-01-15,"ILI + wastewater, 2-week delay (as published)",2024-01-08,1,4.35857501642243,4.51935134266716,4.76566558515362,4.94066110185549,5.07777459693389,4.86283109932786
2024-01-15,"ILI + wastewater, no delay (hypothetical)",2024-01-08,1,4.32947134535036,4.44914984157976,4.5748030598121,4.94066110185549,5.18042753253195,4.86283109932786
2024-01-22,ILI only,2023-12-25,4,3.48519506000935,3.6661509098695,4.23514408946546,4.38296813557838,4.79739201725705,4.87489193306288
2024-01-22,"ILI only, seed 2",2023-12-25,4,3.48519506000935,3.6661509098695,4.23579915945611,4.48348685791005,4.80111970215403,4.87489193306288
2024-01-22,"ILI only, seed 3",2023-12-25,4,3.48519506000935,3.6661509098695,4.23514408946546,4.45955198096016,4.79739201725705,4.87489193306288
2024-01-22,"ILI + wastewater, 2-week delay (as published)",2023-12-25,4,3.47430485348229,3.6661509098695,4.20478446362322,4.37237206311165,4.73631223992853,4.87489193306288
2024-01-22,"ILI + wastewater, no delay (hypothetical)",2023-12-25,4,3.3995401113268,3.6661509098695,4.23514408946546,4.37237206311165,4.73631223992853,4.87489193306288
2024-01-22,ILI only,2024-01-01,3,3.70197119814945,3.91624000942317,4.16532172990309,4.51727862023187,4.56094620255143,4.87489193306288
2024-01-22,"ILI only, seed 2",2024-01-01,3,3.70197119814945,3.91624000942317,4.16532172990309,4.51727862023187,4.56094620255143,4.87489193306288
2024-01-22,"ILI only, seed 3",2024-01-01,3,3.69115255563734,3.91624000942317,4.16532172990309,4.51727862023187,4.59905487673312,4.87489193306288
2024-01-22,"ILI + wastewater, 2-week delay (as published)",2024-01-01,3,3.6710789120463,3.91624000942317,4.16532172990309,4.51727862023187,4.56094620255143,4.87489193306288
2024-01-22,"ILI + wastewater, no delay (hypothetical)",2024-01-01,3,3.70197119814945,3.9284957401229,4.22331832814331,4.51727862023187,4.59905487673312,4.87489193306288
2024-01-22,ILI only,2024-01-08,2,4.32522976930481,4.42605783202494,4.72085424195315,4.81604691121262,5.16323456022912,4.87489193306288
2024-01-22,"ILI only, seed 2",2024-01-08,2,4.16978956064701,4.42605783202494,4.72085424195315,4.81604691121262,5.16323456022912,4.87489193306288
2024-01-22,"ILI only, seed 3",2024-01-08,2,4.3129199824423,4.42605783202494,4.72085424195315,4.81604691121262,5.16323456022912,4.87489193306288
2024-01-22,"ILI + wastewater, 2-week delay (as published)",2024-01-08,2,4.16978956064701,4.40894032409059,4.55802584607015,4.81105309069102,5.16323456022912,4.87489193306288
2024-01-22,"ILI + wastewater, no delay (hypothetical)",2024-01-08,2,4.16978956064701,4.407875638839,4.55802584607015,4.81105309069102,5.16323456022912,4.87489193306288
2024-01-22,ILI only,2024-01-15,1,4.49926896551655,4.69703227920821,4.86502168886323,5.06948914335229,5.20660263843069,4.87489193306288
2024-01-22,"ILI only, seed 2",2024-01-15,1,4.49926896551655,4.6494191727477,4.74635072745995,5.02810113293009,5.20660263843069,4.87489193306288
2024-01-22,"ILI only, seed 3",2024-01-15,1,4.49926896551655,4.6494191727477,4.74507589053275,4.99751709316598,5.1550730450074,4.87489193306288
2024-01-22,"ILI + wastewater, 2-week delay (as published)",2024-01-15,1,4.49926896551655,4.6494191727477,4.89449362665042,5.0154811035696,5.20660263843069,4.87489193306288
2024-01-22,"ILI + wastewater, no delay (hypothetical)",2024-01-15,1,4.49926896551655,4.69703227920821,4.99165914082466,5.10567995230747,5.31060761304335,4.87489193306288
2024-01-29,ILI only,2024-01-01,4,3.67050574016996,4.1041308725217,4.22785138431485,4.36086062295343,4.80379505553104,4.97990113472639
2024-01-29,"ILI only, seed 2",2024-01-01,4,3.71065204253347,4.18163942814879,4.22785138431485,4.36086062295343,4.80379505553104,4.97990113472639
2024-01-29,"ILI only, seed 3",2024-01-01,4,3.71065204253347,4.16226228924202,4.22785138431485,4.36086062295343,4.80379505553104,4.97990113472639
2024-01-29,"ILI + wastewater, 2-week delay (as published)",2024-01-01,4,3.65343090280019,4.1041308725217,4.22785138431485,4.36558484060534,4.80379505553104,4.97990113472639
2024-01-29,"ILI + wastewater, no delay (hypothetical)",2024-01-01,4,3.90629845065148,4.18250689888871,4.30262690506797,4.36558484060534,4.86487483285956,4.97990113472639
2024-01-29,ILI only,2024-01-08,3,4.19446371225884,4.37492021482379,4.59640137552712,4.87488023340299,5.04547935143401,4.97990113472639
2024-01-29,"ILI only, seed 2",2024-01-08,3,4.19446371225884,4.37492021482379,4.60679304341323,4.92598338863122,5.04547935143401,4.97990113472639
2024-01-29,"ILI only, seed 3",2024-01-08,3,4.19446371225884,4.37492021482379,4.60988967125555,4.92276734284721,5.04547935143401,4.97990113472639
2024-01-29,"ILI + wastewater, 2-week delay (as published)",2024-01-08,3,4.11750338674719,4.37492021482379,4.59640137552712,4.87248230672583,5.04547935143401,4.97990113472639
2024-01-29,"ILI + wastewater, no delay (hypothetical)",2024-01-08,3,4.14839567285034,4.36266448412406,4.59640137552712,4.87248230672583,5.04547935143401,4.97990113472639
2024-01-29,ILI only,2024-01-15,2,4.46335851851576,4.5367036803358,4.82631437437526,4.93988113218782,5.29206260172592,4.97990113472639
2024-01-29,"ILI only, seed 2",2024-01-15,2,4.46335851851576,4.5367036803358,4.76244940038692,4.93988113218782,5.04417833632869,4.97990113472639
2024-01-29,"ILI only, seed 3",2024-01-15,2,4.46335851851576,4.5367036803358,4.82631437437526,4.93988113218782,5.29206260172592,4.97990113472639
2024-01-29,"ILI + wastewater, 2-week delay (as published)",2024-01-15,2,4.45405781080161,4.5367036803358,4.68685388756695,4.93988113218782,5.29206260172592,4.97990113472639
2024-01-29,"ILI + wastewater, no delay (hypothetical)",2024-01-15,2,4.46335851851576,4.5367036803358,4.85406928576956,4.95173393455718,5.37673838963126,4.97990113472639
2024-01-29,ILI only,2024-01-22,1,4.60846265634822,4.70909311294323,4.85874760994259,5.00371997455968,5.14760753657915,4.97990113472639
2024-01-29,"ILI only, seed 2",2024-01-22,1,4.60846265634822,4.70909311294323,4.85874760994259,5.00371997455968,5.14607411082549,4.97990113472639
2024-01-29,"ILI only, seed 3",2024-01-22,1,4.60846265634822,4.70909311294323,4.8869527667979,5.00371997455968,5.14607411082549,4.97990113472639
2024-01-29,"ILI + wastewater, 2-week delay (as published)",2024-01-22,1,4.59003871681158,4.71569193504392,4.8869527667979,5.00371997455968,5.14607411082549,4.97990113472639
2024-01-29,"ILI + wastewater, no delay (hypothetical)",2024-01-22,1,4.51132979925157,4.66148000648272,4.75841156119497,5.00371997455968,5.11774078604249,4.97990113472639
2024-02-05,ILI only,2024-01-08,4,3.9134474016302,4.3699381974897,4.62806390284968,4.76439620884572,5.00716830056395,4.90215881776017
2024-02-05,"ILI only, seed 2",2024-01-08,4,3.99910235031275,4.3699381974897,4.62806390284968,4.76439620884572,5.00716830056395,4.90215881776017
2024-02-05,"ILI only, seed 3",2024-01-08,4,3.9134474016302,4.3699381974897,4.62806390284968,4.76439620884572,5.00716830056395,4.90215881776017
2024-02-05,"ILI + wastewater, 2-week delay (as published)",2024-01-08,4,3.87723080395405,4.18065653506857,4.62806390284968,4.76439620884572,4.99739414821345,4.90215881776017
2024-02-05,"ILI + wastewater, no delay (hypothetical)",2024-01-08,4,3.9134474016302,4.18065653506857,4.62806390284968,4.76439620884572,4.99739414821345,4.90215881776017
2024-02-05,ILI only,2024-01-15,3,4.32329175375564,4.34560330972065,4.68957186735986,4.9121714342259,5.10663617692268,4.90215881776017
2024-02-05,"ILI only, seed 2",2024-01-15,3,4.32329175375564,4.34560330972065,4.60317082306105,4.798570844341,5.10663617692268,4.90215881776017
2024-02-05,"ILI only, seed 3",2024-01-15,3,4.32329175375564,4.32329175375564,4.60317082306105,4.9121714342259,5.10663617692268,4.90215881776017
2024-02-05,"ILI + wastewater, 2-week delay (as published)",2024-01-15,3,3.97219432546465,4.32329175375564,4.51491056210679,4.79253393653822,5.09253113642956,4.90215881776017
2024-02-05,"ILI + wastewater, no delay (hypothetical)",2024-01-15,3,3.97219432546465,4.32329175375564,4.51491056210679,5.00131034822263,5.13619871874912,4.90215881776017
2024-02-05,ILI only,2024-01-22,2,4.47541935225078,4.56694670725676,4.86613011950458,4.96604700641596,5.30412343546094,4.90215881776017
2024-02-05,"ILI only, seed 2",2024-01-22,2,4.47541935225078,4.56694670725676,4.86174311718497,4.9637947682922,5.30412343546094,4.90215881776017
2024-02-05,"ILI only, seed 3",2024-01-22,2,4.47541935225078,4.56694670725676,4.86613011950458,4.96604700641596,5.30412343546094,4.90215881776017
2024-02-05,"ILI + wastewater, 2-week delay (as published)",2024-01-22,2,4.46611864453663,4.56694670725676,4.74162311100571,4.96604700641596,5.05623917006371,4.90215881776017
2024-02-05,"ILI + wastewater, no delay (hypothetical)",2024-01-22,2,4.47541935225078,4.56694670725676,4.87937122386692,5.0157808082947,5.30871185254542,4.90215881776017
2024-02-05,ILI only,2024-01-29,1,4.61633900091508,4.76524941956249,4.99196196846141,5.0849103363899,5.18815072018574,4.90215881776017
2024-02-05,"ILI only, seed 2",2024-01-29,1,4.61633900091508,4.76524941956249,4.99196196846141,5.0849103363899,5.18655917875082,4.90215881776017
2024-02-05,"ILI only, seed 3",2024-01-29,1,4.61633900091508,4.76524941956249,4.9603406088719,5.0849103363899,5.18815072018574,4.90215881776017
2024-02-05,"ILI + wastewater, 2-week delay (as published)",2024-01-29,1,4.61633900091508,4.78452596434305,5.00384283965161,5.10795527303384,5.20247459310002,4.90215881776017
2024-02-05,"ILI + wastewater, no delay (hypothetical)",2024-01-29,1,4.61633900091508,4.76524941956249,4.86214592593128,5.0849103363899,5.17197130805812,4.90215881776017
2024-02-12,ILI only,2024-01-15,4,4.00605884545085,4.12793039180955,4.54118297113984,4.87787942126566,5.13013838971943,4.54425177101868
2024-02-12,"ILI only, seed 2",2024-01-15,4,4.00605884545085,4.12793039180955,4.54118297113984,4.84751979542342,5.13013838971943,4.54425177101868
2024-02-12,"ILI only, seed 3",2024-01-15,4,4.00605884545085,4.22566845762824,4.55226135374508,4.87787942126566,5.13013838971943,4.54425177101868
2024-02-12,"ILI + wastewater, 2-week delay (as published)",2024-01-15,4,3.75878239888449,4.12793039180955,4.54118297113984,4.84751979542342,5.13013838971943,4.54425177101868
2024-02-12,"ILI + wastewater, no delay (hypothetical)",2024-01-15,4,3.75878239888449,4.12793039180955,4.55226135374508,4.87787942126566,5.13013838971943,4.54425177101868
2024-02-12,ILI only,2024-01-22,3,4.33535258749066,4.43539149512081,4.52697139584181,4.97966215265726,5.14825955248414,4.54425177101868
2024-02-12,"ILI only, seed 2",2024-01-22,3,4.33535258749066,4.35766414345567,4.52697139584181,4.97966215265726,5.14825955248414,4.54425177101868
2024-02-12,"ILI only, seed 3",2024-01-22,3,4.33535258749066,4.35766414345567,4.52697139584181,4.93475159820115,5.14825955248414,4.54425177101868
2024-02-12,"ILI + wastewater, 2-week delay (as published)",2024-01-22,3,4.21353627488098,4.35766414345567,4.52697139584181,4.92686210052098,5.14825955248414,4.54425177101868
2024-02-12,"ILI + wastewater, no delay (hypothetical)",2024-01-22,3,4.21353627488098,4.33535258749066,4.51580909005561,4.93475159820115,5.18636822666583,4.54425177101868
2024-02-12,ILI only,2024-01-29,2,4.65377371573433,4.73915908715588,4.97113932116809,5.09697117012492,5.12079000995821,4.54425177101868
2024-02-12,"ILI only, seed 2",2024-01-29,2,4.65377371573433,4.73915908715588,4.97113932116809,5.09697117012492,5.12079000995821,4.54425177101868
2024-02-12,"ILI only, seed 3",2024-01-29,2,4.65377371573433,4.78758674143208,4.96675231884848,5.09697117012492,5.12079000995821,4.54425177101868
2024-02-12,"ILI + wastewater, 2-week delay (as published)",2024-01-29,2,4.58042855391429,4.70294592791232,4.96675231884848,5.09697117012492,5.12079000995821,4.54425177101868
2024-02-12,"ILI + wastewater, no delay (hypothetical)",2024-01-29,2,4.58042855391429,4.70294592791232,4.98142768610778,5.09697117012492,5.12079000995821,4.54425177101868
2024-02-12,ILI only,2024-02-05,1,4.63578873127074,4.73635999764052,4.88601449463988,5.01569085091285,5.14500767073978,4.54425177101868
2024-02-12,"ILI only, seed 2",2024-02-05,1,4.63578873127074,4.73635999764052,4.86604008460489,5.01569085091285,5.14500767073978,4.54425177101868
2024-02-12,"ILI only, seed 3",2024-02-05,1,4.63578873127074,4.73635999764052,4.88601449463988,5.03098685925697,5.14500767073978,4.54425177101868
2024-02-12,"ILI + wastewater, 2-week delay (as published)",2024-02-05,1,4.66188623496703,4.73635999764052,4.84592112156953,5.00716801942368,5.1247322761338,4.54425177101868
2024-02-12,"ILI + wastewater, no delay (hypothetical)",2024-02-05,1,4.61730560150887,4.73635999764052,4.82441650079395,4.98212246467548,5.05480882200191,4.54425177101868
2024-02-19,ILI only,2024-01-22,4,4.05433627686202,4.13999122554457,4.5643221874801,4.90528508407754,5.14219922345445,4.53399636653357
2024-02-19,"ILI only, seed 2",2024-01-22,4,4.05433627686202,4.13999122554457,4.55324380487486,4.88994025500068,5.14219922345445,4.53399636653357
2024-02-19,"ILI only, seed 3",2024-01-22,4,4.05433627686202,4.13999122554457,4.5643221874801,4.90528508407754,5.14219922345445,4.53399636653357
2024-02-19,"ILI + wastewater, 2-week delay (as published)",2024-01-22,4,4.01811967918587,4.13999122554457,4.5643221874801,4.90528508407754,5.14219922345445,4.53399636653357
2024-02-19,"ILI + wastewater, no delay (hypothetical)",2024-01-22,4,4.01811967918587,4.13999122554457,4.55324380487486,4.90528508407754,5.14219922345445,4.53399636653357
2024-02-19,ILI only,2024-01-29,3,4.44036178915417,4.46267334511918,4.72024085845958,5.18519007665244,5.22579921162172,4.53399636653357
2024-02-19,"ILI only, seed 2",2024-01-29,3,4.44036178915417,4.51068480377614,4.72024085845958,5.20960117182809,5.24517901142432,4.53399636653357
2024-02-19,"ILI only, seed 3",2024-01-29,3,4.44036178915417,4.51068480377614,4.80664190275839,5.19129285044635,5.24598798569665,4.53399636653357
2024-02-19,"ILI + wastewater, 2-week delay (as published)",2024-01-29,3,4.31854547654449,4.46267334511918,4.63198059750532,5.11838038362116,5.22579921162172,4.53399636653357
2024-02-19,"ILI + wastewater, no delay (hypothetical)",2024-01-29,3,4.36340146364252,4.46267334511918,4.63198059750532,5.20960117182809,5.25326875414765,4.53399636653357
2024-02-19,ILI only,2024-02-05,2,4.57603139876811,4.71916962991883,4.92942570245746,4.97920885062013,5.04304769299199,4.53399636653357
2024-02-19,"ILI only, seed 2",2024-02-05,2,4.57603139876811,4.70984442446586,4.92942570245746,4.97920885062013,5.04304769299199,4.53399636653357
2024-02-19,"ILI only, seed 3",2024-02-05,2,4.57603139876811,4.71916962991883,4.92942570245746,4.97920885062013,5.04304769299199,4.53399636653357
2024-02-19,"ILI + wastewater, 2-week delay (as published)",2024-02-05,2,4.50268623694807,4.62576750181175,4.92942570245746,4.97920885062013,5.04304769299199,4.53399636653357
2024-02-19,"ILI + wastewater, no delay (hypothetical)",2024-02-05,2,4.50268623694807,4.62576750181175,4.92942570245746,4.97920885062013,5.04304769299199,4.53399636653357
2024-02-19,ILI only,2024-02-12,1,4.25939855476738,4.33083984443852,4.46650945405246,4.57591429834124,4.78710062399829,4.53399636653357
2024-02-19,"ILI only, seed 2",2024-02-12,1,4.23128954189382,4.33083984443852,4.41496052805718,4.57591429834124,4.76682522939231,4.53399636653357
2024-02-19,"ILI only, seed 3",2024-02-12,1,4.23128954189382,4.33083984443852,4.46650945405246,4.57591429834124,4.76682522939231,4.53399636653357
2024-02-19,"ILI + wastewater, 2-week delay (as published)",2024-02-12,1,4.18634472427719,4.33083984443852,4.46650945405246,4.57591429834124,4.75250135647803,4.53399636653357
2024-02-19,"ILI + wastewater, no delay (hypothetical)",2024-02-12,1,4.18634472427719,4.32960005585478,4.37932042163895,4.57591429834124,4.69690177526042,4.53399636653357
2024-02-26,ILI only,2024-01-29,4,4.12312888084938,4.34575345439641,4.65825300653837,5.01029428574105,5.24720842511796,4.29114413819671
2024-02-26,"ILI only, seed 2",2024-01-29,4,4.12312888084938,4.24500042720808,4.65825300653837,4.99494945666419,5.24720842511796,4.29114413819671
2024-02-26,"ILI only, seed 3",2024-01-29,4,4.12312888084938,4.34575345439641,4.65825300653837,4.99494945666419,5.24720842511796,4.29114413819671
2024-02-26,"ILI + wastewater, 2-week delay (as published)",2024-01-29,4,3.87821582607031,4.24500042720808,4.65825300653837,4.99494945666419,5.24720842511796,4.29114413819671
2024-02-26,"ILI + wastewater, no delay (hypothetical)",2024-01-29,4,3.87821582607031,4.24500042720808,4.65825300653837,4.99494945666419,5.24720842511796,4.29114413819671
2024-02-26,ILI only,2024-02-05,3,4.36261947218795,4.46656750379279,4.76455713545623,4.96201848289844,5.1480568946555,4.29114413819671
2024-02-26,"ILI only, seed 2",2024-02-05,3,4.36261947218795,4.46656750379279,4.76455713545623,5.04063806665494,5.1480568946555,4.29114413819671
2024-02-26,"ILI only, seed 3",2024-02-05,3,4.36261947218795,4.46656750379279,4.76455713545623,5.04063806665494,5.21363511136312,4.29114413819671
2024-02-26,"ILI + wastewater, 2-week delay (as published)",2024-02-05,3,4.31655143277945,4.43294248680992,4.76455713545623,4.96201848289844,5.1480568946555,4.29114413819671
2024-02-26,"ILI + wastewater, no delay (hypothetical)",2024-02-05,3,4.31655143277945,4.38493102815296,4.76455713545623,4.96201848289844,5.1480568946555,4.29114413819671
2024-02-26,ILI only,2024-02-12,2,4.09117976318872,4.13547848249243,4.36317609851866,4.57244890883439,4.97348327341674,4.29114413819671
2024-02-26,"ILI only, seed 2",2024-02-12,2,4.09117976318872,4.13547848249243,4.36317609851866,4.57244890883439,4.98341821055959,4.29114413819671
2024-02-26,"ILI only, seed 3",2024-02-12,2,4.09117976318872,4.13547848249243,4.36317609851866,4.57244890883439,4.97348327341674,4.29114413819671
2024-02-26,"ILI + wastewater, 2-week delay (as published)",2024-02-12,2,4.10860240731097,4.13547848249243,4.36126258317734,4.54577832240007,4.97348327341674,4.29114413819671
2024-02-26,"ILI + wastewater, no delay (hypothetical)",2024-02-12,2,4.09117976318872,4.13547848249243,4.35193737772437,4.57244890883439,4.97348327341674,4.29114413819671
2024-02-26,ILI only,2024-02-19,1,4.12946465405287,4.29372378374043,4.36819754641392,4.55259027328523,4.71345464291751,4.29114413819671
2024-02-26,"ILI only, seed 2",2024-02-19,1,4.12946465405287,4.22103413740871,4.34094270308732,4.52374096204846,4.71345464291751,4.29114413819671
2024-02-26,"ILI only, seed 3",2024-02-19,1,4.12946465405287,4.26762628004414,4.36906501715384,4.52374096204846,4.7565698249072,4.29114413819671
2024-02-26,"ILI + wastewater, 2-week delay (as published)",2024-02-19,1,4.13142771229686,4.29372378374043,4.36819754641392,4.52374096204846,4.71345464291751,4.29114413819671
2024-02-26,"ILI + wastewater, no delay (hypothetical)",2024-02-19,1,4.12946465405287,4.22103413740871,4.32058443995341,4.52374096204846,4.60147918213608,4.29114413819671
2024-03-04,ILI only,2024-02-05,4,4.04538656388316,4.16725811024186,4.67332769951326,4.98016507523534,5.16946610815174,4.16945203470891
2024-03-04,"ILI only, seed 2",2024-02-05,4,4.04538656388316,4.16725811024186,4.59158907217739,4.98016507523534,5.16946610815174,4.16945203470891
2024-03-04,"ILI only, seed 3",2024-02-05,4,4.04538656388316,4.16725811024186,4.59158907217739,4.98016507523534,5.16946610815174,4.16945203470891
2024-03-04,"ILI + wastewater, 2-week delay (as published)",2024-02-05,4,4.03883565566973,4.16725811024186,4.59158907217739,4.98016507523534,5.07031457768928,4.16945203470891
2024-03-04,"ILI + wastewater, no delay (hypothetical)",2024-02-05,4,4.04538656388316,4.16725811024186,4.59158907217739,4.98016507523534,5.16946610815174,4.16945203470891
2024-03-04,ILI only,2024-02-12,3,3.87945033845849,4.02185895686476,4.40665008871474,4.77395180812038,4.85572806462163,4.16945203470891
2024-03-04,"ILI only, seed 2",2024-02-12,3,3.8470981748433,4.02185895686476,4.40665008871474,4.7880568486135,4.85572806462163,4.16945203470891
2024-03-04,"ILI only, seed 3",2024-02-12,3,3.86335699598775,4.02185895686476,4.40665008871474,4.7880568486135,4.85572806462163,4.16945203470891
2024-03-04,"ILI + wastewater, 2-week delay (as published)",2024-02-12,3,3.8470981748433,4.00471242544646,4.39483862584122,4.77395180812038,4.81761939043994,4.16945203470891
2024-03-04,"ILI + wastewater, no delay (hypothetical)",2024-02-12,3,3.88289611283678,4.07503544006843,4.40665008871474,4.7880568486135,4.85572806462163,4.16945203470891
2024-03-04,ILI only,2024-02-19,2,3.95466405091928,4.11291329114481,4.34013899327745,4.4007275444764,4.96322786893163,4.16945203470891
2024-03-04,"ILI only, seed 2",2024-02-19,2,3.95466405091928,4.11291329114481,4.25760505058515,4.4852226759633,4.96322786893163,4.16945203470891
2024-03-04,"ILI only, seed 3",2024-02-19,2,3.95455918868785,4.11291329114481,4.27797363886908,4.4007275444764,4.96322786893163,4.16945203470891
2024-03-04,"ILI + wastewater, 2-week delay (as published)",2024-02-19,2,3.95361542860498,4.11332033093258,4.35100717869223,4.52084755065566,4.96322786893163,4.16945203470891
2024-03-04,"ILI + wastewater, no delay (hypothetical)",2024-02-19,2,4.00955140356935,4.11291329114481,4.23962804416037,4.37719728858972,4.96322786893163,4.16945203470891
2024-03-04,ILI only,2024-02-26,1,3.97818190907185,4.09559584243165,4.24260384284745,4.2808887337116,4.40467617134939,4.16945203470891
2024-03-04,"ILI only, seed 2",2024-02-26,1,3.97818190907185,4.09559584243165,4.24260384284745,4.2808887337116,4.37110778511202,4.16945203470891
2024-03-04,"ILI only, seed 3",2024-02-26,1,3.97818190907185,4.09559584243165,4.24260384284745,4.2808887337116,4.41919827650416,4.16945203470891
2024-03-04,"ILI + wastewater, 2-week delay (as published)",2024-02-26,1,3.97818190907185,4.09559584243165,4.24260384284745,4.2808887337116,4.42709236943194,4.16945203470891
2024-03-04,"ILI + wastewater, no delay (hypothetical)",2024-02-26,1,3.93323709145522,4.09559584243165,4.24260384284745,4.2808887337116,4.37110778511202,4.16945203470891
2024-03-11,ILI only,2024-02-12,4,3.72369611481782,3.9101040906887,4.45942963261085,4.62225802849385,5.01749654104078,3.98192213280781
2024-03-11,"ILI only, seed 2",2024-02-12,4,3.68747951714167,3.9101040906887,4.45942963261085,4.62225802849385,5.06046824341955,3.98192213280781
2024-03-11,"ILI only, seed 3",2024-02-12,4,3.79846085697331,3.9101040906887,4.45942963261085,4.62225802849385,5.06046824341955,3.98192213280781
2024-03-11,"ILI + wastewater, 2-week delay (as published)",2024-02-12,4,3.79442912182509,3.9101040906887,4.45942963261085,4.62225802849385,4.81741701375157,3.98192213280781
2024-03-11,"ILI + wastewater, no delay (hypothetical)",2024-02-12,4,3.72369611481782,3.9101040906887,4.45942963261085,4.62225802849385,5.06046824341955,3.98192213280781
2024-03-11,ILI only,2024-02-19,3,3.81413480787424,3.94838898155285,4.20335620448937,4.76369640363527,4.84547266013652,3.98192213280781
2024-03-11,"ILI only, seed 2",2024-02-19,3,3.82432418564348,3.94838898155285,4.27433609026676,4.76369640363527,4.84547266013652,3.98192213280781
2024-03-11,"ILI only, seed 3",2024-02-19,3,3.82432418564348,3.94838898155285,4.2234399124263,4.76369640363527,4.84547266013652,3.98192213280781
2024-03-11,"ILI + wastewater, 2-week delay (as published)",2024-02-19,3,3.82432418564348,3.94838898155285,4.2234399124263,4.61127104939075,4.84547266013652,3.98192213280781
2024-03-11,"ILI + wastewater, no delay (hypothetical)",2024-02-19,3,3.82432418564348,3.94838898155285,4.20335620448937,4.46973611154671,4.80736398595483,3.98192213280781
2024-03-11,ILI only,2024-02-26,2,3.76669917523249,3.83807213036675,4.03512141053222,4.2935499132143,4.73031057773762,3.98192213280781
2024-03-11,"ILI only, seed 2",2024-02-26,2,3.76669917523249,3.855494774489,4.03803650537474,4.31934127601242,4.73031057773762,3.98192213280781
2024-03-11,"ILI only, seed 3",2024-02-26,2,3.76669917523249,3.855494774489,4.03803650537474,4.31934127601242,4.73031057773762,3.98192213280781
2024-03-11,"ILI + wastewater, 2-week delay (as published)",2024-02-26,2,3.76669917523249,3.87006106280795,4.03803650537474,4.31934127601242,4.73031057773762,3.98192213280781
2024-03-11,"ILI + wastewater, no delay (hypothetical)",2024-02-26,2,3.71181182258242,3.83807213036675,4.03803650537474,4.19076243925577,4.73031057773762,3.98192213280781
2024-03-11,ILI only,2024-03-04,1,3.73397103066048,3.78448769247543,4.00452068532918,4.13333330155363,4.20028119272881,3.98192213280781
2024-03-11,"ILI only, seed 2",2024-03-04,1,3.76492032222821,3.85648980558405,4.00452068532918,4.15326390297484,4.29750617301636,3.98192213280781
2024-03-11,"ILI only, seed 3",2024-03-04,1,3.76492032222821,3.85648980558405,4.00452068532918,4.15326390297484,4.25277252024796,3.98192213280781
2024-03-11,"ILI + wastewater, 2-week delay (as published)",2024-03-04,1,3.76492032222821,3.92072034183391,4.00452068532918,4.13333330155363,4.20169178078114,3.98192213280781
2024-03-11,"ILI + wastewater, no delay (hypothetical)",2024-03-04,1,3.76492032222821,3.85648980558405,4.04016079174741,4.15330771158862,4.22849224987987,3.98192213280781
2024-03-18,ILI only,2024-02-19,4,3.61171503052226,3.89984868620359,4.19310080000426,4.61200262400874,4.80716160926646,3.9471970804358
2024-03-18,"ILI only, seed 2",2024-02-19,4,3.61171503052226,3.89984868620359,4.19310080000426,4.56438951754823,4.68627266211756,3.9471970804358
2024-03-18,"ILI only, seed 3",2024-02-19,4,3.61171503052226,3.89984868620359,4.21541703822439,4.56438951754823,4.68786060855207,3.9471970804358
2024-03-18,"ILI + wastewater, 2-week delay (as published)",2024-02-19,4,3.61171503052226,3.89984868620359,4.21541703822439,4.56438951754823,4.68627266211756,3.9471970804358
2024-03-18,"ILI + wastewater, no delay (hypothetical)",2024-02-19,4,3.61171503052226,3.89683372483395,4.22342662095079,4.56438951754823,4.70215212646268,3.9471970804358
2024-03-18,ILI only,2024-02-26,3,3.38500712530569,3.59399054202133,3.84523937000389,4.53494921579153,4.59128573813519,3.9471970804358
2024-03-18,"ILI only, seed 2",2024-02-26,3,3.38500712530569,3.59399054202133,3.94322360097564,4.53494921579153,4.60262043179966,3.9471970804358
2024-03-18,"ILI only, seed 3",2024-02-26,3,3.57128257953738,3.62634270563652,3.94322360097564,4.53494921579153,4.60262043179966,3.9471970804358
2024-03-18,"ILI + wastewater, 2-week delay (as published)",2024-02-26,3,3.57128257953738,3.62978848001481,3.94322360097564,4.53494921579153,4.60262043179966,3.9471970804358
2024-03-18,"ILI + wastewater, no delay (hypothetical)",2024-02-26,3,3.57128257953738,3.59399054202133,3.94322360097564,4.52084417529841,4.56451175761797,3.9471970804358
2024-03-18,ILI only,2024-03-04,2,3.58907109678032,3.66784673429859,3.80490770288425,4.03618321265174,4.60861847424982,3.9471970804358
2024-03-18,"ILI only, seed 2",2024-03-04,2,3.52083873388279,3.66784673429859,3.80490770288425,4.156303218831,4.60861847424982,3.9471970804358
2024-03-18,"ILI only, seed 3",2024-03-04,2,3.58907109678032,3.66784673429859,3.80490770288425,4.03618321265174,4.60861847424982,3.9471970804358
2024-03-18,"ILI + wastewater, 2-week delay (as published)",2024-03-04,2,3.58907109678032,3.71638002687895,3.8447441960523,4.1718578097265,4.60861847424982,3.9471970804358
2024-03-18,"ILI + wastewater, no delay (hypothetical)",2024-03-04,2,3.58907109678032,3.66784673429859,3.80490770288425,4.02627213031001,4.60861847424982,3.9471970804358
2024-03-18,ILI only,2024-03-11,1,3.57739042032711,3.7865055371127,3.86023002932001,3.96573400107374,4.01283462775798,3.9471970804358
2024-03-18,"ILI only, seed 2",2024-03-11,1,3.57739042032711,3.78637383704275,3.86023002932001,3.94580339965253,4.01358466013037,3.9471970804358
2024-03-18,"ILI only, seed 3",2024-03-11,1,3.57739042032711,3.78637383704275,3.86023002932001,3.94580339965253,4.00051603955947,3.9471970804358
2024-03-18,"ILI + wastewater, 2-week delay (as published)",2024-03-11,1,3.71555204631838,3.78656077086172,3.86023002932001,3.94580339965253,3.9716667283227,3.9471970804358
2024-03-18,"ILI + wastewater, no delay (hypothetical)",2024-03-11,1,3.59695779057433,3.78637383704275,3.86023002932001,3.96577780968752,4.01358466013037,3.9471970804358
2024-03-25,ILI only,2024-02-26,4,3.18945882954063,3.57780241028726,3.73719928053855,4.36915039567188,4.80736061059758,3.73169945129686
2024-03-25,"ILI only, seed 2",2024-02-26,4,3.18945882954063,3.5562434306784,3.73719928053855,4.36915039567188,4.80736061059758,3.73169945129686
2024-03-25,"ILI only, seed 3",2024-02-26,4,3.18945882954063,3.57780241028726,3.73719928053855,4.36915039567188,4.80736061059758,3.73169945129686
2024-03-25,"ILI + wastewater, 2-week delay (as published)",2024-02-26,4,3.3688628021854,3.57780241028726,3.73719928053855,4.36915039567188,4.80736061059758,3.73169945129686
2024-03-25,"ILI + wastewater, no delay (hypothetical)",2024-02-26,4,3.18945882954063,3.50503587266916,3.71421759760001,4.36915039567188,4.80736061059758,3.73169945129686
2024-03-25,ILI only,2024-03-04,3,3.26331502181789,3.47229843853353,3.60871362584628,3.97630951396144,4.44281965413017,3.73169945129686
2024-03-25,"ILI only, seed 2",2024-03-04,3,3.26331502181789,3.47229843853353,3.58384464972819,3.9097917584421,4.44281965413017,3.73169945129686
2024-03-25,"ILI only, seed 3",2024-03-04,3,3.26331502181789,3.47229843853353,3.58384464972819,3.97630951396144,4.44281965413017,3.73169945129686
2024-03-25,"ILI + wastewater, 2-week delay (as published)",2024-03-04,3,3.44959047604958,3.47229843853353,3.58384464972819,4.02003888953145,4.44281965413017,3.73169945129686
2024-03-25,"ILI + wastewater, no delay (hypothetical)",2024-03-04,3,3.26331502181789,3.47229843853353,3.60871362584628,3.85889558060164,4.44281965413017,3.73169945129686
2024-03-25,ILI only,2024-03-11,2,3.40154119487922,3.48031683239749,3.56124609720682,3.67270012741891,3.79893294496647,3.73169945129686
2024-03-25,"ILI only, seed 2",2024-03-11,2,3.40154119487922,3.48031683239749,3.56124609720682,3.67270012741891,3.80084646030779,3.73169945129686
2024-03-25,"ILI only, seed 3",2024-03-11,2,3.40154119487922,3.48031683239749,3.56124609720682,3.67270012741891,3.80084646030779,3.73169945129686
2024-03-25,"ILI + wastewater, 2-week delay (as published)",2024-03-11,2,3.40154119487922,3.48031683239749,3.56083905741905,3.67270012741891,3.80084646030779,3.73169945129686
2024-03-25,"ILI + wastewater, no delay (hypothetical)",2024-03-11,2,3.40258981719352,3.48031683239749,3.56124609720682,3.68755381043461,3.79893294496647,3.73169945129686
2024-03-25,ILI only,2024-03-18,1,3.5426653679551,3.5426653679551,3.70434485209894,3.89865678508654,3.93105275731551,3.73169945129686
2024-03-25,"ILI only, seed 2",2024-03-18,1,3.5426653679551,3.5426653679551,3.70434485209894,3.89865678508654,3.93105275731551,3.73169945129686
2024-03-25,"ILI only, seed 3",2024-03-18,1,3.5426653679551,3.5426653679551,3.70434485209894,3.89865678508654,3.93105275731551,3.73169945129686
2024-03-25,"ILI + wastewater, 2-week delay (as published)",2024-03-18,1,3.5426653679551,3.56223273820232,3.75164878467074,3.89865678508654,3.93105275731551,3.73169945129686
2024-03-25,"ILI + wastewater, no delay (hypothetical)",2024-03-18,1,3.51171607638737,3.5426653679551,3.63423485131094,3.78799708241684,3.93100894870173,3.73169945129686
2024-04-01,ILI only,2024-03-04,4,3.06776672605283,3.33409699143013,3.52324450890038,3.85888228912613,4.67742169817539,3.85608737309784
2024-04-01,"ILI only, seed 2",2024-03-04,4,3.06776672605283,3.34889637850805,3.52324450890038,3.92273531567663,4.68566850710978,3.85608737309784
2024-04-01,"ILI only, seed 3",2024-03-04,4,3.06776672605283,3.34889637850805,3.52324450890038,3.940620916462,4.68566850710978,3.85608737309784
2024-04-01,"ILI + wastewater, 2-week delay (as published)",2024-03-04,4,3.06776672605283,3.34889637850805,3.52324450890038,3.97134390727838,4.68566850710978,3.85608737309784
2024-04-01,"ILI + wastewater, no delay (hypothetical)",2024-03-04,4,3.06776672605283,3.2471706986976,3.52324450890038,3.80538717436755,4.68566850710978,3.85608737309784
2024-04-01,ILI only,2024-03-11,3,3.07578511991679,3.27224995191772,3.36542246172394,3.53069432294169,3.86957138642881,3.85608737309784
2024-04-01,"ILI only, seed 2",2024-03-11,3,3.07578511991679,3.27224995191772,3.32056647462591,3.53069432294169,3.91162497001817,3.85608737309784
2024-04-01,"ILI only, seed 3",2024-03-11,3,3.07578511991679,3.27224995191772,3.36542246172394,3.53069432294169,3.86957138642881,3.85608737309784
2024-04-01,"ILI + wastewater, 2-week delay (as published)",2024-03-11,3,3.07578511991679,3.28476853663243,3.39631474782709,3.53069432294169,3.78877961206034,3.85608737309784
2024-04-01,"ILI + wastewater, no delay (hypothetical)",2024-03-11,3,3.07578511991679,3.27224995191772,3.36542246172394,3.53069432294169,3.83250898763035,3.85608737309784
2024-04-01,ILI only,2024-03-18,2,3.36681614250721,3.42275211747158,3.49412507260584,3.6528287580626,3.72494212616269,3.85608737309784
2024-04-01,"ILI only, seed 2",2024-03-18,2,3.36681614250721,3.44559178002548,3.49412507260584,3.6528287580626,3.72494212616269,3.85608737309784
2024-04-01,"ILI only, seed 3",2024-03-18,2,3.36681614250721,3.44559178002548,3.49412507260584,3.6379750750469,3.72494212616269,3.85608737309784
2024-04-01,"ILI + wastewater, 2-week delay (as published)",2024-03-18,2,3.36681614250721,3.42275211747158,3.49412507260584,3.6379750750469,3.75333970717968,3.85608737309784
2024-04-01,"ILI + wastewater, no delay (hypothetical)",2024-03-18,2,3.36681614250721,3.42275211747158,3.49412507260584,3.6379750750469,3.72494212616269,3.85608737309784
2024-04-01,ILI only,2024-03-25,1,3.418737222172,3.5361511555318,3.6831591559476,3.69697439892485,3.71555512817657,3.85608737309784
2024-04-01,"ILI only, seed 2",2024-03-25,1,3.4440353337582,3.5361511555318,3.6831591559476,3.69697439892485,3.72144404681175,3.85608737309784
2024-04-01,"ILI only, seed 3",2024-03-25,1,3.46532936480743,3.5361511555318,3.6831591559476,3.69697439892485,3.72144404681175,3.85608737309784
2024-04-01,"ILI + wastewater, 2-week delay (as published)",2024-03-25,1,3.418737222172,3.5361511555318,3.6831591559476,3.69697439892485,3.75029335804852,3.85608737309784
2024-04-01,"ILI + wastewater, no delay (hypothetical)",2024-03-25,1,3.418737222172,3.5361511555318,3.61000734780906,3.69697439892485,3.72144404681175,3.85608737309784
2024-04-08,ILI only,2024-03-11,4,2.88023682415173,3.1251498789308,3.26858040489836,3.41959249459694,4.04042373019422,3.40485734249364
2024-04-08,"ILI only, seed 2",2024-03-11,4,2.88023682415173,3.1251498789308,3.26858040489836,3.40499559221111,3.99762552473626,3.40485734249364
2024-04-08,"ILI only, seed 3",2024-03-11,4,2.88023682415173,3.14656708952903,3.26858040489836,3.41959249459694,3.99703596174468,3.40485734249364
2024-04-08,"ILI + wastewater, 2-week delay (as published)",2024-03-11,4,2.88023682415173,3.14656708952903,3.26858040489836,3.41959249459694,3.87606972490042,3.40485734249364
2024-04-08,"ILI + wastewater, no delay (hypothetical)",2024-03-11,4,2.88023682415173,3.14656708952903,3.29316513627813,3.41959249459694,3.67135238722503,3.40485734249364
2024-04-08,ILI only,2024-03-18,3,3.04106006754478,3.22733552177647,3.28239564787561,3.47798074948555,3.60325002267489,3.40485734249364
2024-04-08,"ILI only, seed 2",2024-03-18,3,3.04106006754478,3.23752489954571,3.28239564787561,3.49596927056968,3.63664062632853,3.40485734249364
2024-04-08,"ILI only, seed 3",2024-03-18,3,3.04106006754478,3.23752489954571,3.28239564787561,3.47798074948555,3.63664062632853,3.40485734249364
2024-04-08,"ILI + wastewater, 2-week delay (as published)",2024-03-18,3,3.04106006754478,3.23752489954571,3.33069740935193,3.49596927056968,3.63664062632853,3.40485734249364
2024-04-08,"ILI + wastewater, no delay (hypothetical)",2024-03-18,3,3.04106006754478,3.23752489954571,3.28239564787561,3.49596927056968,3.63664062632853,3.40485734249364
2024-04-08,ILI only,2024-03-25,2,3.15236713568257,3.23009415088654,3.40699161264025,3.48147676978591,3.51996302379773,3.40485734249364
2024-04-08,"ILI only, seed 2",2024-03-25,2,3.15236713568257,3.23009415088654,3.40699161264025,3.48147676978591,3.51996302379773,3.40485734249364
2024-04-08,"ILI only, seed 3",2024-03-25,2,3.15236713568257,3.23009415088654,3.40699161264025,3.48147676978591,3.51996302379773,3.40485734249364
2024-04-08,"ILI + wastewater, 2-week delay (as published)",2024-03-25,2,3.15131851336827,3.23009415088654,3.31102341569587,3.47859181847489,3.51996302379773,3.40485734249364
2024-04-08,"ILI + wastewater, no delay (hypothetical)",2024-03-25,2,3.15236713568257,3.23009415088654,3.40699161264025,3.48147676978591,3.51996302379773,3.40485734249364
2024-04-08,ILI only,2024-04-01,1,3.45155566061714,3.47112303086436,3.64143565793394,3.81996863994256,3.99203560433307,3.40485734249364
2024-04-08,"ILI only, seed 2",2024-04-01,1,3.45155566061714,3.47112303086436,3.6405897439589,3.81996863994256,3.98414151140529,3.40485734249364
2024-04-08,"ILI only, seed 3",2024-04-01,1,3.42060636904941,3.47112303086436,3.6405897439589,3.81996863994256,3.98421890172423,3.40485734249364
2024-04-08,"ILI + wastewater, 2-week delay (as published)",2024-04-01,1,3.42060636904941,3.54312514397298,3.64267544651768,3.80754707774858,3.96109657476135,3.40485734249364
2024-04-08,"ILI + wastewater, no delay (hypothetical)",2024-04-01,1,3.42060636904941,3.47112303086436,3.63294382178363,3.69028855297819,3.8746812798495,3.40485734249364
2024-04-15,ILI only,2024-03-18,4,2.84237117954299,2.84551177177972,3.21449029738454,3.30098955462727,3.56591694795711,3.40684805317097
2024-04-15,"ILI only, seed 2",2024-03-18,4,2.84237117954299,2.84551177177972,3.23385535252635,3.30098955462727,3.56591694795711,3.40684805317097
2024-04-15,"ILI only, seed 3",2024-03-18,4,2.84237117954299,2.84551177177972,3.20140616639043,3.30098955462727,3.56591694795711,3.40684805317097
2024-04-15,"ILI + wastewater, 2-week delay (as published)",2024-03-18,4,2.84237117954299,2.84551177177972,3.20140616639043,3.30098955462727,3.56591694795711,3.40684805317097
2024-04-15,"ILI + wastewater, no delay (hypothetical)",2024-03-18,4,2.84237117954299,2.84551177177972,3.16108881490825,3.30098955462727,3.56591694795711,3.40684805317097
2024-04-15,ILI only,2024-03-25,3,3.01183789263753,3.03454585512148,3.11519978021299,3.29394686788481,3.42114299718959,3.40684805317097
2024-04-15,"ILI only, seed 2",2024-03-25,3,3.01183789263753,3.03454585512148,3.11519978021299,3.29610813732948,3.42114299718959,3.40684805317097
2024-04-15,"ILI only, seed 3",2024-03-25,3,3.01183789263753,3.03454585512148,3.11519978021299,3.29394686788481,3.42114299718959,3.40684805317097
2024-04-15,"ILI + wastewater, 2-week delay (as published)",2024-03-25,3,3.02202727040677,3.03454585512148,3.11519978021299,3.29394686788481,3.53855693054939,3.40684805317097
2024-04-15,"ILI + wastewater, no delay (hypothetical)",2024-03-25,3,3.01183789263753,3.03454585512148,3.07034379311496,3.29394686788481,3.48377111005279,3.40684805317097
2024-04-15,ILI only,2024-04-01,2,3.27570643516925,3.33164241013362,3.49154304127318,3.6730981852565,3.84293855721993,3.40684805317097
2024-04-15,"ILI only, seed 2",2024-04-01,2,3.27570643516925,3.33164241013362,3.53137953444123,3.67501170059782,3.84293855721993,3.40684805317097
2024-04-15,"ILI only, seed 3",2024-04-01,2,3.27570643516925,3.33164241013362,3.49154304127318,3.67501170059782,3.84293855721993,3.40684805317097
2024-04-15,"ILI + wastewater, 2-week delay (as published)",2024-04-01,2,3.27570643516925,3.33164241013362,3.56171905072464,3.69928829515399,3.9331374059578,3.40684805317097
2024-04-15,"ILI + wastewater, no delay (hypothetical)",2024-04-01,2,3.20747407227172,3.27675505748355,3.43541133749685,3.64435094559871,3.76917556299235,3.40684805317097
2024-04-15,ILI only,2024-04-08,1,3.13848725600421,3.20930904672858,3.35631704714438,3.58431561887758,3.64770619547325,3.40684805317097
2024-04-15,"ILI only, seed 2",2024-04-08,1,3.13848725600421,3.20930904672858,3.36252782824137,3.58431561887758,3.64770619547325,3.40684805317097
2024-04-15,"ILI only, seed 3",2024-04-08,1,3.13848725600421,3.20930904672858,3.36873860933836,3.52924526429462,3.64770619547325,3.40684805317097
2024-04-15,"ILI + wastewater, 2-week delay (as published)",2024-04-08,1,3.13848725600421,3.20930904672858,3.36873860933836,3.52924526429462,3.64648097328595,3.40684805317097
2024-04-15,"ILI + wastewater, no delay (hypothetical)",2024-04-08,1,3.11719322495498,3.20930904672858,3.35631704714438,3.52924526429462,3.64648097328595,3.40684805317097
2024-04-22,ILI only,2024-03-25,4,2.80941811528555,2.98590853725149,3.04294245476718,3.15477291070016,3.35041931881817,3.36141651165031
2024-04-22,"ILI only, seed 2",2024-03-25,4,2.80941811528555,2.94559118576931,3.01835772338741,3.15477291070016,3.29242830705824,3.36141651165031
2024-04-22,"ILI only, seed 3",2024-03-25,4,2.80941811528555,2.98590853725149,3.01835772338741,3.15477291070016,3.22559470142453,3.36141651165031
2024-04-22,"ILI + wastewater, 2-week delay (as published)",2024-03-25,4,2.63001414264078,2.94559118576931,3.01835772338741,3.16936981308599,3.35041931881817,3.36141651165031
2024-04-22,"ILI + wastewater, no delay (hypothetical)",2024-03-25,4,2.80941811528555,2.94559118576931,3.04294245476718,3.12219499755226,3.22559470142453,3.36141651165031
2024-04-22,ILI only,2024-04-01,3,3.13622581443851,3.15893377692246,3.23958770201397,3.45621333386749,3.99456662199261,3.36141651165031
2024-04-22,"ILI only, seed 2",2024-04-01,3,3.13622581443851,3.17519259806691,3.23958770201397,3.45621333386749,4.08578741019954,3.36141651165031
2024-04-22,"ILI only, seed 3",2024-04-01,3,3.13622581443851,3.17519259806691,3.23958770201397,3.45621333386749,4.08578741019954,3.36141651165031
2024-04-22,"ILI + wastewater, 2-week delay (as published)",2024-04-01,3,3.14641519220775,3.19128594053765,3.27047998811712,3.59642709683103,3.92043809368173,3.36141651165031
2024-04-22,"ILI + wastewater, no delay (hypothetical)",2024-04-01,3,3.13622581443851,3.14641519220775,3.19473171491594,3.41833478968579,3.73383051987076,3.36141651165031
2024-04-22,ILI only,2024-04-08,2,2.90325204208332,3.07801523369042,3.14883461482915,3.31794553238815,3.8340888448917,3.36141651165031
2024-04-22,"ILI only, seed 2",2024-04-08,2,2.88041237952942,3.07801523369042,3.15029216225041,3.31794553238815,3.56374063882099,3.36141651165031
2024-04-22,"ILI only, seed 3",2024-04-08,2,2.90096807582793,3.07801523369042,3.12818408111239,3.31794553238815,3.8340888448917,3.36141651165031
2024-04-22,"ILI + wastewater, 2-week delay (as published)",2024-04-08,2,2.88041237952942,3.07801523369042,3.12653122169942,3.31794553238815,3.8340888448917,3.36141651165031
2024-04-22,"ILI + wastewater, no delay (hypothetical)",2024-04-08,2,2.88041237952942,3.07801523369042,3.11851012090993,3.24391231904924,3.4819073753536,3.36141651165031
2024-04-22,ILI only,2024-04-15,1,2.95378304810991,3.00231634069027,3.16399582483411,3.3906599214369,3.42544195992263,3.36141651165031
2024-04-22,"ILI only, seed 2",2024-04-15,1,2.95378304810991,3.00231634069027,3.14047796668154,3.37212300079896,3.42544195992263,3.36141651165031
2024-04-22,"ILI only, seed 3",2024-04-15,1,2.95378304810991,3.00231634069027,3.16399582483411,3.37072932001569,3.42544195992263,3.36141651165031
2024-04-22,"ILI + wastewater, 2-week delay (as published)",2024-04-15,1,2.95378304810991,2.97136704912254,3.14047796668154,3.3906599214369,3.43078975809619,3.36141651165031
2024-04-22,"ILI + wastewater, no delay (hypothetical)",2024-04-15,1,2.95378304810991,3.00427939893426,3.19135042403203,3.3906599214369,3.53123597497195,3.36141651165031
2024-04-29,ILI only,2024-04-01,4,2.75440206444176,3.02073232981906,3.20987984728931,3.54272271148677,4.00836366868183,2.95021175825218
2024-04-29,"ILI only, seed 2",2024-04-01,4,2.75440206444176,3.03553171689698,3.20987984728931,3.53750804478866,4.00836366868183,2.95021175825218
2024-04-29,"ILI only, seed 3",2024-04-01,4,2.75440206444176,3.02073232981906,3.20987984728931,3.54272271148677,4.00836366868183,2.95021175825218
2024-04-29,"ILI + wastewater, 2-week delay (as published)",2024-04-01,4,2.75440206444176,3.06997910757029,3.20987984728931,3.54272271148677,4.00836366868183,2.95021175825218
2024-04-29,"ILI + wastewater, no delay (hypothetical)",2024-04-01,4,2.75440206444176,2.99931511922083,3.20944296753661,3.34998262322551,3.8864805241125,2.95021175825218
2024-04-29,ILI only,2024-04-08,3,2.70770374631826,2.84411893363101,3.07421718044944,3.27902258278367,3.65075541938897,2.95021175825218
2024-04-29,"ILI only, seed 2",2024-04-08,3,2.70770374631826,2.84411893363101,3.09430088838637,3.29250659611464,3.71633363609659,2.95021175825218
2024-04-29,"ILI only, seed 3",2024-04-08,3,2.70770374631826,2.85278310876788,3.09430088838637,3.39045824562146,3.71633363609659,2.95021175825218
2024-04-29,"ILI + wastewater, 2-week delay (as published)",2024-04-08,3,2.70770374631826,2.84411893363101,3.06091028473273,3.27902258278367,3.70373953202495,2.95021175825218
2024-04-29,"ILI + wastewater, no delay (hypothetical)",2024-04-08,3,2.70770374631826,2.81924995751292,3.03005760618387,3.2672556601897,3.5968376732938,2.95021175825218
2024-04-29,ILI only,2024-04-15,2,2.75823475234485,2.82751573755668,3.08000594436775,3.31573834583301,3.40925382818856,2.95021175825218
2024-04-29,"ILI only, seed 2",2024-04-15,2,2.75823475234485,2.82751573755668,3.08000594436775,3.31993624306548,3.40925382818856,2.95021175825218
2024-04-29,"ILI only, seed 3",2024-04-15,2,2.75823475234485,2.82751573755668,3.04230372134631,3.31573834583301,3.40925382818856,2.95021175825218
2024-04-29,"ILI + wastewater, 2-week delay (as published)",2024-04-15,2,2.75823475234485,2.82751573755668,3.04230372134631,3.31573834583301,3.40925382818856,2.95021175825218
2024-04-29,"ILI + wastewater, no delay (hypothetical)",2024-04-15,2,2.75823475234485,2.84263455598692,3.08000594436775,3.22577238067095,3.40925382818856,2.95021175825218
2024-05-06,ILI only,2024-04-08,4,2.56950229921486,2.69151561458419,2.82793080189694,3.02357721001495,3.50292451498561,3.54008938052877
2024-05-06,"ILI only, seed 2",2024-04-08,4,2.56950229921486,2.69151561458419,2.82793080189694,2.98788959138475,3.50292451498561,3.54008938052877
2024-05-06,"ILI only, seed 3",2024-04-08,4,2.56950229921486,2.69151561458419,2.82779255217947,2.96558619825502,3.50292451498561,3.54008938052877
2024-05-06,"ILI + wastewater, 2-week delay (as published)",2024-04-08,4,2.56950229921486,2.69151561458419,2.82793080189694,3.02357721001495,3.50292451498561,3.54008938052877
2024-05-06,"ILI + wastewater, no delay (hypothetical)",2024-04-08,4,2.56950229921486,2.69151561458419,2.82779255217947,2.89875259262131,3.29891818751226,3.54008938052877
2024-05-06,ILI only,2024-04-15,3,2.69717587228088,2.74204662061078,2.8758819733079,3.08199665504508,3.0962915990637,3.54008938052877
2024-05-06,"ILI only, seed 2",2024-04-15,3,2.69717587228088,2.74204662061078,2.88445523901705,3.08199665504508,3.0962915990637,3.54008938052877
2024-05-06,"ILI only, seed 3",2024-04-15,3,2.69717587228088,2.74204662061078,2.88445523901705,3.08199665504508,3.0962915990637,3.54008938052877
2024-05-06,"ILI + wastewater, 2-week delay (as published)",2024-04-15,3,2.70969445699559,2.74549239498907,2.95562024330485,3.0962915990637,3.2137055324235,3.54008938052877
2024-05-06,"ILI + wastewater, no delay (hypothetical)",2024-04-15,3,2.70969445699559,2.81042202567814,2.95562024330485,3.08199665504508,3.2137055324235,3.54008938052877
2024-05-13,ILI only,2024-04-15,4,2.30516274451489,2.57149300989219,2.76064052736244,2.86649902590614,3.02556792069228,3.07731226054641
2024-05-13,"ILI only, seed 2",2024-04-15,4,2.3027993527276,2.57149300989219,2.76064052736244,2.86649902590614,3.02556792069228,3.07731226054641
2024-05-13,"ILI only, seed 3",2024-04-15,4,2.30516274451489,2.58629239697011,2.76064052736244,2.86649902590614,3.02556792069228,3.07731226054641
2024-05-13,"ILI + wastewater, 2-week delay (as published)",2024-04-15,4,2.30516274451489,2.62073978764342,2.77270037284099,2.90074330329864,3.06595248664166,3.07731226054641
2024-05-13,"ILI + wastewater, no delay (hypothetical)",2024-04-15,4,2.30516274451489,2.62073978764342,2.76064052736244,2.86649902590614,3.02556792069228,3.07731226054641
2024-10-07,ILI only,2024-09-30,1,3.44452986185051,3.50451041084173,3.65769286773238,3.83471179382369,3.93739758831751,3.63942657039441
2024-10-07,"ILI only, seed 2",2024-09-30,1,3.44452986185051,3.52078443881031,3.69338346514668,3.86151193355319,3.93739758831751,3.63942657039441
2024-10-07,"ILI only, seed 3",2024-09-30,1,3.44452986185051,3.52078443881031,3.65769286773238,3.83471179382369,3.93739758831751,3.63942657039441
2024-10-07,"ILI + wastewater, 2-week delay (as published)",2024-09-30,1,3.44452986185051,3.47638809677521,3.6240102187008,3.79749589852891,3.86151193355319,3.63942657039441
2024-10-07,"ILI + wastewater, no delay (hypothetical)",2024-09-30,1,3.44452986185051,3.47638809677521,3.70399038129237,3.86151193355319,3.93739758831751,3.63942657039441
2024-10-14,ILI only,2024-09-30,2,3.49312761520957,3.61813270303255,3.66067994666316,3.86750669471978,4.10266762191974,3.63837532194017
2024-10-14,"ILI only, seed 2",2024-09-30,2,3.51264268227761,3.61813270303255,3.65629294434355,3.85078899722229,4.10266762191974,3.63837532194017
2024-10-14,"ILI only, seed 3",2024-09-30,2,3.49312761520957,3.61813270303255,3.66067994666316,3.85078899722229,4.10266762191974,3.63837532194017
2024-10-14,"ILI + wastewater, 2-week delay (as published)",2024-09-30,2,3.48645257238012,3.56906006128052,3.63660003518224,3.82832505654881,4.07854985960812,3.63837532194017
2024-10-14,"ILI + wastewater, no delay (hypothetical)",2024-09-30,2,3.47712736692715,3.56906006128052,3.66067994666316,3.85078899722229,4.07854985960812,3.63837532194017
2024-10-14,ILI only,2024-10-07,1,3.42224408199433,3.60941138056736,3.78673493820365,3.86200002876804,4.06028356227015,3.63837532194017
2024-10-14,"ILI only, seed 2",2024-10-07,1,3.47362775027476,3.61986604453992,3.80469660399664,3.86200002876804,4.06028356227015,3.63837532194017
2024-10-14,"ILI only, seed 3",2024-10-07,1,3.44466119265124,3.67025572841431,3.80469660399664,3.88227542337402,4.06028356227015,3.63837532194017
2024-10-14,"ILI + wastewater, 2-week delay (as published)",2024-10-07,1,3.41451467202346,3.59986640569458,3.76748070870186,3.85192093384922,4.06028356227015,3.63837532194017
2024-10-14,"ILI + wastewater, no delay (hypothetical)",2024-10-07,1,3.4162830190802,3.59986640569458,3.78673493820365,3.85192093384922,4.06028356227015,3.63837532194017
2024-10-21,ILI only,2024-09-30,3,3.43238887904688,3.81751271582486,3.93471963691939,4.09769060406569,4.24997598972898,3.83341260484623
2024-10-21,"ILI only, seed 2",2024-09-30,3,3.43238887904688,3.81751271582486,3.93471963691939,4.09769060406569,4.24997598972898,3.83341260484623
2024-10-21,"ILI only, seed 3",2024-09-30,3,3.43238887904688,3.81751271582486,3.93471963691939,4.09769060406569,4.24997598972898,3.83341260484623
2024-10-21,"ILI + wastewater, 2-week delay (as published)",2024-09-30,3,3.40978148395465,3.54347184029751,3.83062706648736,3.94188697013244,4.11874482531834,3.83341260484623
2024-10-21,"ILI + wastewater, no delay (hypothetical)",2024-09-30,3,3.43238887904688,3.81751271582486,3.93471963691939,4.04935728538049,4.24997598972898,3.83341260484623
2024-10-21,ILI only,2024-10-07,2,3.50615774833724,3.63066475683611,3.92362067279447,4.08095661342337,4.11114478903512,3.83341260484623
2024-10-21,"ILI only, seed 2",2024-10-07,2,3.53904487145347,3.6409531217758,3.88764459738521,4.08095661342337,4.11114478903512,3.83341260484623
2024-10-21,"ILI only, seed 3",2024-10-07,2,3.50615774833724,3.6409531217758,3.89655646561879,4.08095661342337,4.15333386069781,3.83341260484623
2024-10-21,"ILI + wastewater, 2-week delay (as published)",2024-10-07,2,3.50615774833724,3.62728558759078,3.82077380739524,4.07859300993532,4.11114478903512,3.83341260484623
2024-10-21,"ILI + wastewater, no delay (hypothetical)",2024-10-07,2,3.50615774833724,3.6409531217758,3.82077380739524,4.07265243209269,4.09775811053859,3.83341260484623
2024-10-21,ILI only,2024-10-14,1,3.41523177062596,3.60836013211312,3.75190735509285,3.81928800258279,3.92489175723934,3.83341260484623
2024-10-21,"ILI only, seed 2",2024-10-14,1,3.41523177062596,3.60836013211312,3.75190735509285,3.81928800258279,3.90818721075653,3.83341260484623
2024-10-21,"ILI only, seed 3",2024-10-14,1,3.41523177062596,3.60836013211312,3.75190735509285,3.82284683925053,3.94939849427511,3.83341260484623
2024-10-21,"ILI + wastewater, 2-week delay (as published)",2024-10-14,1,3.41523177062596,3.61881479608568,3.67003784926273,3.8036453555424,3.92489175723934,3.83341260484623
2024-10-21,"ILI + wastewater, no delay (hypothetical)",2024-10-14,1,3.39317130778805,3.58213762574953,3.68585120457251,3.8036453555424,3.8609487803138,3.83341260484623
2024-10-28,ILI only,2024-09-30,4,3.42272504118918,3.68514515214991,3.98354671301432,4.17741142368794,4.28401485892057,3.76560898697261
2024-10-28,"ILI only, seed 2",2024-09-30,4,3.44061064197455,3.68514515214991,3.98354671301432,4.17741142368794,4.28401485892057,3.76560898697261
2024-10-28,"ILI only, seed 3",2024-09-30,4,3.44061064197455,3.68514515214991,3.98354671301432,4.17741142368794,4.28401485892057,3.76560898697261
2024-10-28,"ILI + wastewater, 2-week delay (as published)",2024-09-30,4,3.40700247899114,3.62445905237861,3.83495582421137,4.14268653024356,4.28401485892057,3.76560898697261
2024-10-28,"ILI + wastewater, no delay (hypothetical)",2024-09-30,4,3.32854619369215,3.68514515214991,3.98354671301432,4.20290086950816,4.28401485892057,3.76560898697261
2024-10-28,ILI only,2024-10-07,3,3.51345665047046,3.69928623553268,3.84471551232046,4.16924693749146,4.26302814414082,3.76560898697261
2024-10-28,"ILI only, seed 2",2024-10-07,3,3.51345665047046,3.68876690529245,3.86436533036585,4.16924693749146,4.26302814414082,3.76560898697261
2024-10-28,"ILI only, seed 3",2024-10-07,3,3.51345665047046,3.68876690529245,3.85454042134316,4.16924693749146,4.26302814414082,3.76560898697261
2024-10-28,"ILI + wastewater, 2-week delay (as published)",2024-10-07,3,3.44579660709592,3.66709900976092,3.84471551232046,4.16924693749146,4.26302814414082,3.76560898697261
2024-10-28,"ILI + wastewater, no delay (hypothetical)",2024-10-07,3,3.51345665047046,3.73296915137476,3.86436533036585,4.08872963549129,4.26302814414082,3.76560898697261
2024-10-28,ILI only,2024-10-14,2,3.44606092864586,3.49519541754127,3.63990187332156,3.82085449556793,4.07160118363845,3.76560898697261
2024-10-28,"ILI only, seed 2",2024-10-14,2,3.44606092864586,3.49519541754127,3.63990187332156,3.82085449556793,4.04748342132683,3.76560898697261
2024-10-28,"ILI only, seed 3",2024-10-14,2,3.44606092864586,3.49519541754127,3.63990187332156,3.82085449556793,4.07160118363845,3.76560898697261
2024-10-28,"ILI + wastewater, 2-week delay (as published)",2024-10-14,2,3.44606092864586,3.49519541754127,3.62961350838187,3.82085449556793,4.07160118363845,3.76560898697261
2024-10-28,"ILI + wastewater, no delay (hypothetical)",2024-10-14,2,3.44606092864586,3.49519541754127,3.63990187332156,3.82085449556793,3.95095372335164,3.76560898697261
2024-10-28,ILI only,2024-10-21,1,3.56698332813157,3.75567028788001,3.88088848747857,4.04590696830104,4.10136843294228,3.76560898697261
2024-10-28,"ILI only, seed 2",2024-10-21,1,3.56698332813157,3.75007059035307,3.90713583610514,4.04590696830104,4.10136843294228,3.76560898697261
2024-10-28,"ILI only, seed 3",2024-10-21,1,3.56698332813157,3.71693223297832,3.88088848747857,4.04590696830104,4.10169106790894,3.76560898697261
2024-10-28,"ILI + wastewater, 2-week delay (as published)",2024-10-21,1,3.61026905353202,3.80339741501918,3.91337625176154,4.058586024916,4.28118911856172,3.76560898697261
2024-10-28,"ILI + wastewater, no delay (hypothetical)",2024-10-21,1,3.54855938859493,3.61026905353202,3.80339741501918,3.98072097265547,4.10136843294228,3.76560898697261
2024-11-04,ILI only,2024-10-07,4,3.65512996232286,3.73749374288638,4.08561712773496,4.25399966909352,4.53098397223687,3.83384522436412
2024-11-04,"ILI only, seed 2",2024-10-07,4,3.65512996232286,3.71339686155477,4.08561712773496,4.25399966909352,4.53098397223687,3.83384522436412
2024-11-04,"ILI only, seed 3",2024-10-07,4,3.65512996232286,3.77059668683326,4.11267134041651,4.25399966909352,4.53098397223687,3.83384522436412
2024-11-04,"ILI + wastewater, 2-week delay (as published)",2024-10-07,4,3.64718284196577,3.69792816778082,4.08130868466966,4.25399966909352,4.53098397223687,3.83384522436412
2024-11-04,"ILI + wastewater, no delay (hypothetical)",2024-10-07,4,3.65512996232286,3.73749374288638,4.08561712773496,4.25399966909352,4.53098397223687,3.83384522436412
2024-11-04,ILI only,2024-10-14,3,3.51240540201622,3.66604776130668,3.81980324711369,4.08767838703705,4.26197689568658,3.83384522436412
2024-11-04,"ILI only, seed 2",2024-10-14,3,3.51240540201622,3.66604776130668,3.81980324711369,4.08767838703705,4.26197689568658,3.83384522436412
2024-11-04,"ILI only, seed 3",2024-10-14,3,3.51240540201622,3.66604776130668,3.83035565274033,4.08767838703705,4.26197689568658,3.83384522436412
2024-11-04,"ILI + wastewater, 2-week delay (as published)",2024-10-14,3,3.51240540201622,3.66604776130668,3.81980324711369,4.0666241657844,4.26297675994801,3.83384522436412
2024-11-04,"ILI + wastewater, no delay (hypothetical)",2024-10-14,3,3.51240540201622,3.66604776130668,3.81980324711369,4.0666241657844,4.22568867187288,3.83384522436412
2024-11-04,ILI only,2024-10-21,2,3.65709845983434,3.73303090590529,3.83493915622762,4.01589177847399,4.29174414499041,3.83384522436412
2024-11-04,"ILI only, seed 2",2024-10-21,2,3.67661352690238,3.73303090590529,3.82979497375778,4.01475984184706,4.26663846654451,3.83384522436412
2024-11-04,"ILI only, seed 3",2024-10-21,2,3.67661352690238,3.73303090590529,3.83493915622762,4.01475984184706,4.27662279758671,3.83384522436412
2024-11-04,"ILI + wastewater, 2-week delay (as published)",2024-10-21,2,3.67661352690238,3.73303090590529,3.83493915622762,4.01589177847399,4.27281540473595,3.83384522436412
2024-11-04,"ILI + wastewater, no delay (hypothetical)",2024-10-21,2,3.64109821155192,3.71371097191775,3.82465079128793,4.01475984184706,4.26304354317431,3.83384522436412
2024-11-04,ILI only,2024-10-28,1,3.66546787989862,3.76455773851837,3.91291735478185,4.03356481506866,4.2133855006881,3.83384522436412
2024-11-04,"ILI only, seed 2",2024-10-28,1,3.66546787989862,3.77766982070763,3.90029498081073,3.98818244534624,4.2133855006881,3.83384522436412
2024-11-04,"ILI only, seed 3",2024-10-28,1,3.68307243827181,3.77766982070763,3.91291735478185,4.00845783995222,4.2133855006881,3.83384522436412
2024-11-04,"ILI + wastewater, 2-week delay (as published)",2024-10-28,1,3.6642477495047,3.79727151429517,3.94652166761523,4.03679116473522,4.2133855006881,3.83384522436412
2024-11-04,"ILI + wastewater, no delay (hypothetical)",2024-10-28,1,3.54842649857253,3.76455773851837,3.87914102012529,3.96064626987867,4.07663215930755,3.83384522436412
2024-11-11,ILI only,2024-10-14,4,3.39165860290789,3.69687691932658,3.95248027473303,4.21567157166956,4.28947302486181,4.04882404692029
2024-11-11,"ILI only, seed 2",2024-10-14,4,3.29747975541086,3.69687691932658,3.95248027473303,4.21567157166956,4.28947302486181,4.04882404692029
2024-11-11,"ILI only, seed 3",2024-10-14,4,3.4549276113317,3.69687691932658,3.95248027473303,4.21567157166956,4.28947302486181,4.04882404692029
2024-11-11,"ILI + wastewater, 2-week delay (as published)",2024-10-14,4,3.53330363769871,3.69687691932658,3.95248027473303,4.21567157166956,4.28947302486181,4.04882404692029
2024-11-11,"ILI + wastewater, no delay (hypothetical)",2024-10-14,4,3.48122671907072,3.69687691932658,3.95248027473303,4.21567157166956,4.28947302486181,4.04882404692029
2024-11-11,ILI only,2024-10-21,3,3.70744268492228,3.93818282444061,4.01484053001975,4.21332813000526,4.36323297194328,4.04882404692029
2024-11-11,"ILI only, seed 2",2024-10-21,3,3.72106185846723,3.93818282444061,4.01484053001975,4.26692500400362,4.36323297194328,4.04882404692029
2024-11-11,"ILI only, seed 3",2024-10-21,3,3.72106185846723,3.96293234086013,4.01484053001975,4.28271566994311,4.36323297194328,4.04882404692029
2024-11-11,"ILI + wastewater, 2-week delay (as published)",2024-10-21,3,3.72106185846723,3.93818282444061,4.01484053001975,4.21332813000526,4.41394683435375,4.04882404692029
2024-11-11,"ILI + wastewater, no delay (hypothetical)",2024-10-21,3,3.70744268492228,3.93818282444061,4.00020918982985,4.21332813000526,4.36323297194328,4.04882404692029
2024-11-11,ILI only,2024-10-28,2,3.64455063513126,3.7928758716699,3.95959502142443,4.22394052711679,4.41876972918779,4.04882404692029
2024-11-11,"ILI only, seed 2",2024-10-28,2,3.66522728803167,3.79380612478832,3.95959502142443,4.22394052711679,4.43037772838294,4.04882404692029
2024-11-11,"ILI only, seed 3",2024-10-28,2,3.63234016491544,3.767135538354,3.95959502142443,4.22394052711679,4.41876972918779,4.04882404692029
2024-11-11,"ILI + wastewater, 2-week delay (as published)",2024-10-28,2,3.62242908257371,3.7928758716699,3.95959502142443,4.22394052711679,4.43037772838294,4.04882404692029
2024-11-11,"ILI + wastewater, no delay (hypothetical)",2024-10-28,2,3.62242908257371,3.767135538354,3.93854318572759,4.07818738838408,4.23732720561332,4.04882404692029
2024-11-11,ILI only,2024-11-04,1,3.54899200811282,3.73370411729013,3.90208146175563,4.00266231866178,4.28026969906501,4.04882404692029
2024-11-11,"ILI only, seed 2",2024-11-04,1,3.54899200811282,3.69718233488844,3.90208146175563,4.02591539769585,4.28026969906501,4.04882404692029
2024-11-11,"ILI only, seed 3",2024-11-04,1,3.54899200811282,3.69718233488844,3.90208146175563,4.01831674167448,4.25725896452238,4.04882404692029
2024-11-11,"ILI + wastewater, 2-week delay (as published)",2024-11-04,1,3.61070167304991,3.73370411729013,3.86467438238402,3.99911525796635,4.04633958781893,4.04882404692029
2024-11-11,"ILI + wastewater, no delay (hypothetical)",2024-11-04,1,3.64079156091787,3.82209633187504,3.96189936267157,4.02888250727018,4.28162173807961,4.04882404692029
2024-11-18,ILI only,2024-10-21,4,3.83886211887001,3.90738289600659,4.20987781292581,4.41070885457562,4.48451030776787,4.08378904828258
2024-11-18,"ILI only, seed 2",2024-10-21,4,3.78842989700338,3.90738289600659,4.20987781292581,4.41070885457562,4.48451030776787,4.08378904828258
2024-11-18,"ILI only, seed 3",2024-10-21,4,3.78842989700338,3.90738289600659,4.20987781292581,4.41070885457562,4.48451030776787,4.08378904828258
2024-11-18,"ILI + wastewater, 2-week delay (as published)",2024-10-21,4,3.84911599677468,3.90738289600659,4.20987781292581,4.41070885457562,4.48451030776787,4.08378904828258
2024-11-18,"ILI + wastewater, no delay (hypothetical)",2024-10-21,4,3.67626400197678,3.90669464466949,4.20987781292581,4.41070885457562,4.48451030776787,4.08378904828258
2024-11-18,ILI only,2024-10-28,3,3.63963906704866,3.81494932187065,4.03088686367054,4.29542935406966,4.40834431877281,4.08378904828258
2024-11-18,"ILI only, seed 2",2024-10-28,3,3.63963906704866,3.81494932187065,3.97089792889866,4.29542935406966,4.46370667269241,4.08378904828258
2024-11-18,"ILI only, seed 3",2024-10-28,3,3.63963906704866,3.81494932187065,3.99054774694405,4.29542935406966,4.46370667269241,4.08378904828258
2024-11-18,"ILI + wastewater, 2-week delay (as published)",2024-10-28,3,3.63963906704866,3.87037920656699,3.99054774694405,4.29542935406966,4.46370667269241,4.08378904828258
2024-11-18,"ILI + wastewater, no delay (hypothetical)",2024-10-28,3,3.63963906704866,3.82546865211088,3.94703691214613,4.21491205206949,4.38921056071902,4.08378904828258
2024-11-18,ILI only,2024-11-04,2,3.64153083106981,3.73346352542318,3.83427784388201,3.96107888939656,4.40909774056181,4.08378904828258
2024-11-18,"ILI only, seed 2",2024-11-04,2,3.64153083106981,3.73346352542318,3.83427784388201,3.96107888939656,4.34775251466752,4.08378904828258
2024-11-18,"ILI only, seed 3",2024-11-04,2,3.64153083106981,3.73346352542318,3.83427784388201,3.96107888939656,4.30556344300483,4.08378904828258
2024-11-18,"ILI + wastewater, 2-week delay (as published)",2024-11-04,2,3.64153083106981,3.7286335419263,3.83427784388201,3.99272852069147,4.27301166390503,4.08378904828258
2024-11-18,"ILI + wastewater, no delay (hypothetical)",2024-11-04,2,3.67704614642027,3.73346352542318,3.83427784388201,3.99272852069147,4.4870059665793,4.08378904828258
2024-11-18,ILI only,2024-11-11,1,3.76397083066899,3.98102042904667,4.10692619537663,4.24386132982635,4.3200062246829,4.08378904828258
2024-11-18,"ILI only, seed 2",2024-11-11,1,3.76397083066899,3.97108172995407,4.1163068625228,4.24386132982635,4.3200062246829,4.08378904828258
2024-11-18,"ILI only, seed 3",2024-11-11,1,3.76397083066899,3.98102042904667,4.1163068625228,4.26380286947646,4.39259558602312,4.08378904828258
2024-11-18,"ILI + wastewater, 2-week delay (as published)",2024-11-11,1,3.78239477020563,3.98102042904667,4.1170602843118,4.2613184103751,4.3200062246829,4.08378904828258
2024-11-18,"ILI + wastewater, no delay (hypothetical)",2024-11-11,1,3.76397083066899,3.85577038347404,4.09629992955263,4.20147405116203,4.31677987501634,4.08378904828258
2024-11-25,ILI only,2024-10-28,4,3.82411058435902,3.92848135502333,4.27357865043909,4.38018208567172,4.65716638881507,3.89914037959713
2024-11-25,"ILI only, seed 2",2024-10-28,4,3.82411058435902,3.92848135502333,4.27357865043909,4.38018208567172,4.65716638881507,3.89914037959713
2024-11-25,"ILI only, seed 3",2024-10-28,4,3.82411058435902,4.00506520040511,4.27357865043909,4.38018208567172,4.65716638881507,3.89914037959713
2024-11-25,"ILI + wastewater, 2-week delay (as published)",2024-10-28,4,3.78131237890106,3.9074767474463,4.21179954431316,4.38018208567172,4.65716638881507,3.89914037959713
2024-11-25,"ILI + wastewater, no delay (hypothetical)",2024-10-28,4,3.82411058435902,3.9074767474463,4.21179954431316,4.34765128511425,4.42040515250783,3.89914037959713
2024-11-25,ILI only,2024-11-04,3,3.76958496937726,3.9386154439585,4.02582555516428,4.21376074952315,4.36366559146117,3.89914037959713
2024-11-25,"ILI only, seed 2",2024-11-04,3,3.76958496937726,3.9386154439585,4.02582555516428,4.21376074952315,4.41437945387164,3.89914037959713
2024-11-25,"ILI only, seed 3",2024-11-04,3,3.76958496937726,3.9386154439585,4.02582555516428,4.21376074952315,4.41437945387164,3.89914037959713
2024-11-25,"ILI + wastewater, 2-week delay (as published)",2024-11-04,3,3.70787530444017,3.86151766373063,3.98191617996752,4.02931512678807,4.283148289461,3.89914037959713
2024-11-25,"ILI + wastewater, no delay (hypothetical)",2024-11-04,3,3.70787530444017,3.88318555926216,3.99781606898889,4.21376074952315,4.36366559146117,3.89914037959713
2024-11-25,ILI only,2024-11-11,2,3.92912241399181,4.017757608639,4.10611838388233,4.29704207391109,4.71359278833062,3.89914037959713
2024-11-25,"ILI only, seed 2",2024-11-11,2,3.92912241399181,4.04006223336199,4.10611838388233,4.29704207391109,4.71359278833062,3.89914037959713
2024-11-25,"ILI only, seed 3",2024-11-11,2,3.92912241399181,4.03668306411666,4.10611838388233,4.33203910686797,4.76648225849458,3.89914037959713
2024-11-25,"ILI + wastewater, 2-week delay (as published)",2024-11-11,2,3.92912241399181,4.04006223336199,4.10611838388233,4.23017128392112,4.66377776378573,3.89914037959713
2024-11-25,"ILI + wastewater, no delay (hypothetical)",2024-11-11,2,3.91555522486312,4.017757608639,4.05035059830168,4.18971292215211,4.4879904864612,3.89914037959713
2024-11-25,ILI only,2024-11-18,1,3.91799022816293,4.0958498820176,4.14189119673892,4.23959405986444,4.35497122604519,3.89914037959713
2024-11-25,"ILI only, seed 2",2024-11-18,1,3.91799022816293,4.0958498820176,4.14189119673892,4.24905908188481,4.37030548358175,3.89914037959713
2024-11-25,"ILI only, seed 3",2024-11-18,1,3.88842768633649,4.0958498820176,4.14189119673892,4.24905908188481,4.37030548358175,3.89914037959713
2024-11-25,"ILI + wastewater, 2-week delay (as published)",2024-11-18,1,4.01598543040896,4.11545157560514,4.14189119673892,4.26826056559294,4.39481222061752,3.89914037959713
2024-11-25,"ILI + wastewater, no delay (hypothetical)",2024-11-18,1,3.79893583203128,4.01598543040896,4.11875404964487,4.15202528567409,4.27882633118864,3.89914037959713
2024-12-02,ILI only,2024-11-04,4,3.74902308595629,3.99671759241484,4.26439313466428,4.44300674885097,4.52616777596034,4.21049663895813
2024-12-02,"ILI only, seed 2",2024-11-04,4,3.84160149593548,3.99671759241484,4.27572733863937,4.44841832306323,4.72540262620658,4.21049663895813
2024-12-02,"ILI only, seed 3",2024-11-04,4,3.78811059106455,3.99671759241484,4.30708999438622,4.44841832306323,4.72540262620658,4.21049663895813
2024-12-02,"ILI + wastewater, 2-week delay (as published)",2024-11-04,4,3.7741180255488,3.93001245111527,4.10701046709701,4.41114147409351,4.48494292728576,4.21049663895813
2024-12-02,"ILI + wastewater, no delay (hypothetical)",2024-11-04,4,3.84954861629257,3.96501534080297,4.2103104324437,4.41114147409351,4.52616777596034,4.21049663895813
2024-12-02,ILI only,2024-11-11,3,3.98456379193343,4.15359426651467,4.25411298884634,4.49812711201717,5.1440749878857,4.21049663895813
2024-12-02,"ILI only, seed 2",2024-11-11,3,3.98456379193343,4.15359426651467,4.25411298884634,4.42873957207932,5.1440749878857,4.21049663895813
2024-12-02,"ILI only, seed 3",2024-11-11,3,3.93647330054129,4.15359426651467,4.24080437772045,4.49812711201717,5.1440749878857,4.21049663895813
2024-12-02,"ILI + wastewater, 2-week delay (as published)",2024-11-11,3,3.93647330054129,4.15359426651467,4.24080437772045,4.42873957207932,4.98477496609323,4.21049663895813
2024-12-02,"ILI + wastewater, no delay (hypothetical)",2024-11-11,3,3.98456379193343,4.15359426651467,4.23758833193644,4.42873957207932,4.69155937872049,4.21049663895813
2024-12-02,ILI only,2024-11-18,2,4.03978983055425,4.10295459042502,4.26513628528341,4.59769633858598,4.74855778969291,4.21049663895813
2024-12-02,"ILI only, seed 2",2024-11-18,2,3.98340734934164,4.08531559966397,4.25672324703756,4.55550726692329,4.69874276514802,4.21049663895813
2024-12-02,"ILI only, seed 3",2024-11-18,2,3.98340734934164,4.08531559966397,4.25672324703756,4.55550726692329,4.69874276514802,4.21049663895813
2024-12-02,"ILI + wastewater, 2-week delay (as published)",2024-11-18,2,3.98340734934164,4.08422166780047,4.25672324703756,4.59769633858598,4.74855778969291,4.21049663895813
2024-12-02,"ILI + wastewater, no delay (hypothetical)",2024-11-18,2,3.92698997033873,4.07502723472428,4.18936707937126,4.36700410823026,4.59769633858598,4.21049663895813
2024-12-02,ILI only,2024-11-25,1,3.70377901765104,3.84290268340649,3.97910402651244,4.08361189690749,4.1856568148963,4.21049663895813
2024-12-02,"ILI only, seed 2",2024-11-25,1,3.70377901765104,3.86441532722512,3.97910402651244,4.08361189690749,4.1856568148963,4.21049663895813
2024-12-02,"ILI only, seed 3",2024-11-25,1,3.70377901765104,3.84290268340649,3.96737661698864,4.08361189690749,4.1856568148963,4.21049663895813
2024-12-02,"ILI + wastewater, 2-week delay (as published)",2024-11-25,1,3.70444122232095,3.88299605647684,3.96737661698864,4.08361189690749,4.1856568148963,4.21049663895813
2024-12-02,"ILI + wastewater, no delay (hypothetical)",2024-11-25,1,3.71449171091168,3.92996953761703,4.01267241274981,4.1141192021533,4.34556485429802,4.21049663895813
2024-12-09,ILI only,2024-11-11,4,3.86537633631182,4.12210608674355,4.28828026035279,4.66825705458977,5.32854650519606,4.29278550089594
2024-12-09,"ILI only, seed 2",2024-11-11,4,3.86537633631182,4.12210608674355,4.31221513730268,4.66825705458977,5.32854650519606,4.29278550089594
2024-12-09,"ILI only, seed 3",2024-11-11,4,3.98909684810497,4.12279433808065,4.31221513730268,4.66825705458977,5.32854650519606,4.29278550089594
2024-12-09,"ILI + wastewater, 2-week delay (as published)",2024-11-11,4,3.98909684810497,4.12210608674355,4.28828026035279,4.62612029664968,4.94038144876275,4.29278550089594
2024-12-09,"ILI + wastewater, no delay (hypothetical)",2024-11-11,4,3.86537633631182,4.12279433808065,4.28828026035279,4.63086634506193,4.74114659851651,4.29278550089594
2024-12-09,ILI only,2024-11-18,3,3.97143830190358,4.13312938318062,4.2505856332662,4.61360941537963,5.17903998924799,4.29278550089594
2024-12-09,"ILI only, seed 2",2024-11-18,3,4.01952879329572,4.13312938318062,4.2505856332662,4.67110239821529,5.17903998924799,4.29278550089594
2024-12-09,"ILI only, seed 3",2024-11-18,3,4.01952879329572,4.14364871342085,4.27576937908274,4.70739062202899,5.17903998924799,4.29278550089594
2024-12-09,"ILI + wastewater, 2-week delay (as published)",2024-11-18,3,4.01952879329572,4.18855926787696,4.2652169734561,4.68017445416872,5.17903998924799,4.29278550089594
2024-12-09,"ILI + wastewater, no delay (hypothetical)",2024-11-18,3,3.95657903386475,4.13312938318062,4.22670805721051,4.40196910959255,5.01973996745552,4.29278550089594
2024-12-09,ILI only,2024-11-25,2,3.74945671227397,3.89037856603883,4.09312641404895,4.2117187810086,4.55230112181231,4.29278550089594
2024-12-09,"ILI only, seed 2",2024-11-25,2,3.74945671227397,3.89037856603883,4.06504912713829,4.18235543954481,4.55230112181231,4.29278550089594
2024-12-09,"ILI only, seed 3",2024-11-25,2,3.74945671227397,3.89037856603883,4.05802367592448,4.18235543954481,4.55230112181231,4.29278550089594
2024-12-09,"ILI + wastewater, 2-week delay (as published)",2024-11-25,2,3.74945671227397,3.89037856603883,4.09312641404895,4.2117187810086,4.56390912100746,4.29278550089594
2024-12-09,"ILI + wastewater, no delay (hypothetical)",2024-11-25,2,3.79875868065619,3.95643471655917,4.14735840658793,4.51409409646257,4.65061978145971,4.29278550089594
2024-12-09,ILI only,2024-12-02,1,4.02584797027268,4.23443834388335,4.33932468045493,4.48167881672074,4.65692111365902,4.29278550089594
2024-12-09,"ILI only, seed 2",2024-12-02,1,4.01744297551188,4.23443834388335,4.33932468045493,4.48167881672074,4.65692111365902,4.29278550089594
2024-12-09,"ILI only, seed 3",2024-12-02,1,4.01744297551188,4.23443834388335,4.33932468045493,4.48167881672074,4.65692111365902,4.29278550089594
2024-12-09,"ILI + wastewater, 2-week delay (as published)",2024-12-02,1,3.96764441062127,4.0455652895784,4.24546164032042,4.40553392186419,4.55426817806096,4.29278550089594
2024-12-09,"ILI + wastewater, no delay (hypothetical)",2024-12-02,1,4.15425894276749,4.26859878741447,4.36314664319987,4.52185289831913,4.6907938630581,4.29278550089594
2024-12-16,ILI only,2024-11-18,4,3.97871736404112,4.2466614163333,4.32324526171508,4.70322205595206,5.36351150655835,4.40133894570625
2024-12-16,"ILI only, seed 2",2024-11-18,4,3.90034133767411,4.22565680875627,4.32324526171508,4.70322205595206,5.36351150655835,4.40133894570625
2024-12-16,"ILI only, seed 3",2024-11-18,4,3.90034133767411,4.2466614163333,4.32324526171508,4.70322205595206,5.36351150655835,4.40133894570625
2024-12-16,"ILI + wastewater, 2-week delay (as published)",2024-11-18,4,3.90034133767411,4.22565680875627,4.32324526171508,4.73488675120422,5.74802863492318,4.40133894570625
2024-12-16,"ILI + wastewater, no delay (hypothetical)",2024-11-18,4,3.90034133767411,4.22565680875627,4.32324526171508,4.69836214698169,4.97534645012504,4.40133894570625
2024-12-16,ILI only,2024-11-25,3,3.7719303651793,3.94386232093138,4.09112071039729,4.48645372952984,4.99439132056254,4.40133894570625
2024-12-16,"ILI only, seed 2",2024-11-25,3,3.7719303651793,3.92681281896364,4.09112071039729,4.42896074669418,4.99439132056254,4.40133894570625
2024-12-16,"ILI only, seed 3",2024-11-25,3,3.7719303651793,3.94848071449517,4.09112071039729,4.34844344469401,4.99439132056254,4.40133894570625
2024-12-16,"ILI + wastewater, 2-week delay (as published)",2024-11-25,3,3.74972723441967,3.83488012461027,4.09112071039729,4.48645372952984,4.99439132056254,4.40133894570625
2024-12-16,"ILI + wastewater, no delay (hypothetical)",2024-11-25,3,3.72588114762913,3.77317045967318,4.09112071039729,4.54187571139733,4.99439132056254,4.40133894570625
2024-12-16,ILI only,2024-12-02,2,3.96975459138762,4.09079500602965,4.29254049233969,4.78574915515582,4.96197604082071,4.40133894570625
2024-12-16,"ILI only, seed 2",2024-12-02,2,3.96975459138762,4.15918758176922,4.30165171231121,4.78574915515582,4.96197604082071,4.40133894570625
2024-12-16,"ILI only, seed 3",2024-12-02,2,3.96975459138762,4.11011494001719,4.29254049233969,4.72440392926153,4.96197604082071,4.40133894570625
2024-12-16,"ILI + wastewater, 2-week delay (as published)",2024-12-02,2,3.96975459138762,4.09079500602965,4.29254049233969,4.64966307849904,4.96197604082071,4.40133894570625
2024-12-16,"ILI + wastewater, no delay (hypothetical)",2024-12-02,2,4.02942096645811,4.19734782308022,4.45871466594893,4.82545035582357,4.96197604082071,4.40133894570625
2024-12-16,ILI only,2024-12-09,1,4.00793228464464,4.12698668077629,4.36026831649845,4.45805553449817,4.73920997559683,4.40133894570625
2024-12-16,"ILI only, seed 2",2024-12-09,1,4.00793228464464,4.14149251033284,4.36026831649845,4.45805553449817,4.73920997559683,4.40133894570625
2024-12-16,"ILI only, seed 3",2024-12-09,1,3.92922336708463,4.13358550287698,4.36026831649845,4.45805553449817,4.73920997559683,4.40133894570625
2024-12-16,"ILI + wastewater, 2-week delay (as published)",2024-12-09,1,3.92922336708463,4.10813683221049,4.36688544304935,4.56396767865855,4.74056201461143,4.40133894570625
2024-12-16,"ILI + wastewater, no delay (hypothetical)",2024-12-09,1,4.12785415151621,4.36026831649845,4.42747149473406,4.63655703999877,4.74056201461143,4.40133894570625
2024-12-23,ILI only,2024-11-25,4,3.71569266898866,3.83941318078181,4.13859659302963,4.51857338726661,5.1788628378729,4.03229183781909
2024-12-23,"ILI only, seed 2",2024-11-25,4,3.71569266898866,3.83941318078181,4.14951682303348,4.51857338726661,5.1788628378729,4.03229183781909
2024-12-23,"ILI only, seed 3",2024-11-25,4,3.71569266898866,3.83941318078181,4.13859659302963,4.51857338726661,5.1788628378729,4.03229183781909
2024-12-23,"ILI + wastewater, 2-week delay (as published)",2024-11-25,4,3.71569266898866,3.83941318078181,4.06729613952624,4.51857338726661,5.1788628378729,4.03229183781909
2024-12-23,"ILI + wastewater, no delay (hypothetical)",2024-11-25,4,3.71569266898866,3.83941318078181,4.06729613952624,4.51857338726661,5.1788628378729,4.03229183781909
2024-12-23,ILI only,2024-12-02,3,4.03723740699013,4.0832866245403,4.37216923099597,4.65979970405501,5.30574757992354,4.03229183781909
2024-12-23,"ILI only, seed 2",2024-12-02,3,3.87985647691393,4.0832866245403,4.37216923099597,4.65979970405501,5.30574757992354,4.03229183781909
2024-12-23,"ILI only, seed 3",2024-12-02,3,3.95885450298955,4.0832866245403,4.37216923099597,4.74031700605518,5.30574757992354,4.03229183781909
2024-12-23,"ILI + wastewater, 2-week delay (as published)",2024-12-02,3,3.85141379595086,4.0832866245403,4.3489758878529,4.48386425837939,5.30574757992354,4.03229183781909
2024-12-23,"ILI + wastewater, no delay (hypothetical)",2024-12-02,3,3.95083636269132,4.0832866245403,4.37216923099597,4.65979970405501,5.30574757992354,4.03229183781909
2024-12-23,ILI only,2024-12-09,2,3.96665808190388,4.05204345332543,4.3698355337559,4.68643062219475,4.90773921776138,4.03229183781909
2024-12-23,"ILI only, seed 2",2024-12-09,2,3.98484027508982,4.05204345332543,4.3698355337559,4.68643062219475,4.90773921776138,4.03229183781909
2024-12-23,"ILI only, seed 3",2024-12-09,2,3.98484027508982,4.05204345332543,4.3698355337559,4.60774695176939,4.86803801709363,4.03229183781909
2024-12-23,"ILI + wastewater, 2-week delay (as published)",2024-12-09,2,3.96665808190388,3.98484027508982,4.29726479169998,4.62741786937573,4.90773921776138,4.03229183781909
2024-12-23,"ILI + wastewater, no delay (hypothetical)",2024-12-09,2,3.98484027508982,4.09892812763982,4.3698355337559,4.76450371953665,4.90773921776138,4.03229183781909
2024-12-23,ILI only,2024-12-16,1,3.8368295908351,4.02591090429762,4.32359662874003,4.50634814736976,4.623406649687,4.03229183781909
2024-12-23,"ILI only, seed 2",2024-12-16,1,3.8368295908351,4.02591090429762,4.32359662874003,4.50634814736976,4.62391240407988,4.03229183781909
2024-12-23,"ILI only, seed 3",2024-12-16,1,3.8368295908351,4.02591090429762,4.2526816242951,4.50634814736976,4.55717110125486,4.03229183781909
2024-12-23,"ILI + wastewater, 2-week delay (as published)",2024-12-16,1,3.99857398564514,4.02591090429762,4.34510124951561,4.53016698720305,4.67252112346886,4.03229183781909
2024-12-23,"ILI + wastewater, no delay (hypothetical)",2024-12-16,1,4.02591090429762,4.17391313652231,4.50989239051656,4.67252112346886,4.84776342040714,4.03229183781909
2024-12-30,ILI only,2024-12-02,4,3.86138316771997,4.19518533505369,4.44995285239063,4.82992964662761,4.90281919055435,4.93425808249849
2024-12-30,"ILI only, seed 2",2024-12-02,4,3.86138316771997,4.15076944014281,4.37865239888724,4.726713111359,4.86529280449335,4.93425808249849
2024-12-30,"ILI only, seed 3",2024-12-02,4,3.86138316771997,4.15076944014281,4.37865239888724,4.726713111359,4.86529280449335,4.93425808249849
2024-12-30,"ILI + wastewater, 2-week delay (as published)",2024-12-02,4,3.86138316771997,4.05334803608868,4.34572867699326,4.726713111359,4.90281919055435,4.93425808249849
2024-12-30,"ILI + wastewater, no delay (hypothetical)",2024-12-02,4,3.88884851077011,4.15076944014281,4.37865239888724,4.82992964662761,4.90281919055435,4.93425808249849
2024-12-30,ILI only,2024-12-09,3,4.03312522462913,4.155183818592,4.39755572049032,4.53711382831589,4.93552083269614,4.93425808249849
2024-12-30,"ILI only, seed 2",2024-12-09,3,4.03312522462913,4.155183818592,4.42230523690984,4.53868357779127,4.93552083269614,4.93425808249849
2024-12-30,"ILI only, seed 3",2024-12-09,3,4.03312522462913,4.155183818592,4.42230523690984,4.53659057849076,4.88009885082865,4.93425808249849
2024-12-30,"ILI + wastewater, 2-week delay (as published)",2024-12-09,3,3.93370265788867,4.14337235571848,4.43126474979071,4.64103633080281,4.93552083269614,4.93425808249849
2024-12-30,"ILI + wastewater, no delay (hypothetical)",2024-12-09,3,4.03312522462913,4.155183818592,4.39755572049032,4.64103633080281,4.93552083269614,4.93425808249849
2024-12-30,ILI only,2024-12-16,2,4.03317649447965,4.09339371990013,4.22536173394534,4.49249401905933,4.91524623600965,4.93425808249849
2024-12-30,"ILI only, seed 2",2024-12-16,2,4.03317649447965,4.09339371990013,4.22026327320623,4.49249401905933,4.87305716434696,4.93425808249849
2024-12-30,"ILI only, seed 3",2024-12-16,2,4.03317649447965,4.09339371990013,4.22536173394534,4.49249401905933,4.91524623600965,4.93425808249849
2024-12-30,"ILI + wastewater, 2-week delay (as published)",2024-12-16,2,4.07521152671419,4.09339371990013,4.21834975786491,4.50691697679493,4.91524623600965,4.93425808249849
2024-12-30,"ILI + wastewater, no delay (hypothetical)",2024-12-16,2,4.09339371990013,4.16059689813574,4.42953608352196,4.59218125245437,4.97659146190394,4.93425808249849
2024-12-30,ILI only,2024-12-23,1,3.66324472993193,3.80914828650488,4.0997746534216,4.1408452826294,4.34364809718009,4.93425808249849
2024-12-30,"ILI only, seed 2",2024-12-23,1,3.65686379641046,3.79201925502595,4.0997746534216,4.14582387097177,4.34364809718009,4.93425808249849
2024-12-30,"ILI only, seed 3",2024-12-23,1,3.66324472993193,3.836930475873,4.0997746534216,4.14582387097177,4.34364809718009,4.93425808249849
2024-12-30,"ILI + wastewater, 2-week delay (as published)",2024-12-23,1,3.66260663657978,3.74743862156779,4.0997746534216,4.16697783165721,4.34364809718009,4.93425808249849
2024-12-30,"ILI + wastewater, no delay (hypothetical)",2024-12-23,1,3.66324472993193,3.97605414162845,4.1373010394826,4.34364809718009,4.48006835153458,4.93425808249849
2025-01-06,ILI only,2024-12-09,4,4.10933779028747,4.23305830208062,4.46094126082505,4.63506265524954,4.94758166643116,5.19689353641007
2025-01-06,"ILI only, seed 2",2024-12-09,4,4.00903626131221,4.23305830208062,4.46094126082505,4.62248051751048,4.94758166643116,5.19689353641007
2025-01-06,"ILI only, seed 3",2024-12-09,4,4.04606878186366,4.23305830208062,4.46094126082505,4.66943691548995,4.94758166643116,5.19689353641007
2025-01-06,"ILI + wastewater, 2-week delay (as published)",2024-12-09,4,3.97113737270792,4.18771381665448,4.53224171432844,4.87008175062533,4.94758166643116,5.19689353641007
2025-01-06,"ILI + wastewater, no delay (hypothetical)",2024-12-09,4,4.06395438264903,4.23305830208062,4.45565786894666,4.80900197329681,4.94758166643116,5.19689353641007
2025-01-06,ILI only,2024-12-16,3,4.07069878366205,4.27412893128842,4.50610916530063,4.59331927650641,4.7719236394403,5.19689353641007
2025-01-06,"ILI only, seed 2",2024-12-16,3,4.07069878366205,4.27412893128842,4.50610916530063,4.59331927650641,4.74958977561312,5.19689353641007
2025-01-06,"ILI only, seed 3",2024-12-16,3,4.20819642495878,4.27412893128842,4.53085868172015,4.59331927650641,4.74958977561312,5.19689353641007
2025-01-06,"ILI + wastewater, 2-week delay (as published)",2024-12-16,3,4.05739188794534,4.27412893128842,4.50610916530063,4.61033539831961,4.98865229563896,5.19689353641007
2025-01-06,"ILI + wastewater, no delay (hypothetical)",2024-12-16,3,4.22807971373825,4.2753690257823,4.53981819460102,4.64723702260158,4.98865229563896,5.19689353641007
2025-01-06,ILI only,2024-12-23,2,3.72434661201297,3.83843446456297,4.21477101144685,4.54619912812249,4.60754435401678,5.19689353641007
2025-01-06,"ILI only, seed 2",2024-12-23,2,3.72434661201297,3.8550400108734,4.21096470669755,4.54619912812249,4.60754435401678,5.19689353641007
2025-01-06,"ILI only, seed 3",2024-12-23,2,3.72434661201297,3.85073778648374,4.19117513414644,4.54619912812249,4.60754435401678,5.19689353641007
2025-01-06,"ILI + wastewater, 2-week delay (as published)",2024-12-23,2,3.72434661201297,3.79154979024858,4.11622628930424,4.54619912812249,4.60754435401678,5.19689353641007
2025-01-06,"ILI + wastewater, no delay (hypothetical)",2024-12-23,2,3.72434661201297,3.87134681437469,4.17318071305091,4.54619912812249,4.60754435401678,5.19689353641007
2025-01-06,ILI only,2024-12-30,1,4.47148096251613,4.66782880578383,4.95819978742371,5.08690808674023,5.38068255719938,5.19689353641007
2025-01-06,"ILI only, seed 2",2024-12-30,1,4.47148096251613,4.69140585416163,4.95819978742371,5.08690808674023,5.38068255719938,5.19689353641007
2025-01-06,"ILI only, seed 3",2024-12-30,1,4.47148096251613,4.576351035757,4.92250919000941,5.08690808674023,5.38068255719938,5.19689353641007
2025-01-06,"ILI + wastewater, 2-week delay (as published)",2024-12-30,1,4.48302805189429,4.69140585416163,4.97169279731774,5.15632578647924,5.41455530659846,5.19689353641007
2025-01-06,"ILI + wastewater, no delay (hypothetical)",2024-12-30,1,4.36974872762734,4.71748340829701,4.97169279731774,5.27802962160132,5.83622432717789,5.19689353641007
2025-01-13,ILI only,2024-12-16,4,4.21789123509778,4.29626726146479,4.56949470563536,4.67450418843914,4.77799036030026,5.26289742131678
2025-01-13,"ILI only, seed 2",2024-12-16,4,4.21789123509778,4.29626726146479,4.56949470563536,4.67450418843914,4.87458371572835,5.26289742131678
2025-01-13,"ILI only, seed 3",2024-12-16,4,4.21789123509778,4.29626726146479,4.56949470563536,4.67450418843914,4.77799036030026,5.26289742131678
2025-01-13,"ILI + wastewater, 2-week delay (as published)",2024-12-16,4,4.21789123509778,4.29626726146479,4.56685300969617,4.67450418843914,4.98338124384789,5.26289742131678
2025-01-13,"ILI + wastewater, no delay (hypothetical)",2024-12-16,4,4.21789123509778,4.31651680729842,4.47934520318142,4.67450418843914,5.05613511124147,5.26289742131678
2025-01-13,ILI only,2024-12-23,3,3.66095326411209,3.90508182340126,4.24128829043245,4.6196051877518,4.67502716961929,5.26289742131678
2025-01-13,"ILI only, seed 2",2024-12-23,3,3.66095326411209,3.90508182340126,4.22601695443115,4.6196051877518,4.67502716961929,5.26289742131678
2025-01-13,"ILI only, seed 3",2024-12-23,3,3.66095326411209,3.90508182340126,4.24128829043245,4.6196051877518,4.67502716961929,5.26289742131678
2025-01-13,"ILI + wastewater, 2-week delay (as published)",2024-12-23,3,3.66095326411209,3.90508182340126,4.26199187492079,4.6196051877518,4.67502716961929,5.26289742131678
2025-01-13,"ILI + wastewater, no delay (hypothetical)",2024-12-23,3,3.66095326411209,3.90508182340126,4.22427216861925,4.6196051877518,4.67502716961929,5.26289742131678
2025-01-13,ILI only,2024-12-30,2,4.39090047585679,4.52548479397224,4.75126889465715,5.05132811789702,5.50951059869618,5.26289742131678
2025-01-13,"ILI only, seed 2",2024-12-30,2,4.37004458531444,4.52548479397224,4.75828087073758,5.03983611358717,5.50951059869618,5.26289742131678
2025-01-13,"ILI only, seed 3",2024-12-30,2,4.22992550659014,4.52548479397224,4.75811240411209,5.02316091772781,5.50951059869618,5.26289742131678
2025-01-13,"ILI + wastewater, 2-week delay (as published)",2024-12-30,2,4.00618659381603,4.53478550168639,4.75828087073758,4.96152496719578,5.46717721929073,5.26289742131678
2025-01-13,"ILI + wastewater, no delay (hypothetical)",2024-12-30,2,4.39090047585679,4.52548479397224,4.75828087073758,5.05132811789702,5.50951059869618,5.26289742131678
2025-01-13,ILI only,2025-01-06,1,4.83333140259876,4.98348160982991,5.22855606373263,5.45952899032165,5.5406650755129,5.26289742131678
2025-01-13,"ILI only, seed 2",2025-01-06,1,4.83333140259876,4.98224182124617,5.20895437014509,5.4194669947837,5.5406650755129,5.26289742131678
2025-01-13,"ILI only, seed 3",2025-01-06,1,4.83333140259876,5.03109471629042,5.22083524133529,5.45952899032165,5.5406650755129,5.26289742131678
2025-01-13,"ILI + wastewater, 2-week delay (as published)",2025-01-06,1,4.83333140259876,5.07913832761496,5.20895437014509,5.4035515804345,5.5406650755129,5.26289742131678
2025-01-13,"ILI + wastewater, no delay (hypothetical)",2025-01-06,1,4.83333140259876,5.03109471629042,5.20895437014509,5.32572157790687,5.45952899032165,5.26289742131678
2025-01-20,ILI only,2024-12-23,4,3.75152265445748,3.97256463900377,4.2267104917888,4.60958808754848,4.68708800335431,5.47218663652701
2025-01-20,"ILI only, seed 2",2024-12-23,4,3.75152265445748,3.97256463900377,4.26846246714092,4.60958808754848,4.68708800335431,5.47218663652701
2025-01-20,"ILI only, seed 3",2024-12-23,4,3.75152265445748,3.97256463900377,4.2267104917888,4.65172484548857,4.72461438941531,5.47218663652701
2025-01-20,"ILI + wastewater, 2-week delay (as published)",2024-12-23,4,3.68317836658093,3.94746969941126,4.2267104917888,4.68338954074073,4.72461438941531,5.47218663652701
2025-01-20,"ILI + wastewater, no delay (hypothetical)",2024-12-23,4,3.69139627128978,3.92722015357763,4.19516420586981,4.68708800335431,4.72461438941531,5.47218663652701
2025-01-20,ILI only,2024-12-30,3,4.04362130863528,4.48835331430567,4.60361792045429,5.13954702442454,5.5215714324312,5.47218663652701
2025-01-20,"ILI only, seed 2",2024-12-30,3,4.04362130863528,4.48835331430567,4.60361792045429,5.13954702442454,5.5215714324312,5.47218663652701
2025-01-20,"ILI only, seed 3",2024-12-30,3,4.04362130863528,4.48835331430567,4.60361792045429,5.08232903810189,5.5215714324312,5.47218663652701
2025-01-20,"ILI + wastewater, 2-week delay (as published)",2024-12-30,3,4.04362130863528,4.48835331430567,4.60361792045429,5.16395811960019,5.5215714324312,5.47218663652701
2025-01-20,"ILI + wastewater, no delay (hypothetical)",2024-12-30,3,4.25336330746756,4.48835331430567,4.75605328135945,5.18015615939382,5.5215714324312,5.47218663652701
2025-01-20,ILI only,2025-01-06,2,4.76124417270236,4.87076611741801,5.20137282721411,5.3139635718086,5.63842357943903,5.47218663652701
2025-01-20,"ILI only, seed 2",2025-01-06,2,4.76124417270236,4.87076611741801,5.20137282721411,5.3139635718086,5.63842357943903,5.47218663652701
2025-01-20,"ILI only, seed 3",2025-01-06,2,4.76124417270236,4.87076611741801,5.20137282721411,5.3139635718086,5.63094981624142,5.47218663652701
2025-01-20,"ILI + wastewater, 2-week delay (as published)",2025-01-06,2,4.76124417270236,4.82873108518347,5.17478590933047,5.3139635718086,5.3782407734109,5.47218663652701
2025-01-20,"ILI + wastewater, no delay (hypothetical)",2025-01-06,2,4.76124417270236,4.87076611741801,5.22416042110736,5.3139635718086,5.48108763881013,5.47218663652701
2025-01-20,ILI only,2025-01-13,1,4.99646814460212,5.18231693465744,5.29786242267907,5.36790662298029,5.46955546534121,5.47218663652701
2025-01-20,"ILI only, seed 2",2025-01-13,1,4.99646814460212,5.14609834021707,5.286839126242,5.36790662298029,5.46955546534121,5.47218663652701
2025-01-20,"ILI only, seed 3",2025-01-13,1,4.99646814460212,5.14641704944887,5.29455994863934,5.36790662298029,5.50574627429639,5.47218663652701
2025-01-20,"ILI + wastewater, 2-week delay (as published)",2025-01-13,1,4.98732036759944,5.18515510435056,5.32099956977312,5.36790662298029,5.48496512529753,5.47218663652701
2025-01-20,"ILI + wastewater, no delay (hypothetical)",2025-01-13,1,4.90499037457529,5.09709860119713,5.18515510435056,5.32890130622349,5.36790662298029,5.47218663652701
2025-01-27,ILI only,2024-12-30,4,3.83020938205512,4.30011040216851,4.82831892751711,5.1024138424276,5.58905424803371,5.62419799531336
2025-01-27,"ILI only, seed 2",2024-12-30,4,3.83020938205512,4.380911559736,4.84943594409066,5.1024138424276,5.58905424803371,5.62419799531336
2025-01-27,"ILI only, seed 3",2024-12-30,4,3.83020938205512,4.24550108596881,4.75081037189002,5.1024138424276,5.58905424803371,5.62419799531336
2025-01-27,"ILI + wastewater, 2-week delay (as published)",2024-12-30,4,4.01197674648718,4.24550108596881,4.62229087890156,4.96465123351315,5.51630038064013,5.62419799531336
2025-01-27,"ILI + wastewater, no delay (hypothetical)",2024-12-30,4,4.19935737498018,4.37821702970215,4.61567875418931,5.1024138424276,5.46771719178519,5.62419799531336
2025-01-27,ILI only,2025-01-06,3,4.58587885684661,4.65735419083785,4.848972999189,5.24886370386817,5.4427916133054,5.62419799531336
2025-01-27,"ILI only, seed 2",2025-01-06,3,4.58587885684661,4.65735419083785,4.8378106934028,5.23622125484238,5.4427916133054,5.62419799531336
2025-01-27,"ILI only, seed 3",2025-01-06,3,4.58587885684661,4.67966574680286,4.85761318677744,5.25675320154834,5.50836983001302,5.62419799531336
2025-01-27,"ILI + wastewater, 2-week delay (as published)",2025-01-06,3,4.58587885684661,4.67966574680286,4.8378106934028,5.23622125484238,5.4427916133054,5.62419799531336
2025-01-27,"ILI + wastewater, no delay (hypothetical)",2025-01-06,3,4.58587885684661,4.67966574680286,4.8378106934028,5.23622125484238,5.4427916133054,5.62419799531336
2025-01-27,ILI only,2025-01-13,2,4.33482593263432,4.89473497009018,5.26737671212082,5.37996745671531,5.57922666098472,5.62419799531336
2025-01-27,"ILI only, seed 2",2025-01-13,2,4.33482593263432,4.89473497009018,5.29016430601407,5.37996745671531,5.59153676013507,5.62419799531336
2025-01-27,"ILI only, seed 3",2025-01-13,2,4.33482593263432,4.89473497009018,5.26737671212082,5.37996745671531,5.59153676013507,5.62419799531336
2025-01-27,"ILI + wastewater, 2-week delay (as published)",2025-01-13,2,4.33482593263432,4.85412413279053,5.08692020955587,5.33994745417674,5.44424465831761,5.62419799531336
2025-01-27,"ILI + wastewater, no delay (hypothetical)",2025-01-13,2,4.82724805760907,4.89473497009018,5.25413560775848,5.37996745671531,5.59153676013507,5.62419799531336
2025-01-27,ILI only,2025-01-20,1,5.00940951654465,5.3544314277319,5.53819052143372,5.68147585173724,6.0411752822022,5.62419799531336
2025-01-27,"ILI only, seed 2",2025-01-20,1,4.90767728165586,5.32352931511586,5.53819052143372,5.68147585173724,6.0411752822022,5.62419799531336
2025-01-27,"ILI only, seed 3",2025-01-20,1,5.00940951654465,5.3544314277319,5.53819052143372,5.68147585173724,6.0411752822022,5.62419799531336
2025-01-27,"ILI + wastewater, 2-week delay (as published)",2025-01-20,1,5.09675859511838,5.23191405373387,5.39444431956079,5.57719583819052,5.68147585173724,5.62419799531336
2025-01-27,"ILI + wastewater, no delay (hypothetical)",2025-01-20,1,4.90767728165586,5.39444431956079,5.57719583819052,5.73482209043859,6.0411752822022,5.62419799531336
2025-02-03,ILI only,2025-01-06,4,4.0928448359667,4.46199282889176,4.85599796988076,5.18158223250563,5.36504929633918,5.72652196162569
2025-02-03,"ILI only, seed 2",2025-01-06,4,4.0928448359667,4.46199282889176,4.85599796988076,5.09095438142869,5.36504929633918,5.72652196162569
2025-02-03,"ILI only, seed 3",2025-01-06,4,4.0928448359667,4.46199282889176,4.85599796988076,5.15191082856722,5.36504929633918,5.72652196162569
2025-02-03,"ILI + wastewater, 2-week delay (as published)",2025-01-06,4,4.0928448359667,4.46199282889176,4.85599796988076,4.88632379082729,5.36504929633918,5.72652196162569
2025-02-03,"ILI + wastewater, no delay (hypothetical)",2025-01-06,4,4.0928448359667,4.46199282889176,4.85599796988076,4.88632379082729,5.36504929633918,5.72652196162569
2025-02-03,ILI only,2025-01-13,3,4.65188274175332,4.72335807574456,4.90381457830951,5.19863716632992,5.5067024989116,5.72652196162569
2025-02-03,"ILI only, seed 2",2025-01-13,3,4.64684864389148,4.72335807574456,4.90381457830951,5.1406405680897,5.5067024989116,5.72652196162569
2025-02-03,"ILI only, seed 3",2025-01-13,3,4.54303586265745,4.72335807574456,4.90381457830951,5.15054667493778,5.46818636324283,5.72652196162569
2025-02-03,"ILI + wastewater, 2-week delay (as published)",2025-01-13,3,4.65188274175332,4.72335807574456,4.89155884760978,5.12529573901284,5.46818636324283,5.72652196162569
2025-02-03,"ILI + wastewater, no delay (hypothetical)",2025-01-13,3,4.65188274175332,4.72335807574456,4.8273061073494,5.12529573901284,5.47189387393014,5.72652196162569
2025-02-03,ILI only,2025-01-20,2,4.54411514784455,5.0365372728193,5.4726192560449,5.61307551175883,5.8008259753453,5.72652196162569
2025-02-03,"ILI only, seed 2",2025-01-20,2,4.54411514784455,5.0365372728193,5.4590378206491,5.61307551175883,5.74747973664395,5.72652196162569
2025-02-03,"ILI only, seed 3",2025-01-20,2,4.54411514784455,5.0365372728193,5.4590378206491,5.61307551175883,5.8008259753453,5.72652196162569
2025-02-03,"ILI + wastewater, 2-week delay (as published)",2025-01-20,2,4.54411514784455,5.0365372728193,5.2962094247661,5.61307551175883,5.74747973664395,5.72652196162569
2025-02-03,"ILI + wastewater, no delay (hypothetical)",2025-01-20,2,4.54411514784455,5.05110356113825,5.4994535212243,5.74747973664395,5.8008259753453,5.72652196162569
2025-02-03,ILI only,2025-01-27,1,5.35782198980141,5.50644278651825,5.63625882904838,5.77620935409971,5.83348721052359,5.72652196162569
2025-02-03,"ILI only, seed 2",2025-01-27,1,5.3577687185987,5.50644278651825,5.63625882904838,5.77620935409971,5.83348721052359,5.72652196162569
2025-02-03,"ILI only, seed 3",2025-01-27,1,5.40701550691328,5.50644278651825,5.63625882904838,5.7768479995551,5.83348721052359,5.72652196162569
2025-02-03,"ILI + wastewater, 2-week delay (as published)",2025-01-27,1,5.26629094857187,5.42883663336727,5.54645567834714,5.77620935409971,5.83348721052359,5.72652196162569
2025-02-03,"ILI + wastewater, no delay (hypothetical)",2025-01-27,1,5.40929320282584,5.54645567834714,5.69020188022007,5.7768479995551,5.88683344922494,5.72652196162569
2025-02-10,ILI only,2025-01-13,4,4.15884872087341,4.53019063826552,4.70955089855429,4.9443180930076,5.34090367879195,5.3963511068194
2025-02-10,"ILI only, seed 2",2025-01-13,4,4.15884872087341,4.52799671379847,4.70955089855429,4.9443180930076,5.29329057233144,5.3963511068194
2025-02-10,"ILI only, seed 3",2025-01-13,4,4.15884872087341,4.53019063826552,4.72254839405195,4.9443180930076,5.34090367879195,5.3963511068194
2025-02-10,"ILI + wastewater, 2-week delay (as published)",2025-01-13,4,4.15884872087341,4.52799671379847,4.6287497409868,4.9443180930076,5.27794574325458,5.3963511068194
2025-02-10,"ILI + wastewater, no delay (hypothetical)",2025-01-13,4,4.15884872087341,4.52799671379847,4.5741404247871,4.94201649309847,5.29329057233144,5.3963511068194
2025-02-10,ILI only,2025-01-20,3,4.5815498626638,4.86117195696355,5.02628186833419,5.14154647448281,5.70188667362871,5.3963511068194
2025-02-10,"ILI only, seed 2",2025-01-20,3,4.5815498626638,4.86117195696355,5.03659532255963,5.33458495422307,5.71808471342234,5.3963511068194
2025-02-10,"ILI only, seed 3",2025-01-20,3,4.5815498626638,4.86117195696355,5.03659532255963,5.33458495422307,5.71808471342234,5.3963511068194
2025-02-10,"ILI + wastewater, 2-week delay (as published)",2025-01-20,3,4.5815498626638,4.86117195696355,5.02628186833419,5.14154647448281,5.70188667362871,5.3963511068194
2025-02-10,"ILI + wastewater, no delay (hypothetical)",2025-01-20,3,4.5815498626638,4.93264729095479,5.11310379351974,5.53204630166528,5.78366293012996,5.3963511068194
2025-02-10,ILI only,2025-01-27,2,4.6961265066309,5.18854863160565,5.34724278849929,5.70124802817332,5.8994910954303,5.3963511068194
2025-02-10,"ILI only, seed 2",2025-01-27,2,4.6961265066309,5.18854863160565,5.34724278849929,5.70124802817332,5.8994910954303,5.3963511068194
2025-02-10,"ILI only, seed 3",2025-01-27,2,4.6961265066309,5.18854863160565,5.34724278849929,5.70813244679851,5.8994910954303,5.3963511068194
2025-02-10,"ILI + wastewater, 2-week delay (as published)",2025-01-27,2,4.6961265066309,5.18854863160565,5.34724278849929,5.70124802817332,5.91146883256076,5.3963511068194
2025-02-10,"ILI + wastewater, no delay (hypothetical)",2025-01-27,2,4.6961265066309,5.18854863160565,5.34724278849929,5.71310083054268,5.95283733413165,5.3963511068194
2025-02-10,ILI only,2025-02-03,1,5.27529193102149,5.51187024646179,5.60876675283058,5.82884592793802,5.93318000565012,5.3963511068194
2025-02-10,"ILI only, seed 2",2025-02-03,1,5.34155761939221,5.51187024646179,5.60876675283058,5.82884592793802,5.93581117683592,5.3963511068194
2025-02-10,"ILI only, seed 3",2025-02-03,1,5.34155761939221,5.51187024646179,5.60876675283058,5.82884592793802,5.93581117683592,5.3963511068194
2025-02-10,"ILI + wastewater, 2-week delay (as published)",2025-02-03,1,5.36295982781438,5.56072314150604,5.64877964465947,5.8315311632892,5.93581117683592,5.3963511068194
2025-02-10,"ILI + wastewater, no delay (hypothetical)",2025-02-03,1,5.34155761939221,5.3686149148842,5.56732196360673,5.78659954419462,5.93581117683592,5.3963511068194
2025-02-17,ILI only,2025-01-20,4,4.36813793608364,4.73947985347575,4.91884011376452,5.15360730821783,5.624462932111,5.29325457220558
2025-02-17,"ILI only, seed 2",2025-01-20,4,4.36813793608364,4.73947985347575,4.91884011376452,5.15360730821783,5.624462932111,5.29325457220558
2025-02-17,"ILI only, seed 3",2025-01-20,4,4.36813793608364,4.73947985347575,4.91884011376452,5.15360730821783,5.624462932111,5.29325457220558
2025-02-17,"ILI + wastewater, 2-week delay (as published)",2025-01-20,4,4.36813793608364,4.7372859290087,4.91884011376452,5.15360730821783,5.56835386327816,5.29325457220558
2025-02-17,"ILI + wastewater, no delay (hypothetical)",2025-01-20,4,4.36813793608364,4.73947985347575,5.1312910699977,5.16161689094423,5.624462932111,5.29325457220558
2025-02-17,ILI only,2025-01-27,3,4.73356122145015,5.10697020570615,5.18860668134598,5.48659631300942,5.87009607220869,5.29325457220558
2025-02-17,"ILI only, seed 2",2025-01-27,3,4.73356122145015,5.10697020570615,5.18860668134598,5.48659631300942,5.89756561473462,5.29325457220558
2025-02-17,"ILI only, seed 3",2025-01-27,3,4.73356122145015,5.10697020570615,5.18860668134598,5.48659631300942,5.85389803241506,5.29325457220558
2025-02-17,"ILI + wastewater, 2-week delay (as published)",2025-01-27,3,4.73356122145015,5.0131833157499,5.17829322712054,5.36453771904655,5.75071414383513,5.29325457220558
2025-02-17,"ILI + wastewater, no delay (hypothetical)",2025-01-27,3,4.73356122145015,5.10697020570615,5.18860668134598,5.48659631300942,5.93567428891631,5.29325457220558
2025-02-17,ILI only,2025-02-03,2,5.02218938571734,5.32704938081359,5.44956675481162,5.80482044961605,6.00181506174263,5.29325457220558
2025-02-17,"ILI only, seed 2",2025-02-03,2,4.79845047294323,5.30543888623693,5.44956675481162,5.80357199448565,5.9829530642262,5.29325457220558
2025-02-17,"ILI only, seed 3",2025-02-03,2,4.79845047294323,5.31464031594943,5.44956675481162,5.78381629858773,5.98085728672437,5.29325457220558
2025-02-17,"ILI + wastewater, 2-week delay (as published)",2025-02-03,2,5.02218938571734,5.31774867309944,5.44956675481162,5.80357199448565,6.00181506174263,5.29325457220558
2025-02-17,"ILI + wastewater, no delay (hypothetical)",2025-02-03,2,5.02218938571734,5.30543888623693,5.44956675481162,5.7547190994414,6.00181506174263,5.29325457220558
2025-02-17,ILI only,2025-02-10,1,5.03844406007791,5.06618025201311,5.28743030215149,5.49867507313173,5.63919995979901,5.29325457220558
2025-02-17,"ILI only, seed 2",2025-02-10,1,5.03844406007791,5.06618025201311,5.34781081147014,5.49867507313173,5.63919995979901,5.29325457220558
2025-02-17,"ILI only, seed 3",2025-02-10,1,5.03844406007791,5.06618025201311,5.36023237366412,5.50136030848291,5.63919995979901,5.29325457220558
2025-02-17,"ILI + wastewater, 2-week delay (as published)",2025-02-10,1,5.03844406007791,5.06618025201311,5.27859589802429,5.42801363414196,5.61892456519303,5.29325457220558
2025-02-17,"ILI + wastewater, no delay (hypothetical)",2025-02-10,1,5.03278897300809,5.06618025201311,5.23055228669975,5.38609570233429,5.52073902862038,5.29325457220558
2025-02-24,ILI only,2025-01-27,4,4.52014929486999,4.8914912122621,5.07085147255087,5.30561866700418,5.63924631725116,4.85981240436167
2025-02-24,"ILI only, seed 2",2025-01-27,4,4.76742574143635,4.8914912122621,5.07085147255087,5.30254986712534,5.60888669140892,4.85981240436167
2025-02-24,"ILI only, seed 3",2025-01-27,4,4.7183223804677,4.8914912122621,5.07085147255087,5.30561866700418,5.63924631725116,4.85981240436167
2025-02-24,"ILI + wastewater, 2-week delay (as published)",2025-01-27,4,4.52014929486999,4.88929728779505,4.97777202962848,5.29663411879794,5.65259109968486,4.85981240436167
2025-02-24,"ILI + wastewater, no delay (hypothetical)",2025-01-27,4,4.7183223804677,4.8914912122621,5.07085147255087,5.30254986712534,5.65236887228006,4.85981240436167
2025-02-24,ILI only,2025-02-03,3,4.83588518776248,5.11550728206223,5.29093064765831,5.58892027932175,6.03799825522864,4.85981240436167
2025-02-24,"ILI only, seed 2",2025-02-03,3,5.05848531270398,5.18698261605347,5.29093064765831,5.58892027932175,6.03799825522864,4.85981240436167
2025-02-24,"ILI only, seed 3",2025-02-03,3,4.83588518776248,5.18628251796099,5.29093064765831,5.58892027932175,6.03799825522864,4.85981240436167
2025-02-24,"ILI + wastewater, 2-week delay (as published)",2025-02-03,3,5.00666040296636,5.11550728206223,5.28061719343287,5.58892027932175,6.03799825522864,4.85981240436167
2025-02-24,"ILI + wastewater, no delay (hypothetical)",2025-02-03,3,5.06516630344379,5.11550728206223,5.28061719343287,5.58892027932175,6.03799825522864,4.85981240436167
2025-02-24,ILI only,2025-02-10,2,4.81597016889081,4.9968785260073,5.11995979087098,5.26308228476223,5.49009767637703,4.85981240436167
2025-02-24,"ILI only, seed 2",2025-02-10,2,4.81597016889081,4.9968785260073,5.11995979087098,5.21336191897806,5.48525394204872,4.85981240436167
2025-02-24,"ILI only, seed 3",2025-02-10,2,4.81597016889081,4.9968785260073,5.11995979087098,5.21336191897806,5.48525394204872,4.85981240436167
2025-02-24,"ILI + wastewater, 2-week delay (as published)",2025-02-10,2,4.94672851810222,5.01544747235971,5.11939590000533,5.17409615254629,5.53723998205122,4.85981240436167
2025-02-24,"ILI + wastewater, no delay (hypothetical)",2025-02-10,2,4.96070174311169,5.01544747235971,5.11939590000533,5.16850421832544,5.47340113967936,4.85981240436167
2025-02-24,ILI only,2025-02-17,1,4.9082902299721,4.96308371739929,5.10572467030448,5.21551225523936,5.39584706205303,4.85981240436167
2025-02-24,"ILI only, seed 2",2025-02-17,1,4.9082902299721,4.96308371739929,5.10572467030448,5.19059186187824,5.39557853851791,4.85981240436167
2025-02-24,"ILI only, seed 3",2025-02-17,1,4.9082902299721,4.96308371739929,5.10572467030448,5.19015803759176,5.41800911565721,4.85981240436167
2025-02-24,"ILI + wastewater, 2-week delay (as published)",2025-02-17,1,4.9082902299721,4.93534752546409,5.07922275133355,5.19015803759176,5.33412291559377,4.85981240436167
2025-02-24,"ILI + wastewater, no delay (hypothetical)",2025-02-17,1,4.9082902299721,4.96308371739929,5.07984264562542,5.19015803759176,5.32491709952814,4.85981240436167
2025-03-03,ILI only,2025-02-03,4,4.86974970774868,4.99162125410738,5.13972267552792,5.40794263331651,5.87879825720968,4.78222791310695
2025-03-03,"ILI only, seed 2",2025-02-03,4,4.86974970774868,4.90596630542483,5.03776496509601,5.40487383343767,5.87879825720968,4.78222791310695
2025-03-03,"ILI only, seed 3",2025-02-03,4,4.86974970774868,4.99162125410738,5.16982718934669,5.40794263331651,5.86345842541571,4.78222791310695
2025-03-03,"ILI + wastewater, 2-week delay (as published)",2025-02-03,4,4.82064634678003,4.90596630542483,5.03776496509601,5.38562639509638,5.62145027738423,4.78222791310695
2025-03-03,"ILI + wastewater, no delay (hypothetical)",2025-02-03,4,4.86974970774868,4.94041369609814,5.03776496509601,5.36245710128433,5.64169982321786,4.78222791310695
2025-03-03,ILI only,2025-02-10,3,4.7349954486375,4.78533642725594,4.96075979285202,5.2840003604404,5.45621077195767,4.78222791310695
2025-03-03,"ILI only, seed 2",2025-02-10,3,4.7349954486375,4.78533642725594,4.96075979285202,5.25874942451546,5.45621077195767,4.78222791310695
2025-03-03,"ILI only, seed 3",2025-02-10,3,4.7349954486375,4.78533642725594,4.96075979285202,5.25874942451546,5.45621077195767,4.78222791310695
2025-03-03,"ILI + wastewater, 2-week delay (as published)",2025-02-10,3,4.7349954486375,4.78533642725594,4.95044633862658,5.24693796164194,5.45621077195767,4.78222791310695
2025-03-03,"ILI + wastewater, no delay (hypothetical)",2025-02-10,3,4.7349954486375,4.78533642725594,4.95044633862658,5.0657109447752,5.32605394402976,4.78222791310695
2025-03-03,ILI only,2025-02-17,2,4.74781137650965,4.85998718278547,4.92871024038092,5.05251252463507,5.28010575632767,4.78222791310695
2025-03-03,"ILI only, seed 2",2025-02-17,2,4.71287363427699,4.85998718278547,4.92871024038092,5.04014693938361,5.28010575632767,4.78222791310695
2025-03-03,"ILI only, seed 3",2025-02-17,2,4.71287363427699,4.85998718278547,4.92871024038092,5.06540768371162,5.28010575632767,4.78222791310695
2025-03-03,"ILI + wastewater, 2-week delay (as published)",2025-02-17,2,4.71287363427699,4.85998718278547,4.92871024038092,5.04014693938361,5.11727736044467,4.78222791310695
2025-03-03,"ILI + wastewater, no delay (hypothetical)",2025-02-17,2,4.71287363427699,4.85998718278547,4.92871024038092,5.04014693938361,5.11727736044467,4.78222791310695
2025-03-03,ILI only,2025-02-24,1,4.61953982156853,4.66439580866656,4.73812030087387,4.82508735198966,4.98420032616265,4.78222791310695
2025-03-03,"ILI only, seed 2",2025-02-24,1,4.61953982156853,4.66439580866656,4.73812030087387,4.8436242726276,4.98420032616265,4.78222791310695
2025-03-03,"ILI only, seed 3",2025-02-24,1,4.61953982156853,4.66439580866656,4.73812030087387,4.84366808124138,5.0664704483861,4.78222791310695
2025-03-03,"ILI + wastewater, 2-week delay (as published)",2025-02-24,1,4.61696017602481,4.66439580866656,4.73812030087387,4.82508735198966,4.88375410928689,4.78222791310695
2025-03-03,"ILI + wastewater, no delay (hypothetical)",2025-02-24,1,4.64516068919777,4.66439580866656,4.75671586974785,4.861803115039,5.0664704483861,4.78222791310695
2025-03-10,ILI only,2025-02-10,4,4.53957885294239,4.65056019277403,4.76220342648942,5.0069799817845,5.52980479232202,4.51426031062825
2025-03-10,"ILI only, seed 2",2025-02-10,4,4.53957885294239,4.65056019277403,4.76220342648942,4.95968389784126,5.52980479232202,4.51426031062825
2025-03-10,"ILI only, seed 3",2025-02-10,4,4.53957885294239,4.61024284129185,4.74970670125817,4.95968389784126,5.52980479232202,4.51426031062825
2025-03-10,"ILI + wastewater, 2-week delay (as published)",2025-02-10,4,4.53957885294239,4.65056019277403,4.70759411028972,4.84300458405691,5.52980479232202,4.51426031062825
2025-03-10,"ILI + wastewater, no delay (hypothetical)",2025-02-10,4,4.53957885294239,4.65056019277403,4.70759411028972,4.84300458405691,5.52980479232202,4.51426031062825
2025-03-10,ILI only,2025-02-17,3,4.63189891402368,4.68223989264212,4.81098970027798,4.9623111490978,5.22295740941594,4.51426031062825
2025-03-10,"ILI only, seed 2",2025-02-17,3,4.63189891402368,4.68223989264212,4.82403824125533,4.9623111490978,5.22295740941594,4.51426031062825
2025-03-10,"ILI only, seed 3",2025-02-17,3,4.63189891402368,4.68223989264212,4.77602678259837,4.94533403498451,5.21741904249797,4.51426031062825
2025-03-10,"ILI + wastewater, 2-week delay (as published)",2025-02-17,3,4.63189891402368,4.68223989264212,4.77602678259837,4.94533403498451,5.21741904249797,4.51426031062825
2025-03-10,"ILI + wastewater, no delay (hypothetical)",2025-02-17,3,4.63189891402368,4.68223989264212,4.75371522663336,4.91845483589581,5.1709977189785,4.51426031062825
2025-03-10,ILI only,2025-02-24,2,4.32327370190394,4.43872932897291,4.55059039897277,4.63755745008856,4.86429169516571,4.51426031062825
2025-03-10,"ILI only, seed 2",2025-02-24,2,4.33536744139745,4.43872932897291,4.55059039897277,4.63755745008856,4.94374685584682,4.51426031062825
2025-03-10,"ILI only, seed 3",2025-02-24,2,4.33536744139745,4.44573216120423,4.55059039897277,4.64807597686254,4.94871523959099,4.51426031062825
2025-03-10,"ILI + wastewater, 2-week delay (as published)",2025-02-24,2,4.33536744139745,4.46033982354957,4.55059039897277,4.63755745008856,4.81706398410741,4.51426031062825
2025-03-10,"ILI + wastewater, no delay (hypothetical)",2025-02-24,2,4.33536744139745,4.45103911583542,4.55059039897277,4.64807597686254,4.94374685584682,4.51426031062825
2025-03-10,ILI only,2025-03-03,1,4.34878574526304,4.53937568477009,4.59469801120585,4.73679637158629,4.94674285125144,4.51426031062825
2025-03-10,"ILI only, seed 2",2025-03-03,1,4.34878574526304,4.53937568477009,4.59469801120585,4.73679637158629,4.94674285125144,4.51426031062825
2025-03-10,"ILI only, seed 3",2025-03-03,1,4.34878574526304,4.42432086636546,4.59469801120585,4.73679637158629,4.94674285125144,4.51426031062825
2025-03-10,"ILI + wastewater, 2-week delay (as published)",2025-03-03,1,4.34878574526304,4.53937568477009,4.59469801120585,4.70464342185223,4.80616961803217,4.51426031062825
2025-03-10,"ILI + wastewater, no delay (hypothetical)",2025-03-03,1,4.34878574526304,4.39726357087347,4.56757619794305,4.65293667014545,4.80082181985861,4.51426031062825
2025-03-17,ILI only,2025-02-17,4,4.43648231832857,4.54746365816021,4.70645528610781,4.92918971186422,5.30836840114245,4.17914516391457
2025-03-17,"ILI only, seed 2",2025-02-17,4,4.43648231832857,4.54746365816021,4.70645528610781,4.76575458229722,5.21094192775701,4.17914516391457
2025-03-17,"ILI only, seed 3",2025-02-17,4,4.43648231832857,4.54746365816021,4.70645528610781,4.75290554494075,5.20843243379775,4.17914516391457
2025-03-17,"ILI + wastewater, 2-week delay (as published)",2025-02-17,4,4.43648231832857,4.54746365816021,4.70645528610781,4.73990804944309,5.11432250788415,4.17914516391457
2025-03-17,"ILI + wastewater, no delay (hypothetical)",2025-02-17,4,4.43648231832857,4.50714630667803,4.70645528610781,4.73990804944309,5.1873154172242,4.17914516391457
2025-03-17,ILI only,2025-02-24,3,4.15014022347158,4.24879772479821,4.42205982094962,4.53496100623578,4.90633241999656,4.17914516391457
2025-03-17,"ILI only, seed 2",2025-02-24,3,4.15014022347158,4.24879772479821,4.42205982094962,4.53496100623578,4.78951524157203,4.17914516391457
2025-03-17,"ILI only, seed 3",2025-02-24,3,4.15014022347158,4.24879772479821,4.42205982094962,4.53496100623578,4.79508953443567,4.17914516391457
2025-03-17,"ILI + wastewater, 2-week delay (as published)",2025-02-24,3,4.15014022347158,4.24879772479821,4.42205982094962,4.52886898125389,4.73755555113459,4.17914516391457
2025-03-17,"ILI + wastewater, no delay (hypothetical)",2025-02-24,3,4.15014022347158,4.27420501938095,4.42422109039429,4.6666698836142,4.96856376798771,4.17914516391457
2025-03-17,ILI only,2025-03-03,2,4.20184697517836,4.27120125400832,4.41768358128229,4.55997295883384,4.79808552984029,4.17914516391457
2025-03-17,"ILI only, seed 2",2025-03-03,2,4.20184697517836,4.27120125400832,4.41768358128229,4.57049148560782,4.79808552984029,4.17914516391457
2025-03-17,"ILI only, seed 3",2025-03-03,2,4.20184697517836,4.27120125400832,4.41768358128229,4.57049148560782,4.81042505092266,4.17914516391457
2025-03-17,"ILI + wastewater, 2-week delay (as published)",2025-03-03,2,4.20184697517836,4.27120125400832,4.41768358128229,4.55997295883384,4.78463368812454,4.17914516391457
2025-03-17,"ILI + wastewater, no delay (hypothetical)",2025-03-03,2,4.20184697517836,4.27120125400832,4.41406546188035,4.55997295883384,4.78463368812454,4.17914516391457
2025-03-17,ILI only,2025-03-10,1,4.27398772783511,4.31884371493314,4.41116377601443,4.47953525825624,4.63864823242923,4.17914516391457
2025-03-17,"ILI only, seed 2",2025-03-10,1,4.27398772783511,4.31884371493314,4.43667581937353,4.47953525825624,4.63864823242923,4.17914516391457
2025-03-17,"ILI only, seed 3",2025-03-10,1,4.27398772783511,4.31884371493314,4.42328944856463,4.47953525825624,4.63864823242923,4.17914516391457
2025-03-17,"ILI + wastewater, 2-week delay (as published)",2025-03-10,1,4.27398772783511,4.31884371493314,4.41116377601443,4.50400490614314,4.73943373069802,4.17914516391457
2025-03-17,"ILI + wastewater, no delay (hypothetical)",2025-03-10,1,4.24629270814955,4.31884371493314,4.39256820714045,4.47953525825624,4.54592283795081,4.17914516391457
2025-03-24,ILI only,2025-02-24,4,4.00304015048466,4.1140214903163,4.2974827661508,4.47246402746582,4.9950444423968,3.80332358850481
2025-03-24,"ILI only, seed 2",2025-02-24,4,4.00304015048466,4.1140214903163,4.2974827661508,4.48952946471512,4.9950444423968,3.80332358850481
2025-03-24,"ILI only, seed 3",2025-02-24,4,4.00304015048466,4.1140214903163,4.2974827661508,4.49092901518595,4.99326608986429,3.80332358850481
2025-03-24,"ILI + wastewater, 2-week delay (as published)",2025-02-24,4,4.00304015048466,4.1140214903163,4.2974827661508,4.35370765448934,4.68088034004024,3.80332358850481
2025-03-24,"ILI + wastewater, no delay (hypothetical)",2025-02-24,4,4.03925674816081,4.1140214903163,4.2974827661508,4.48952946471512,4.93963475876444,3.80332358850481
2025-03-24,ILI only,2025-03-03,3,4.07255573221686,4.1681047193945,4.3444753296949,4.47167145899968,4.83108718816483,3.80332358850481
2025-03-24,"ILI only, seed 2",2025-03-03,3,4.07255573221686,4.1681047193945,4.3444753296949,4.47167145899968,4.83108718816483,3.80332358850481
2025-03-24,"ILI only, seed 3",2025-03-03,3,4.07255573221686,4.1681047193945,4.3444753296949,4.47167145899968,4.83108718816483,3.80332358850481
2025-03-24,"ILI + wastewater, 2-week delay (as published)",2025-03-03,3,4.07255573221686,4.1681047193945,4.33100010324083,4.43828085534604,4.71193075031731,3.80332358850481
2025-03-24,"ILI + wastewater, no delay (hypothetical)",2025-03-03,3,4.07255573221686,4.1681047193945,4.3130115821567,4.43828085534604,4.71193075031731,3.80332358850481
2025-03-24,ILI only,2025-03-10,2,4.06118830279829,4.14609785940165,4.18955247197164,4.29200535635514,4.51666608564584,3.80332358850481
2025-03-24,"ILI only, seed 2",2025-03-10,2,4.06118830279829,4.14609785940165,4.18955247197164,4.29200535635514,4.51666608564584,3.80332358850481
2025-03-24,"ILI only, seed 3",2025-03-10,2,4.06118830279829,4.11478772981615,4.18955247197164,4.2640376291173,4.51666608564584,3.80332358850481
2025-03-24,"ILI + wastewater, 2-week delay (as published)",2025-03-10,2,4.06118830279829,4.11478772981615,4.18955247197164,4.2640376291173,4.50121227805777,3.80332358850481
2025-03-24,"ILI + wastewater, no delay (hypothetical)",2025-03-10,2,3.98981534766403,4.09317723523949,4.18955247197164,4.2640376291173,4.42315060329029,3.80332358850481
2025-03-24,ILI only,2025-03-17,1,3.79418082168109,3.84403001720089,3.98372856821946,4.10156067265985,4.16888975942946,3.80332358850481
2025-03-24,"ILI only, seed 2",2025-03-17,1,3.77461345143387,3.84403001720089,3.98372856821946,4.13060486856531,4.19773907066623,3.80332358850481
2025-03-24,"ILI only, seed 3",2025-03-17,1,3.77461345143387,3.84403001720089,3.98372856821946,4.13060486856531,4.16888975942946,3.80332358850481
2025-03-24,"ILI + wastewater, 2-week delay (as published)",2025-03-17,1,3.84403001720089,3.93629293557771,3.99161526201347,4.13060486856531,4.16300084079428,3.80332358850481
2025-03-24,"ILI + wastewater, no delay (hypothetical)",2025-03-17,1,3.77461345143387,3.84403001720089,3.98372856821946,4.10156067265985,4.16888975942946,3.80332358850481
2025-03-31,ILI only,2025-03-03,4,3.87635229826129,4.12505535980361,4.21989827489608,4.46886325149588,4.81262106412161,3.81374843615981
2025-03-31,"ILI only, seed 2",2025-03-03,4,3.83793386458821,4.0701428098842,4.20530137251025,4.46886325149588,4.81262106412161,3.81374843615981
2025-03-31,"ILI only, seed 3",2025-03-03,4,3.83793386458821,4.04952113005569,4.21989827489608,4.46886325149588,4.81262106412161,3.81374843615981
2025-03-31,"ILI + wastewater, 2-week delay (as published)",2025-03-03,4,3.92545565922994,4.04952113005569,4.20516312279278,4.46886325149588,4.47165816752417,3.81374843615981
2025-03-31,"ILI + wastewater, no delay (hypothetical)",2025-03-03,4,3.83793386458821,4.04952113005569,4.20516312279278,4.46886325149588,4.47165816752417,3.81374843615981
2025-03-31,ILI only,2025-03-10,3,3.79439875196892,3.90324563106479,4.0765077272162,4.18940891250236,4.38842555091828,3.81374843615981
2025-03-31,"ILI only, seed 2",2025-03-10,3,3.80458812973816,3.92865292564753,4.0765077272162,4.20370385652098,4.38878334156657,3.81374843615981
2025-03-31,"ILI only, seed 3",2025-03-10,3,3.80458812973816,3.92865292564753,4.0765077272162,4.22722683217703,4.38842555091828,3.81374843615981
2025-03-31,"ILI + wastewater, 2-week delay (as published)",2025-03-10,3,3.79439875196892,3.89776063954438,4.06835554243543,4.17031325286734,4.38842555091828,3.81374843615981
2025-03-31,"ILI + wastewater, no delay (hypothetical)",2025-03-10,3,3.79439875196892,3.9001371169158,4.0765077272162,4.18940891250236,4.38842555091828,3.81374843615981
2025-03-31,ILI only,2025-03-17,2,3.59876422598598,3.75806208852581,3.9260375310926,4.08803545657661,4.18155093893216,3.81374843615981
2025-03-31,"ILI only, seed 2",2025-03-17,2,3.59876422598598,3.7299058439877,3.92892248240362,4.08803545657661,4.18155093893216,3.81374843615981
2025-03-31,"ILI only, seed 3",2025-03-17,2,3.59876422598598,3.75806208852581,3.92892248240362,4.08803545657661,4.18155093893216,3.81374843615981
2025-03-31,"ILI + wastewater, 2-week delay (as published)",2025-03-17,2,3.59876422598598,3.75806208852581,3.92892248240362,4.08803545657661,4.18155093893216,3.81374843615981
2025-03-31,"ILI + wastewater, no delay (hypothetical)",2025-03-17,2,3.65470020095035,3.75846912831358,3.90275384796615,3.96740873641544,4.18155093893216,3.81374843615981
2025-03-31,ILI only,2025-03-24,1,3.3698814206609,3.42750201309505,3.61579368660371,3.78713545677074,3.92771151030579,3.81374843615981
2025-03-31,"ILI only, seed 2",2025-03-24,1,3.39879187602411,3.46820844179113,3.61579368660371,3.78713545677074,3.92771151030579,3.81374843615981
2025-03-31,"ILI only, seed 3",2025-03-24,1,3.39879187602411,3.46820844179113,3.61579368660371,3.78713545677074,3.92771151030579,3.81374843615981
2025-03-31,"ILI + wastewater, 2-week delay (as published)",2025-03-24,1,3.36784258445638,3.42750201309505,3.61579368660371,3.76755327554535,3.92771151030579,3.81374843615981
2025-03-31,"ILI + wastewater, no delay (hypothetical)",2025-03-24,1,3.3898950936621,3.46820844179113,3.61579368660371,3.76755327554535,3.84075830332406,3.81374843615981
2025-04-07,ILI only,2025-03-10,4,3.55422713609578,3.65748805675124,3.86761590506702,3.9548156237284,4.20089564901718,3.39819287264186
2025-04-07,"ILI only, seed 2",2025-03-10,4,3.41257500197217,3.69370465442739,3.86761590506702,3.9548156237284,4.20089564901718,3.39819287264186
2025-04-07,"ILI only, seed 3",2025-03-10,4,3.55422713609578,3.69370465442739,3.86761590506702,3.96091378786576,4.20089564901718,3.39819287264186
2025-04-07,"ILI + wastewater, 2-week delay (as published)",2025-03-10,4,3.59197897461694,3.69370465442739,3.86761590506702,3.9548156237284,4.20089564901718,3.39819287264186
2025-04-07,"ILI + wastewater, no delay (hypothetical)",2025-03-10,4,3.41257500197217,3.6321695144371,3.86761590506702,3.9548156237284,4.20089564901718,3.39819287264186
2025-04-07,ILI only,2025-03-17,3,3.45928360525524,3.49847792346747,3.63680542597241,3.83519810615366,4.0533104042046,3.39819287264186
2025-04-07,"ILI only, seed 2",2025-03-17,3,3.45928360525524,3.49847792346747,3.63680542597241,3.83519810615366,4.0533104042046,3.39819287264186
2025-04-07,"ILI only, seed 3",2025-03-17,3,3.45928360525524,3.49847792346747,3.63680542597241,3.83519810615366,3.9860026431671,3.39819287264186
2025-04-07,"ILI + wastewater, 2-week delay (as published)",2025-03-17,3,3.45928360525524,3.49847792346747,3.63680542597241,3.74139258050252,4.0533104042046,3.39819287264186
2025-04-07,"ILI + wastewater, no delay (hypothetical)",2025-03-17,3,3.45928360525524,3.48199156773919,3.62707093018881,3.8043454276048,3.9860026431671,3.39819287264186
2025-04-07,ILI only,2025-03-24,2,3.15471028767869,3.27887862554059,3.47648147970159,3.62352253118957,3.81918120523815,3.39819287264186
2025-04-07,"ILI only, seed 2",2025-03-24,2,3.15471028767869,3.27887862554059,3.47648147970159,3.71221388116685,3.8057293635224,3.39819287264186
2025-04-07,"ILI only, seed 3",2025-03-24,2,3.15471028767869,3.27887862554059,3.47648147970159,3.62224791600479,3.8057293635224,3.39819287264186
2025-04-07,"ILI + wastewater, 2-week delay (as published)",2025-03-24,2,3.15471028767869,3.27887862554059,3.47648147970159,3.59158716100568,3.8057293635224,3.39819287264186
2025-04-07,"ILI + wastewater, no delay (hypothetical)",2025-03-24,2,3.15471028767869,3.27887862554059,3.4786157498482,3.6273463767439,3.8057293635224,3.39819287264186
2025-04-07,ILI only,2025-03-31,1,3.36068343109875,3.40921672367911,3.59825080702087,3.76831689463915,3.83234234291147,3.39819287264186
2025-04-07,"ILI only, seed 2",2025-03-31,1,3.36068343109875,3.40921672367911,3.59825080702087,3.76831689463915,3.83234234291147,3.39819287264186
2025-04-07,"ILI only, seed 3",2025-03-31,1,3.36068343109875,3.40254368276168,3.58115619557776,3.76831689463915,3.83234234291147,3.39819287264186
2025-04-07,"ILI + wastewater, 2-week delay (as published)",2025-03-31,1,3.36068343109875,3.40254368276168,3.57089620782295,3.76831689463915,3.82417328381481,3.39819287264186
2025-04-07,"ILI + wastewater, no delay (hypothetical)",2025-03-31,1,3.36068343109875,3.36251840555561,3.54578083368111,3.68445719319831,3.82417328381481,3.39819287264186
2025-04-14,ILI only,2025-03-17,4,3.27326954906891,3.53250075835334,3.6168155257037,3.80886222426802,3.8657805023035,3.37108175775753
2025-04-14,"ILI only, seed 2",2025-03-17,4,3.27326954906891,3.53250075835334,3.6168155257037,3.80886222426802,3.8657805023035,3.37108175775753
2025-04-14,"ILI only, seed 3",2025-03-17,4,3.27326954906891,3.53250075835334,3.61970047701472,3.80886222426802,3.8657805023035,3.37108175775753
2025-04-14,"ILI + wastewater, 2-week delay (as published)",2025-03-17,4,3.27326954906891,3.46580343600512,3.6168155257037,3.80886222426802,3.8657805023035,3.37108175775753
2025-04-14,"ILI + wastewater, no delay (hypothetical)",2025-03-17,4,3.07745985525849,3.46580343600512,3.6020803736004,3.63879613664974,3.8657805023035,3.37108175775753
2025-04-14,ILI only,2025-03-24,3,3.08346202984548,3.13852215594462,3.35209577863869,3.47847219037892,3.67748882879484,3.37108175775753
2025-04-14,"ILI only, seed 2",2025-03-24,3,3.08346202984548,3.13852215594462,3.35209577863869,3.49276713439754,3.67748882879484,3.37108175775753
2025-04-14,"ILI only, seed 3",2025-03-24,3,3.08346202984548,3.13852215594462,3.35209577863869,3.49276713439754,3.67748882879484,3.37108175775753
2025-04-14,"ILI + wastewater, 2-week delay (as published)",2025-03-24,3,3.08346202984548,3.13852215594462,3.35209577863869,3.47847219037892,3.67748882879484,3.37108175775753
2025-04-14,"ILI + wastewater, no delay (hypothetical)",2025-03-24,3,3.08346202984548,3.12265634805771,3.33410725755456,3.47847219037892,3.61018106775734,3.37108175775753
2025-04-14,ILI only,2025-03-31,2,3.16513513533369,3.27039082951811,3.36450911623294,3.51938011378661,3.8161542111774,3.37108175775753
2025-04-14,"ILI only, seed 2",2025-03-31,2,3.16513513533369,3.28930347319559,3.36450911623294,3.50452643077091,3.80195776382148,3.37108175775753
2025-04-14,"ILI only, seed 3",2025-03-31,2,3.16513513533369,3.27039082951811,3.36450911623294,3.51938011378661,3.8161542111774,3.37108175775753
2025-04-14,"ILI + wastewater, 2-week delay (as published)",2025-03-31,2,3.16513513533369,3.23441612054552,3.36450911623294,3.50452643077091,3.77030760531648,3.37108175775753
2025-04-14,"ILI + wastewater, no delay (hypothetical)",2025-03-31,2,3.16513513533369,3.28930347319559,3.36450911623294,3.51938011378661,3.8161542111774,3.37108175775753
2025-04-14,ILI only,2025-04-07,1,3.0223712972321,3.2026445768768,3.32060838138714,3.40018358331919,3.61068723609667,3.37108175775753
2025-04-14,"ILI only, seed 2",2025-04-07,1,3.06307772592818,3.2026445768768,3.32060838138714,3.40018358331919,3.63981650343417,3.37108175775753
2025-04-14,"ILI only, seed 3",2025-04-07,1,3.06307772592818,3.2026445768768,3.32060838138714,3.40861772029686,3.63981650343417,3.37108175775753
2025-04-14,"ILI + wastewater, 2-week delay (as published)",2025-04-07,1,3.06307772592818,3.2026445768768,3.31761238598252,3.40018358331919,3.42910536759203,3.37108175775753
2025-04-14,"ILI + wastewater, no delay (hypothetical)",2025-04-07,1,3.01322853040838,3.13182278615243,3.32060838138714,3.40018358331919,3.49108661953456,3.37108175775753
2025-04-21,ILI only,2025-03-24,4,2.89744797365915,3.15667918294358,3.22639704790811,3.43304064885826,3.48995892689374,3.2092294478164
2025-04-21,"ILI only, seed 2",2025-03-24,4,2.89744797365915,3.15667918294358,3.22625879819064,3.43304064885826,3.48995892689374,3.2092294478164
2025-04-21,"ILI only, seed 3",2025-03-24,4,2.89744797365915,3.10883928402576,3.22639704790811,3.43304064885826,3.48995892689374,3.2092294478164
2025-04-21,"ILI + wastewater, 2-week delay (as published)",2025-03-24,4,2.89744797365915,3.08998186059536,3.22625879819064,3.43304064885826,3.48995892689374,3.2092294478164
2025-04-21,"ILI + wastewater, no delay (hypothetical)",2025-03-24,4,2.89744797365915,3.08998186059536,3.22639704790811,3.42479275423415,3.48995892689374,3.2092294478164
2025-04-21,ILI only,2025-03-31,3,3.09388687750048,3.14894700359962,3.31907757471228,3.48310827411561,3.8602684517947,3.2092294478164
2025-04-21,"ILI only, seed 2",2025-03-31,3,3.09388687750048,3.14894700359962,3.31907757471228,3.48310827411561,3.84142087552632,3.2092294478164
2025-04-21,"ILI only, seed 3",2025-03-31,3,3.09388687750048,3.14894700359962,3.31907757471228,3.48889703803392,3.8602684517947,3.2092294478164
2025-04-21,"ILI + wastewater, 2-week delay (as published)",2025-03-31,3,3.03475417458248,3.14894700359962,3.31907757471228,3.43894869985004,3.68791367644984,3.2092294478164
2025-04-21,"ILI + wastewater, no delay (hypothetical)",2025-03-31,3,2.90761142326879,3.14894700359962,3.27140869821765,3.4349057676626,3.62060591541234,3.2092294478164
2025-04-21,ILI only,2025-04-07,2,2.89658757223154,3.05264077890844,3.18645644514273,3.35475204179853,3.52529337493609,3.2092294478164
2025-04-21,"ILI only, seed 2",2025-04-07,2,2.89658757223154,3.05264077890844,3.18645644514273,3.35475204179853,3.52529337493609,3.2092294478164
2025-04-21,"ILI only, seed 3",2025-04-07,2,2.94155657772307,3.07135076383864,3.18645644514273,3.35475204179853,3.52529337493609,3.2092294478164
2025-04-21,"ILI + wastewater, 2-week delay (as published)",2025-04-07,2,2.87374790967764,2.97751683704087,3.14508523981989,3.35475204179853,3.47524290550182,3.2092294478164
2025-04-21,"ILI + wastewater, no delay (hypothetical)",2025-04-07,2,2.89658757223154,2.99306215677891,3.14797019113091,3.35475204179853,3.52529337493609,3.2092294478164
2025-04-21,ILI only,2025-04-14,1,2.91985172715333,2.98611741552405,3.24179051479603,3.35489362602346,3.38967566450919,3.2092294478164
2025-04-21,"ILI only, seed 2",2025-04-14,1,2.91985172715333,2.98611741552405,3.24179051479603,3.35489362602346,3.38967566450919,3.2092294478164
2025-04-21,"ILI only, seed 3",2025-04-14,1,2.9356007537091,2.98611741552405,3.24179051479603,3.35489362602346,3.38967566450919,3.2092294478164
2025-04-21,"ILI + wastewater, 2-week delay (as published)",2025-04-14,1,2.91801675269647,2.95552619423958,3.16660164658492,3.32565021623687,3.38967566450919,3.2092294478164
2025-04-21,"ILI + wastewater, no delay (hypothetical)",2025-04-14,1,2.91801675269647,2.91985172715333,3.10311415527883,3.32565021623687,3.38150660541253,3.2092294478164
2025-04-28,ILI only,2025-03-31,4,2.84526895921267,2.90787282131415,3.16754091035128,3.28624844625145,3.50038377454874,3.24649099190117
2025-04-28,"ILI only, seed 2",2025-03-31,4,2.75725962030295,2.90787282131415,3.16754091035128,3.28624844625145,3.48421264353525,3.24649099190117
2025-04-28,"ILI only, seed 3",2025-03-31,4,2.84526895921267,2.90787282131415,3.16754091035128,3.28624844625145,3.50038377454874,3.24649099190117
2025-04-28,"ILI + wastewater, 2-week delay (as published)",2025-03-31,4,2.71206312750373,2.90787282131415,3.16754091035128,3.28624844625145,3.50038377454874,3.24649099190117
2025-04-28,"ILI + wastewater, no delay (hypothetical)",2025-03-31,4,2.71206312750373,2.90787282131415,3.16754091035128,3.27339940889498,3.50038377454874,3.24649099190117
2025-04-28,ILI only,2025-04-07,3,2.67833131398253,2.8558531346997,2.96260155867448,3.20505035189439,3.44471288827675,3.24649099190117
2025-04-28,"ILI only, seed 2",2025-04-07,3,2.67833131398253,2.8558531346997,2.99831883341151,3.20505035189439,3.44471288827675,3.24649099190117
2025-04-28,"ILI only, seed 3",2025-04-07,3,2.67833131398253,2.8558531346997,2.98046019604299,3.20505035189439,3.44471288827675,3.24649099190117
2025-04-28,"ILI + wastewater, 2-week delay (as published)",2025-04-07,3,2.69768099817342,2.8558531346997,3.02339313633209,3.20505035189439,3.44471288827675,3.24649099190117
2025-04-28,"ILI + wastewater, no delay (hypothetical)",2025-04-07,3,2.67241804369073,2.73597577086539,2.94696506277574,3.08763641853459,3.33347000271586,3.24649099190117
2025-04-28,ILI only,2025-04-14,2,2.79070081982894,2.84663679479331,2.92841507935525,3.27997205041957,3.49818226005176,3.24649099190117
2025-04-28,"ILI only, seed 2",2025-04-14,2,2.79070081982894,2.84663679479331,2.92841507935525,3.27997205041957,3.49818226005176,3.24649099190117
2025-04-28,"ILI only, seed 3",2025-04-14,2,2.79070081982894,2.84663679479331,2.92841507935525,3.1593453302584,3.49818226005176,3.24649099190117
2025-04-28,"ILI + wastewater, 2-week delay (as published)",2025-04-14,2,2.72246845693141,2.84663679479331,2.92184243783066,3.1593453302584,3.38693937449087,3.24649099190117
2025-04-28,"ILI + wastewater, no delay (hypothetical)",2025-04-14,2,2.72246845693141,2.84663679479331,2.93192373670254,3.3276409269142,3.54975462663599,3.24649099190117
2025-05-05,ILI only,2025-04-07,4,2.68485114473241,2.82126633204516,2.95892172840324,3.49626004513383,3.91440934504273,3.2699490950522
2025-05-05,"ILI only, seed 2",2025-04-07,4,2.68485114473241,2.82126633204516,3.01691274016317,3.53342491067699,3.91440934504273,3.2699490950522
2025-05-05,"ILI only, seed 3",2025-04-07,4,2.68485114473241,2.82126633204516,2.98122512153297,3.49626004513383,3.90616253610834,3.2699490950522
2025-05-05,"ILI + wastewater, 2-week delay (as published)",2025-04-07,4,2.61208460711431,2.82126633204516,2.98122512153297,3.49436009939301,3.84438342998241,3.2699490950522
2025-05-05,"ILI + wastewater, no delay (hypothetical)",2025-04-07,4,2.68485114473241,2.82126633204516,2.98122512153297,3.47619913011703,3.90616253610834,3.2699490950522
2025-05-05,ILI only,2025-04-14,3,2.70628032519734,2.8103433488949,2.99223908926032,3.17793923701006,3.50432308511533,3.2699490950522
2025-05-05,"ILI only, seed 2",2025-04-14,3,2.70628032519734,2.8103433488949,2.97120771852718,3.17793923701006,3.50432308511533,3.2699490950522
2025-05-05,"ILI only, seed 3",2025-04-14,3,2.70628032519734,2.8103433488949,2.97120771852718,3.17793923701006,3.50432308511533,3.2699490950522
2025-05-05,"ILI + wastewater, 2-week delay (as published)",2025-04-14,3,2.70628032519734,2.8103433488949,2.97120771852718,3.17793923701006,3.50432308511533,3.2699490950522
2025-05-05,"ILI + wastewater, no delay (hypothetical)",2025-04-14,3,2.6901869827266,2.8103433488949,2.99223908926032,3.17306481149989,3.50432308511533,3.2699490950522
2025-05-12,ILI only,2025-04-14,4,2.58497349222998,2.724874231949,2.93360274704327,3.04154596513297,3.2862596193497,2.74534598584591
2025-05-12,"ILI only, seed 2",2025-04-14,4,2.58497349222998,2.724874231949,2.93279094530714,3.04154596513297,3.22524187553923,2.74534598584591
2025-05-12,"ILI only, seed 3",2025-04-14,4,2.58497349222998,2.724874231949,2.93279094530714,3.04154596513297,3.22524187553923,2.74534598584591
2025-05-12,"ILI + wastewater, 2-week delay (as published)",2025-04-14,4,2.58497349222998,2.724874231949,2.8649770078852,3.04154596513297,3.4490880152327,2.74534598584591
2025-05-12,"ILI + wastewater, no delay (hypothetical)",2025-04-14,4,2.56301835160049,2.724874231949,2.84358176784917,3.04154596513297,3.22524187553923,2.74534598584591
2025-10-06,ILI only,2025-09-29,1,3.30728728419438,3.46570130316764,3.58748251912584,3.71400917269001,3.78989482745433,3.30798499993998
2025-10-06,"ILI only, seed 2",2025-09-29,1,3.30728728419438,3.46916363207788,3.60422786129609,3.71400917269001,3.78989482745433,3.30798499993998
2025-10-06,"ILI only, seed 3",2025-09-29,1,3.32888533591203,3.46916363207788,3.60422786129609,3.71400917269001,3.78989482745433,3.30798499993998
2025-10-06,"ILI + wastewater, 2-week delay (as published)",2025-09-29,1,3.32888533591203,3.46916363207788,3.59017523674979,3.71697628226434,3.83296217169322,3.30798499993998
2025-10-06,"ILI + wastewater, no delay (hypothetical)",2025-09-29,1,3.29879544804407,3.45413538148466,3.52088775090404,3.69362309579198,3.74405727877832,3.30798499993998
2025-10-13,ILI only,2025-09-29,2,3.36513992141443,3.47793978162995,3.50879018348037,3.69487319811326,3.91696457147698,3.54443154974806
2025-10-13,"ILI only, seed 2",2025-09-29,2,3.36513992141443,3.47793978162995,3.52237161887617,3.70441817298604,3.95516486105656,3.54443154974806
2025-10-13,"ILI only, seed 3",2025-09-29,2,3.36513992141443,3.47793978162995,3.52237161887617,3.70441817298604,3.95516486105656,3.54443154974806
2025-10-13,"ILI + wastewater, 2-week delay (as published)",2025-09-29,2,3.37225533203512,3.47062994216937,3.52346555073967,3.64917266439072,3.83451740076975,3.54443154974806
2025-10-13,"ILI + wastewater, no delay (hypothetical)",2025-09-29,2,3.36513992141443,3.47062994216937,3.52237161887617,3.70328623635911,3.83451740076975,3.54443154974806
2025-10-13,ILI only,2025-10-06,1,3.19168016115291,3.33881415795988,3.47325503354221,3.50302228284604,3.61900817227492,3.54443154974806
2025-10-13,"ILI only, seed 2",2025-10-06,1,3.19150462807207,3.30997571061731,3.45666069162725,3.50302228284604,3.61900817227492,3.54443154974806
2025-10-13,"ILI only, seed 3",2025-10-06,1,3.1713221104643,3.32453664191748,3.45666069162725,3.50005517327171,3.61900817227492,3.54443154974806
2025-10-13,"ILI + wastewater, 2-week delay (as published)",2025-10-06,1,3.12333633125453,3.33881415795988,3.47966909637368,3.52047936339479,3.72884199181572,3.54443154974806
2025-10-13,"ILI + wastewater, no delay (hypothetical)",2025-10-06,1,3.11243670417492,3.27325994756797,3.37622123733149,3.49245651725034,3.61900817227492,3.54443154974806
2025-10-20,ILI only,2025-09-29,3,3.56571957591828,3.68312430562418,3.6887355843419,3.78721687605621,4.1024732288658,3.34286180464919
2025-10-20,"ILI only, seed 2",2025-09-29,3,3.5712312282723,3.68312430562418,3.7033669245318,3.78721687605621,4.1024732288658,3.34286180464919
2025-10-20,"ILI only, seed 3",2025-09-29,3,3.57127933425632,3.68312430562418,3.6887355843419,3.78900870935947,4.1024732288658,3.34286180464919
2025-10-20,"ILI + wastewater, 2-week delay (as published)",2025-09-29,3,3.54961143872479,3.66485800828621,3.6887355843419,3.78721687605621,4.1024732288658,3.34286180464919
2025-10-20,"ILI + wastewater, no delay (hypothetical)",2025-09-29,3,3.56571957591828,3.67000995496168,3.6887355843419,3.78721687605621,3.97124206445516,3.34286180464919
2025-10-20,ILI only,2025-10-06,2,3.20760330099904,3.39914007329306,3.55792882385844,3.76631654008416,3.91514173054657,3.34286180464919
2025-10-20,"ILI only, seed 2",2025-10-06,2,3.20760330099904,3.36870464717578,3.5019710343918,3.76631654008416,3.82189229024338,3.34286180464919
2025-10-20,"ILI only, seed 3",2025-10-06,2,3.20760330099904,3.33618213775569,3.5019710343918,3.76631654008416,3.91435417574006,3.34286180464919
2025-10-20,"ILI + wastewater, 2-week delay (as published)",2025-10-06,2,3.20760330099904,3.39914007329306,3.59120005988766,3.76631654008416,3.97275374135031,3.34286180464919
2025-10-20,"ILI + wastewater, no delay (hypothetical)",2025-10-06,2,3.17471617788281,3.30862705453667,3.5019710343918,3.74951504296894,3.92222972380512,3.34286180464919
2025-10-20,ILI only,2025-10-13,1,3.32665295505657,3.47662793187444,3.67248568805551,3.70970158335029,3.81238737784411,3.34286180464919
2025-10-20,"ILI only, seed 2",2025-10-13,1,3.32128799843385,3.47662793187444,3.67248568805551,3.70970158335029,3.82081771380587,3.34286180464919
2025-10-20,"ILI only, seed 3",2025-10-13,1,3.32128799843385,3.47662793187444,3.67248568805551,3.73650172307979,3.81271001281077,3.34286180464919
2025-10-20,"ILI + wastewater, 2-week delay (as published)",2025-10-13,1,3.33047755032976,3.49165618246766,3.62672041168587,3.73189450604243,3.82081771380587,3.34286180464919
2025-10-20,"ILI + wastewater, no delay (hypothetical)",2025-10-13,1,3.31798358293489,3.35137788630181,3.56788965289909,3.70970158335029,3.78087809955614,3.34286180464919
2025-10-27,ILI only,2025-09-29,4,3.59522103918154,3.61810622610943,3.83604395215114,3.99518376938038,4.13651209805739,3.58823004596401
2025-10-27,"ILI only, seed 2",2025-09-29,4,3.59522103918154,3.61810622610943,3.83604395215114,4.02990866282476,4.13651209805739,3.58823004596401
2025-10-27,"ILI only, seed 3",2025-09-29,4,3.59522103918154,3.61810622610943,3.83604395215114,3.99518376938038,4.13651209805739,3.58823004596401
2025-10-27,"ILI + wastewater, 2-week delay (as published)",2025-09-29,4,3.59522103918154,3.65310911579713,3.83604395215114,3.96812955669883,4.13651209805739,3.58823004596401
2025-10-27,"ILI + wastewater, no delay (hypothetical)",2025-09-29,4,3.59522103918154,3.61810622610943,3.77231544279463,3.95248690965844,4.13651209805739,3.58823004596401
2025-10-27,ILI only,2025-10-06,3,3.10996805368234,3.19563425356098,3.53292375991142,3.93158657368639,4.00608268565978,3.58823004596401
2025-10-27,"ILI only, seed 2",2025-10-06,3,3.10831932943575,3.19563425356098,3.53292375991142,3.93158657368639,4.00608268565978,3.58823004596401
2025-10-27,"ILI only, seed 3",2025-10-06,3,3.10996805368234,3.19563425356098,3.53292375991142,3.93158657368639,3.95072033174018,3.58823004596401
2025-10-27,"ILI + wastewater, 2-week delay (as published)",2025-10-06,3,3.11484247919251,3.34439889860584,3.5517900775348,3.8885192294475,4.00608268565978,3.58823004596401
2025-10-27,"ILI + wastewater, no delay (hypothetical)",2025-10-06,3,3.10996805368234,3.33565743930649,3.51698145255334,3.73623384378421,3.9469223363955,3.58823004596401
2025-10-27,ILI only,2025-10-13,2,3.36764125198736,3.4915722039719,3.61558966725536,3.79264957673886,3.85700995115953,3.58823004596401
2025-10-27,"ILI only, seed 2",2025-10-13,2,3.35211715645375,3.44404985080712,3.56692410013784,3.73527385649618,3.85700995115953,3.58823004596401
2025-10-27,"ILI only, seed 3",2025-10-13,2,3.35211715645375,3.44404985080712,3.56692410013784,3.72691072337582,3.85700995115953,3.58823004596401
2025-10-27,"ILI + wastewater, 2-week delay (as published)",2025-10-13,2,3.36811740473617,3.49312249255915,3.56692410013784,3.73527385649618,3.87307088856635,3.58823004596401
2025-10-27,"ILI + wastewater, no delay (hypothetical)",2025-10-13,2,3.35211715645375,3.48866797522961,3.56692410013784,3.72691072337582,3.85700995115953,3.58823004596401
2025-10-27,ILI only,2025-10-20,1,3.2427206975752,3.37452433197175,3.52377448529181,3.57930835445727,3.65421806401019,3.58823004596401
2025-10-27,"ILI only, seed 2",2025-10-20,1,3.26228131798985,3.40654498158895,3.52377448529181,3.57930835445727,3.67403712619025,3.58823004596401
2025-10-27,"ILI only, seed 3",2025-10-20,1,3.24150056718128,3.37452433197175,3.52377448529181,3.57930835445727,3.65421806401019,3.58823004596401
2025-10-27,"ILI + wastewater, 2-week delay (as published)",2025-10-20,1,3.14980814120294,3.33260640016408,3.47091594295664,3.55784062720536,3.65388497698413,3.58823004596401
2025-10-27,"ILI + wastewater, no delay (hypothetical)",2025-10-20,1,3.22638143278128,3.37369096266909,3.51843299105801,3.6140439824118,3.68722712068779,3.58823004596401
2025-11-03,ILI only,2025-10-06,4,3.31574127151134,3.44113645816194,3.75417555728053,4.19954240178244,4.46717325454323,3.57878553131686
2025-11-03,"ILI only, seed 2",2025-10-06,4,3.26300229209713,3.38599125741515,3.75417555728053,4.19954240178244,4.46717325454323,3.57878553131686
2025-11-03,"ILI only, seed 3",2025-10-06,4,3.32362288486936,3.44113645816194,3.74986711421523,4.19954240178244,4.46717325454323,3.57878553131686
2025-11-03,"ILI + wastewater, 2-week delay (as published)",2025-10-06,4,3.20291331569852,3.4415163925645,3.70065486623186,3.9627811654752,4.46717325454323,3.57878553131686
2025-11-03,"ILI + wastewater, no delay (hypothetical)",2025-10-06,4,3.17974122235032,3.4415163925645,3.7184337249201,3.95908270286162,4.19954240178244,3.57878553131686
2025-11-03,ILI only,2025-10-13,3,3.42217469652098,3.68113318702292,3.80970942644599,4.12496577925558,4.16803312349447,3.57878553131686
2025-11-03,"ILI only, seed 2",2025-10-13,3,3.43208080336906,3.68113318702292,3.80970942644599,4.12496577925558,4.16803312349447,3.57878553131686
2025-11-03,"ILI only, seed 3",2025-10-13,3,3.42217469652098,3.70561685601396,3.80970942644599,4.12496577925558,4.16803312349447,3.57878553131686
2025-11-03,"ILI + wastewater, 2-week delay (as published)",2025-10-13,3,3.37117231778006,3.60972670498107,3.70840239437283,3.88209706205223,4.13174489968077,3.57878553131686
2025-11-03,"ILI + wastewater, no delay (hypothetical)",2025-10-13,3,3.42217469652098,3.68735055867599,3.75984299182212,4.07425191684511,4.13934413554014,3.57878553131686
2025-11-03,ILI only,2025-10-20,2,3.30059190166459,3.3777386093584,3.51579600340417,3.65782325552264,3.8145800232899,3.57878553131686
2025-11-03,"ILI only, seed 2",2025-10-20,2,3.30047480887872,3.3777386093584,3.52420904165002,3.65544020606066,3.80119334479337,3.57878553131686
2025-11-03,"ILI only, seed 3",2025-10-20,2,3.29886258692086,3.3777386093584,3.51579600340417,3.62705590704925,3.80119334479337,3.57878553131686
2025-11-03,"ILI + wastewater, 2-week delay (as published)",2025-10-20,2,3.24248010570825,3.3777386093584,3.51579600340417,3.62607686459687,3.80119334479337,3.57878553131686
2025-11-03,"ILI + wastewater, no delay (hypothetical)",2025-10-20,2,3.22316017172071,3.3777386093584,3.50174510097654,3.736506925948,3.94923098044927,3.57878553131686
2025-11-03,ILI only,2025-10-27,1,3.3650864946498,3.38666030086514,3.61217175088923,3.73553841377325,3.81029774994476,3.57878553131686
2025-11-03,"ILI only, seed 2",2025-10-27,1,3.3650864946498,3.38666030086514,3.58717879750977,3.73553841377325,3.81029774994476,3.57878553131686
2025-11-03,"ILI only, seed 3",2025-10-27,1,3.3650864946498,3.38666030086514,3.61168814911504,3.73553841377325,3.83359828727883,3.57878553131686
2025-11-03,"ILI + wastewater, 2-week delay (as published)",2025-10-27,1,3.37427604654571,3.38666030086514,3.61192995000214,3.73553841377325,3.80320886852018,3.57878553131686
2025-11-03,"ILI + wastewater, no delay (hypothetical)",2025-10-27,1,3.30337682971271,3.37481811938385,3.45156715648833,3.65646628335552,3.80072440941882,3.57878553131686
2025-11-10,ILI only,2025-10-13,4,3.57482470076272,3.78839300372371,3.92089675782764,4.12172779947745,4.43724401495769,4.0683427596831
2025-11-10,"ILI only, seed 2",2025-10-13,4,3.60293314713447,3.78839300372371,3.92089675782764,4.12291431158051,4.70361980435131,4.0683427596831
2025-11-10,"ILI only, seed 3",2025-10-13,4,3.60293314713447,3.79480799318441,3.92089675782764,4.12172779947745,4.43598895159052,4.0683427596831
2025-11-10,"ILI + wastewater, 2-week delay (as published)",2025-10-13,4,3.60293314713447,3.73885020371777,3.92089675782764,4.07789065903476,4.70361980435131,4.0683427596831
2025-11-10,"ILI + wastewater, no delay (hypothetical)",2025-10-13,4,3.55947987168586,3.73885020371777,3.85853650254092,4.05240121321454,4.26819299328842,4.0683427596831
2025-11-10,ILI only,2025-10-20,3,3.21689188472524,3.52428972982271,3.66104186595916,3.9664633783956,3.9844606612715,4.0683427596831
2025-11-10,"ILI only, seed 2",2025-10-20,3,3.21689188472524,3.50965838963281,3.66104186595916,3.9664633783956,4.04095949036899,4.0683427596831
2025-11-10,"ILI only, seed 3",2025-10-20,3,3.21689188472524,3.52428972982271,3.66104186595916,3.9664633783956,4.04095949036899,4.0683427596831
2025-11-10,"ILI + wastewater, 2-week delay (as published)",2025-10-20,3,3.21565179023136,3.4081569598822,3.55827324672325,3.84506037075831,3.9664633783956,4.0683427596831
2025-11-10,"ILI + wastewater, no delay (hypothetical)",2025-10-20,3,3.21689188472524,3.39220213954723,3.66104186595916,3.92339603415671,4.27881272382213,4.0683427596831
2025-11-10,ILI only,2025-10-27,2,3.43854637864085,3.5886626654819,3.77907235271213,3.90080844737548,4.07849169073226,4.0683427596831
2025-11-10,"ILI only, seed 2",2025-10-27,2,3.43143096802016,3.5886626654819,3.74711334229136,3.90080844737548,4.02145590766229,4.0683427596831
2025-11-10,"ILI only, seed 3",2025-10-27,2,3.43854637864085,3.5886626654819,3.77070921959177,3.90080844737548,4.07849169073226,4.0683427596831
2025-11-10,"ILI + wastewater, 2-week delay (as published)",2025-10-27,2,3.43854637864085,3.5886626654819,3.71546371099645,3.87144510591169,4.04656158610819,4.0683427596831
2025-11-10,"ILI + wastewater, no delay (hypothetical)",2025-10-27,2,3.43854637864085,3.55171332101141,3.63202854217996,3.84123652202594,3.90080844737548,4.0683427596831
2025-11-10,ILI only,2025-11-03,1,3.39413686263141,3.61044805863942,3.72746122300413,3.79376435387303,3.89014179067786,4.0683427596831
2025-11-10,"ILI only, seed 2",2025-11-03,1,3.39413686263141,3.61044805863942,3.74405556491909,3.79376435387303,3.89014179067786,4.0683427596831
2025-11-10,"ILI only, seed 3",2025-11-03,1,3.39413686263141,3.57773428286262,3.72746122300413,3.79376435387303,3.89014179067786,4.0683427596831
2025-11-10,"ILI + wastewater, 2-week delay (as published)",2025-11-03,1,3.35564198000265,3.61965387470505,3.76325704862722,3.84996770907947,4.03987610020031,4.0683427596831
2025-11-10,"ILI + wastewater, no delay (hypothetical)",2025-11-03,1,3.52601016403646,3.64702176870837,3.76325704862722,3.82415377263168,4.02656204503235,4.0683427596831
2025-11-17,ILI only,2025-10-20,4,3.4013634020356,3.44092897714116,3.66041170207286,3.9574349033483,4.23441920649165,4.10082352831981
2025-11-17,"ILI only, seed 2",2025-10-20,4,3.3354687063738,3.4013634020356,3.58231801808169,3.92902377382431,4.50205005925244,4.10082352831981
2025-11-17,"ILI only, seed 3",2025-10-20,4,3.3354687063738,3.41683209580955,3.65696675744205,3.9574349033483,4.23441920649165,4.10082352831981
2025-11-17,"ILI + wastewater, 2-week delay (as published)",2025-10-20,4,3.3354687063738,3.41666003297528,3.5372804586189,3.85083146811567,4.23441920649165,4.10082352831981
2025-11-17,"ILI + wastewater, no delay (hypothetical)",2025-10-20,4,3.3354687063738,3.4013634020356,3.5372804586189,3.92015805437858,4.24696984016332,4.10082352831981
2025-11-17,ILI only,2025-10-27,3,3.46226012604006,3.65352520119702,3.81793008306571,4.16876427547153,4.52418096513695,4.10082352831981
2025-11-17,"ILI only, seed 2",2025-10-27,3,3.46226012604006,3.65352520119702,3.81316880593545,4.16876427547153,4.52418096513695,4.10082352831981
2025-11-17,"ILI only, seed 3",2025-10-27,3,3.46226012604006,3.65352520119702,3.80364148803807,4.14969940254875,4.52418096513695,4.10082352831981
2025-11-17,"ILI + wastewater, 2-week delay (as published)",2025-10-27,3,3.40915285125492,3.61590248533052,3.74941535222991,3.90641010727398,4.20039260777791,4.10082352831981
2025-11-17,"ILI + wastewater, no delay (hypothetical)",2025-10-27,3,3.40915285125492,3.65352520119702,3.80364148803807,3.96814557112304,4.16876427547153,4.10082352831981
2025-11-17,ILI only,2025-11-03,2,3.56664454851323,3.69675504020555,3.81470925798453,3.86200059126454,4.05050374995757,4.10082352831981
2025-11-17,"ILI only, seed 2",2025-11-03,2,3.56664454851323,3.69585556671539,3.81470925798453,3.86200059126454,4.05050374995757,4.10082352831981
2025-11-17,"ILI only, seed 3",2025-11-03,2,3.56664454851323,3.68436356240554,3.81470925798453,3.86200059126454,4.05050374995757,4.10082352831981
2025-11-17,"ILI + wastewater, 2-week delay (as published)",2025-11-03,2,3.38647113802255,3.5832648221209,3.76126470494462,3.98789363070352,4.24355427272719,4.10082352831981
2025-11-17,"ILI + wastewater, no delay (hypothetical)",2025-11-03,2,3.57002371775856,3.70259771391872,3.81470925798453,3.97243065261567,4.24355427272719,4.10082352831981
2025-11-17,ILI only,2025-11-10,1,3.8543887602648,4.0155673924027,4.10330776104539,4.22035411846945,4.33952493744571,4.10082352831981
2025-11-17,"ILI only, seed 2",2025-11-10,1,3.8543887602648,4.01210506349246,4.09610364498824,4.21565112749234,4.33952493744571,4.10082352831981
2025-11-17,"ILI only, seed 3",2025-11-10,1,3.8543887602648,4.01210506349246,4.10330776104539,4.22035411846945,4.33952493744571,4.10082352831981
2025-11-17,"ILI + wastewater, 2-week delay (as published)",2025-11-10,1,3.85116027128302,4.00053914180948,4.09228446460832,4.17066672599543,4.31371100099792,4.10082352831981
2025-11-17,"ILI + wastewater, no delay (hypothetical)",2025-11-10,1,4.00053914180948,4.05659386719402,4.11581864231544,4.2400268561168,4.33952493744571,4.10082352831981
2025-11-24,ILI only,2025-10-27,4,3.64673164335042,3.72176143858853,3.90233499875687,4.1655262956934,4.31199148950437,4.09634256488477
2025-11-24,"ILI only, seed 2",2025-10-27,4,3.64673164335042,3.72176143858853,3.90233499875687,4.1655262956934,4.32577119271141,4.09634256488477
2025-11-24,"ILI only, seed 3",2025-10-27,4,3.65452109256974,3.7300978064377,3.90233499875687,4.1655262956934,4.31199148950437,4.09634256488477
2025-11-24,"ILI + wastewater, 2-week delay (as published)",2025-10-27,4,3.64673164335042,3.68439727271516,3.90233499875687,4.09619970943049,4.31199148950437,4.09634256488477
2025-11-24,"ILI + wastewater, no delay (hypothetical)",2025-10-27,4,3.54324733812116,3.72088616874019,3.90233499875687,4.09619970943049,4.23932774888565,4.09634256488477
2025-11-24,ILI only,2025-11-03,3,3.45281561139291,3.64408068654987,3.76021345649038,3.89696559262683,4.1402548879016,4.09634256488477
2025-11-24,"ILI only, seed 2",2025-11-03,3,3.45281561139291,3.64408068654987,3.76021345649038,3.89696559262683,4.15931976082438,4.09634256488477
2025-11-24,"ILI only, seed 3",2025-11-03,3,3.46643478493786,3.64408068654987,3.77076586211702,3.89696559262683,4.16858380243769,4.09634256488477
2025-11-24,"ILI + wastewater, 2-week delay (as published)",2025-11-03,3,3.45157551689903,3.64408068654987,3.80848556841856,4.10860589841391,4.5147364504898,4.09634256488477
2025-11-24,"ILI + wastewater, no delay (hypothetical)",2025-11-03,3,3.45281561139291,3.63864519645513,3.77425543374081,4.10860589841391,4.5147364504898,4.09634256488477
2025-11-24,ILI only,2025-11-10,2,3.91154368173925,3.96796106074216,4.15038661306466,4.25918506643122,4.68329647654854,4.09634256488477
2025-11-24,"ILI only, seed 2",2025-11-10,2,3.91865909235994,3.96796106074216,4.15038661306466,4.32267808478178,4.68329647654854,4.09634256488477
2025-11-24,"ILI only, seed 3",2025-11-10,2,3.91865909235994,4.01257918516465,4.15038661306466,4.31828658360156,4.68329647654854,4.09634256488477
2025-11-24,"ILI + wastewater, 2-week delay (as published)",2025-11-10,2,3.87602836638879,3.9404392398094,4.15038661306466,4.25918506643122,4.54845547340219,4.09634256488477
2025-11-24,"ILI + wastewater, no delay (hypothetical)",2025-11-10,2,3.91865909235994,4.03550103464388,4.15038661306466,4.3165607866739,4.68329647654854,4.09634256488477
2025-11-24,ILI only,2025-11-17,1,3.87591162994886,3.96416063884413,4.14829941095215,4.24949922000708,4.44459506742264,4.09634256488477
2025-11-24,"ILI only, seed 2",2025-11-17,1,3.83439425160515,3.95118150414543,4.14829941095215,4.25283488710616,4.44459506742264,4.09634256488477
2025-11-24,"ILI only, seed 3",2025-11-17,1,3.83439425160515,3.96416063884413,4.14829941095215,4.24949922000708,4.44459506742264,4.09634256488477
2025-11-24,"ILI + wastewater, 2-week delay (as published)",2025-11-17,1,3.88679975732695,4.02308121135359,4.15892567677615,4.37200570608242,4.44459506742264,4.09634256488477
2025-11-24,"ILI + wastewater, no delay (hypothetical)",2025-11-17,1,3.94822739585573,4.04458583212917,4.14829941095215,4.25283488710616,4.44459506742264,4.09634256488477
2025-12-01,ILI only,2025-11-03,4,3.71231692394138,3.74165789936758,3.89633542874053,4.08813514005473,4.48289356683099,4.59895088617417
2025-12-01,"ILI only, seed 2",2025-11-03,4,3.71231692394138,3.74165789936758,3.85076841837175,4.0651267353083,4.23733433545819,4.59895088617417
2025-12-01,"ILI only, seed 3",2025-11-03,4,3.71231692394138,3.74165789936758,3.89633542874053,4.08675519478334,4.47034293315932,4.59895088617417
2025-12-01,"ILI + wastewater, 2-week delay (as published)",2025-11-03,4,3.39533782070839,3.74165789936758,4.08675519478334,4.44034400692739,4.85850798959263,4.59895088617417
2025-12-01,"ILI + wastewater, no delay (hypothetical)",2025-11-03,4,3.65206757114012,3.74165789936758,3.98923425629698,4.30254697485722,4.85850798959263,4.59895088617417
2025-12-01,ILI only,2025-11-10,3,3.89013795854406,4.17311297927748,4.23001535172094,4.57054132579222,5.25228512222373,4.59895088617417
2025-12-01,"ILI only, seed 2",2025-11-10,3,3.8950835277151,4.17311297927748,4.23001535172094,4.60627131371162,5.25228512222373,4.59895088617417
2025-12-01,"ILI only, seed 3",2025-11-10,3,3.8950835277151,4.17311297927748,4.2311644780144,4.59816312678015,5.25228512222373,4.59895088617417
2025-12-01,"ILI + wastewater, 2-week delay (as published)",2025-11-10,3,3.89013795854406,4.1026967412519,4.229528065949,4.31424083657843,5.16359370064851,4.59895088617417
2025-12-01,"ILI + wastewater, no delay (hypothetical)",2025-11-10,3,3.8950835277151,4.11768309458114,4.23001535172094,4.51764582477998,5.16359370064851,4.59895088617417
2025-12-01,ILI only,2025-11-17,2,4.05838069386084,4.15811786528185,4.22753111899536,4.54235357134877,5.01358371309783,4.59895088617417
2025-12-01,"ILI only, seed 2",2025-11-17,2,4.05682431059148,4.17198164582711,4.25970682464716,4.54235357134877,5.01358371309783,4.59895088617417
2025-12-01,"ILI only, seed 3",2025-11-17,2,4.05682431059148,4.15811786528185,4.22753111899536,4.54235357134877,4.85230293018239,4.59895088617417
2025-12-01,"ILI + wastewater, 2-week delay (as published)",2025-11-17,2,4.05682431059148,4.18286738170137,4.29480956277163,4.71506825218495,5.01358371309783,4.59895088617417
2025-12-01,"ILI + wastewater, no delay (hypothetical)",2025-11-17,2,4.06798180328059,4.15811786528185,4.22753111899536,4.59699658447185,5.01358371309783,4.59895088617417
2025-12-01,ILI only,2025-11-24,1,3.90826028682916,4.04010486869413,4.14381844751711,4.26802666131847,4.42632557662704,4.59895088617417
2025-12-01,"ILI only, seed 2",2025-11-24,1,3.91169389619932,4.04010486869413,4.14381844751711,4.29137984779083,4.4401141039876,4.59895088617417
2025-12-01,"ILI only, seed 3",2025-11-24,1,3.91169389619932,4.04010486869413,4.14381844751711,4.29137984779083,4.51719955676051,4.59895088617417
2025-12-01,"ILI + wastewater, 2-week delay (as published)",2025-11-24,1,3.91169389619932,4.04010486869413,4.14381844751711,4.30883692833958,4.4401141039876,4.59895088617417
2025-12-01,"ILI + wastewater, no delay (hypothetical)",2025-11-24,1,4.01860024791855,4.12717172290467,4.20489600969508,4.36752474264738,4.54411907860026,4.59895088617417
2025-12-08,ILI only,2025-11-10,4,4.00861556086778,4.14162479950636,4.31230421365875,4.6018018689698,4.75828267249797,5.11421422367165
2025-12-08,"ILI only, seed 2",2025-11-10,4,3.8981693368248,4.14162479950636,4.31230421365875,4.64563900941249,4.75828267249797,5.11421422367165
2025-12-08,"ILI only, seed 3",2025-11-10,4,4.00610606690853,4.14162479950636,4.31230421365875,4.65450472885822,4.75828267249797,5.11421422367165
2025-12-08,"ILI + wastewater, 2-week delay (as published)",2025-11-10,4,3.8981693368248,4.14162479950636,4.3077989731156,4.58455923208397,4.79210420322346,5.11421422367165
2025-12-08,"ILI + wastewater, no delay (hypothetical)",2025-11-10,4,3.8981693368248,4.14162479950636,4.31230421365875,4.68777576735258,4.92990123529363,5.11421422367165
2025-12-08,ILI only,2025-11-17,3,3.90595749287113,4.15016386321785,4.26762011330343,4.52907237216404,4.74355886012001,5.11421422367165
2025-12-08,"ILI only, seed 2",2025-11-17,3,3.90595749287113,4.15016386321785,4.26762011330343,4.5281279872231,4.74355886012001,5.11421422367165
2025-12-08,"ILI only, seed 3",2025-11-17,3,3.90595749287113,4.15016386321785,4.26249612035765,4.44907435822668,4.74229610992236,5.11421422367165
2025-12-08,"ILI + wastewater, 2-week delay (as published)",2025-11-17,3,3.90595749287113,4.15016386321785,4.30981998093317,4.74229610992236,5.28476589086044,5.11421422367165
2025-12-08,"ILI + wastewater, no delay (hypothetical)",2025-11-17,3,3.90595749287113,4.15016386321785,4.26249612035765,4.55012659341669,4.89637811902363,5.11421422367165
2025-12-08,ILI only,2025-11-24,2,3.94665889756161,4.08758075132647,4.22305015556032,4.48998768618358,4.71129628175021,5.11421422367165
2025-12-08,"ILI only, seed 2",2025-11-24,2,3.94665889756161,4.08758075132647,4.22015474748663,4.48998768618358,4.67159508108246,5.11421422367165
2025-12-08,"ILI only, seed 3",2025-11-24,2,3.94665889756161,4.08758075132647,4.22015474748663,4.48998768618358,4.67159508108246,5.11421422367165
2025-12-08,"ILI + wastewater, 2-week delay (as published)",2025-11-24,2,3.92002841987288,4.09786911626616,4.27882173851253,4.62926170167701,4.71129628175021,5.11421422367165
2025-12-08,"ILI + wastewater, no delay (hypothetical)",2025-11-24,2,3.94665889756161,4.12434237008644,4.28718487163289,4.62926170167701,4.7611113062951,5.11421422367165
2025-12-08,ILI only,2025-12-01,1,4.52120856920795,4.63143165481088,4.75160089041591,4.942722425277,5.16793953184936,5.11421422367165
2025-12-08,"ILI only, seed 2",2025-12-01,1,4.52120856920795,4.63143165481088,4.75096224496052,4.942722425277,5.16793953184936,5.11421422367165
2025-12-08,"ILI only, seed 3",2025-12-01,1,4.52120856920795,4.63143165481088,4.75096224496052,4.942722425277,5.16793953184936,5.11421422367165
2025-12-08,"ILI + wastewater, 2-week delay (as published)",2025-12-01,1,4.52120856920795,4.63143165481088,4.75160089041591,4.942722425277,5.10155920746357,5.11421422367165
2025-12-08,"ILI + wastewater, no delay (hypothetical)",2025-12-01,1,4.54271318998353,4.68123974811198,4.8215243445478,4.942722425277,5.10155920746357,5.11421422367165
2025-12-15,ILI only,2025-11-17,4,3.91737581771134,4.14240404267921,4.26369589637053,4.41837342574348,4.75192123124145,5.3018610801714
2025-12-15,"ILI only, seed 2",2025-11-17,4,3.91737581771134,4.14240404267921,4.26369589637053,4.47747494291382,4.79076344113468,5.3018610801714
2025-12-15,"ILI only, seed 3",2025-11-17,4,3.91737581771134,4.14240404267921,4.26369589637053,4.41837342574348,4.72025653598929,5.3018610801714
2025-12-15,"ILI + wastewater, 2-week delay (as published)",2025-11-17,4,3.91737581771134,4.08551222441537,4.26369589637053,4.68286582646145,5.00493156383394,5.3018610801714
2025-12-15,"ILI + wastewater, no delay (hypothetical)",2025-11-17,4,3.91737581771134,4.08551222441537,4.26369589637053,4.61017313705768,5.00493156383394,5.3018610801714
2025-12-15,ILI only,2025-11-24,3,3.91813776374573,4.14568289978281,4.28832289568493,4.59854113099389,5.03229348405771,5.3018610801714
2025-12-15,"ILI only, seed 2",2025-11-24,3,3.91813776374573,4.14568289978281,4.28832289568493,4.59854113099389,4.89189715558859,5.3018610801714
2025-12-15,"ILI only, seed 3",2025-11-24,3,3.91813776374573,4.14568289978281,4.28832289568493,4.59854113099389,4.89189715558859,5.3018610801714
2025-12-15,"ILI + wastewater, 2-week delay (as published)",2025-11-24,3,3.92308333291677,4.14568289978281,4.29051921170825,4.73781514648732,5.2802849274254,5.3018610801714
2025-12-15,"ILI + wastewater, no delay (hypothetical)",2025-11-24,3,3.91813776374573,3.97037264496082,4.29051921170825,4.73781514648732,5.19159350585018,5.3018610801714
2025-12-15,ILI only,2025-12-01,2,4.35820883860366,4.60343017697821,4.78979319292229,5.13187002296641,5.51171107095219,5.3018610801714
2025-12-15,"ILI only, seed 2",2025-12-01,2,4.35820883860366,4.60343017697821,4.78504565804865,5.13187002296641,5.51171107095219,5.3018610801714
2025-12-15,"ILI only, seed 3",2025-12-01,2,4.35820883860366,4.60343017697821,4.78979319292229,5.13187002296641,5.51171107095219,5.3018610801714
2025-12-15,"ILI + wastewater, 2-week delay (as published)",2025-12-01,2,4.35820883860366,4.59018907261587,4.78979319292229,5.13187002296641,5.51171107095219,5.3018610801714
2025-12-15,"ILI + wastewater, no delay (hypothetical)",2025-12-01,2,4.41596169833283,4.62695069137584,4.84716891316497,5.21390460303961,5.51171107095219,5.3018610801714
2025-12-15,ILI only,2025-12-08,1,4.75065208986034,5.13890683626203,5.45798576277448,5.62947756116913,5.68320286934684,5.3018610801714
2025-12-15,"ILI only, seed 2",2025-12-08,1,4.75065208986034,5.18010301729357,5.45798576277448,5.62947756116913,5.68320286934684,5.3018610801714
2025-12-15,"ILI only, seed 3",2025-12-08,1,4.75065208986034,5.15041045194527,5.45798576277448,5.62947756116913,5.68320286934684,5.3018610801714
2025-12-15,"ILI + wastewater, 2-week delay (as published)",2025-12-08,1,4.73878618226302,5.12627505740667,5.38539640143426,5.62947756116913,5.68320286934684,5.3018610801714
2025-12-15,"ILI + wastewater, no delay (hypothetical)",2025-12-08,1,4.99773385180374,5.17231637212799,5.45798576277448,5.62947756116913,5.68320286934684,5.3018610801714
2025-12-22,ILI only,2025-11-24,4,3.84876767433298,4.04948004340013,4.22949402310673,4.67363881461416,4.78866511648099,4.49569008536927
2025-12-22,"ILI only, seed 2",2025-11-24,4,3.77469443669675,4.03661536606945,4.22949402310673,4.61255903728564,4.78628247769964,4.49569008536927
2025-12-22,"ILI only, seed 3",2025-11-24,4,3.77469443669675,4.03661536606945,4.22949402310673,4.61255903728564,4.78628247769964,4.49569008536927
2025-12-22,"ILI + wastewater, 2-week delay (as published)",2025-11-24,4,3.84876767433298,4.03661536606945,4.25921493293549,4.71577557255425,4.82010400842513,4.49569008536927
2025-12-22,"ILI + wastewater, no delay (hypothetical)",2025-11-24,4,3.86751144663786,4.08103126098033,4.34030401886042,4.75113873041999,4.82010400842513,4.49569008536927
2025-12-22,ILI only,2025-12-01,3,4.05941154060195,4.2398680431669,4.76525501563647,4.94720171608104,5.13687944020269,4.49569008536927
2025-12-22,"ILI only, seed 2",2025-12-01,3,4.08172309656696,4.2510303489531,4.80423982810022,4.94720171608104,5.13687944020269,4.49569008536927
2025-12-22,"ILI only, seed 3",2025-12-01,3,4.11544541529458,4.2398680431669,4.76525501563647,4.94720171608104,5.13687944020269,4.49569008536927
2025-12-22,"ILI + wastewater, 2-week delay (as published)",2025-12-01,3,4.05941154060195,4.26831072412997,4.79093121697433,4.94720171608104,5.13687944020269,4.49569008536927
2025-12-22,"ILI + wastewater, no delay (hypothetical)",2025-12-01,3,4.22010821767696,4.42074608503513,4.80423982810022,4.94720171608104,5.13687944020269,4.49569008536927
2025-12-22,ILI only,2025-12-08,2,4.18614273498919,4.4098816477633,5.11869351447569,5.23128425907018,5.55574426670061,4.49569008536927
2025-12-22,"ILI only, seed 2",2025-12-08,2,4.18614273498919,4.18614273498919,5.07769749871905,5.1981486751568,5.47551479766823,4.49569008536927
2025-12-22,"ILI only, seed 3",2025-12-08,2,4.18614273498919,4.18614273498919,5.0584506491532,5.1981486751568,5.47551479766823,4.49569008536927
2025-12-22,"ILI + wastewater, 2-week delay (as published)",2025-12-08,2,4.18614273498919,4.4098816477633,5.11869351447569,5.2979352281093,5.64713336046389,4.49569008536927
2025-12-22,"ILI + wastewater, no delay (hypothetical)",2025-12-08,2,4.18614273498919,4.83725901685758,5.11869351447569,5.36854954877033,5.64713336046389,4.49569008536927
2025-12-22,ILI only,2025-12-15,1,4.73735172530025,4.73735172530025,4.93829894636009,5.36934389577391,5.51115029538163,4.49569008536927
2025-12-22,"ILI only, seed 2",2025-12-15,1,4.73735172530025,4.73735172530025,4.93281397228424,5.36786496507811,5.51115029538163,4.49569008536927
2025-12-22,"ILI only, seed 3",2025-12-15,1,4.73735172530025,4.73735172530025,4.93281397228424,5.36786496507811,5.51115029538163,4.49569008536927
2025-12-22,"ILI + wastewater, 2-week delay (as published)",2025-12-15,1,4.73735172530025,4.73735172530025,4.93281397228424,5.34272942355959,5.51115029538163,4.49569008536927
2025-12-22,"ILI + wastewater, no delay (hypothetical)",2025-12-15,1,4.73735172530025,4.73735172530025,4.93281397228424,5.36786496507811,5.48950793667115,4.49569008536927
2025-12-29,ILI only,2025-12-01,4,4.31520164659044,4.49387920193271,4.69511811292532,5.12857931138979,5.32271232971453,4.5921862584298
2025-12-29,"ILI only, seed 2",2025-12-01,4,4.27730275798615,4.42877746331587,4.69511811292532,5.10706340509493,5.32271232971453,4.5921862584298
2025-12-29,"ILI only, seed 3",2025-12-01,4,4.4155031755657,4.49387920193271,4.73210234439613,5.10706340509493,5.32271232971453,4.5921862584298
2025-12-29,"ILI + wastewater, 2-week delay (as published)",2025-12-01,4,4.4155031755657,4.42877746331587,4.73012100261302,5.12857931138979,5.4605093617847,4.5921862584298
2025-12-29,"ILI + wastewater, no delay (hypothetical)",2025-12-01,4,4.4155031755657,4.53922368735885,4.73210234439613,5.28889079898904,5.4605093617847,4.5921862584298
2025-12-29,ILI only,2025-12-08,3,4.23080363763824,4.75513138066438,5.46246505357852,5.64482235016272,5.90976881437547,4.5921862584298
2025-12-29,"ILI only, seed 2",2025-12-08,3,4.57467487809943,4.75513138066438,5.46246505357852,5.64482235016272,6.12760491902349,4.5921862584298
2025-12-29,"ILI only, seed 3",2025-12-08,3,4.23080363763824,4.75513138066438,5.46246505357852,5.64482235016272,5.90976881437547,4.5921862584298
2025-12-29,"ILI + wastewater, 2-week delay (as published)",2025-12-08,3,4.57467487809943,4.75513138066438,5.46246505357852,5.65214277770017,6.12760491902349,4.5921862584298
2025-12-29,"ILI + wastewater, no delay (hypothetical)",2025-12-08,3,4.57467487809943,4.93600942253261,5.46246505357852,5.6440345907687,6.12760491902349,4.5921862584298
2025-12-29,ILI only,2025-12-15,2,4.86859369075129,5.04136741709455,5.55619640527008,5.66316165416798,6.00477127416863,4.5921862584298
2025-12-29,"ILI only, seed 2",2025-12-15,2,4.92095744571171,4.99391585436528,5.41893111556993,5.66316165416798,6.00477127416863,4.5921862584298
2025-12-29,"ILI only, seed 3",2025-12-15,2,4.87821619574619,5.02490587335733,5.55619640527008,5.66316165416798,6.00477127416863,4.5921862584298
2025-12-29,"ILI + wastewater, 2-week delay (as published)",2025-12-15,2,4.86859369075129,5.04136741709455,5.44274995540322,5.66316165416798,6.00477127416863,4.5921862584298
2025-12-29,"ILI + wastewater, no delay (hypothetical)",2025-12-15,2,4.76532237771367,4.99391585436528,5.48320831717223,5.63050041898969,5.83478021696364,4.5921862584298
2025-12-29,ILI only,2025-12-22,1,4.12664297748211,4.13212795155796,4.56317290097178,4.73853893834888,5.39765633004867,4.5921862584298
2025-12-29,"ILI only, seed 2",2025-12-22,1,4.13212795155796,4.30032872342318,4.56317290097178,4.74105832668409,5.39765633004867,4.5921862584298
2025-12-29,"ILI only, seed 3",2025-12-22,1,4.12664297748211,4.13212795155796,4.56317290097178,4.74105832668409,5.39765633004867,4.5921862584298
2025-12-29,"ILI + wastewater, 2-week delay (as published)",2025-12-22,1,4.13212795155796,4.30836324336866,4.56317290097178,4.7049793005795,4.98524731373551,4.5921862584298
2025-12-29,"ILI + wastewater, no delay (hypothetical)",2025-12-22,1,4.13212795155796,4.35504388514649,4.56317290097178,4.68333694186902,4.98524731373551,4.5921862584298
2026-01-05,ILI only,2025-12-08,4,4.37931351615334,4.79563489536247,5.24766790917427,5.73364723134113,5.83797566721201,5.3198831444626
2026-01-05,"ILI only, seed 2",2025-12-08,4,4.37931351615334,4.79256609548363,5.24766790917427,5.73364723134113,5.83797566721201,5.3198831444626
2026-01-05,"ILI only, seed 3",2025-12-08,4,4.37931351615334,4.79256609548363,5.24766790917427,5.73364723134113,5.83797566721201,5.3198831444626
2026-01-05,"ILI + wastewater, 2-week delay (as published)",2025-12-08,4,4.37931351615334,4.93076651306318,5.28236998360076,5.76901038920687,5.97577269928218,5.3198831444626
2026-01-05,"ILI + wastewater, no delay (hypothetical)",2025-12-08,4,4.77331865714234,4.94404080081335,5.35038485299348,5.80415413648652,6.01832225918578,5.3198831444626
2026-01-05,ILI only,2025-12-15,3,4.52286681859407,4.94277823716413,5.44034032906617,5.72916553907469,5.94333366177395,5.3198831444626
2026-01-05,"ILI only, seed 2",2025-12-15,3,4.76232173459918,4.94277823716413,5.44256020908275,5.72916553907469,5.94079841662692,5.3198831444626
2026-01-05,"ILI only, seed 3",2025-12-15,3,4.76232173459918,4.94277823716413,5.4499320357748,5.72916553907469,5.94333366177395,5.3198831444626
2026-01-05,"ILI + wastewater, 2-week delay (as published)",2025-12-15,3,4.41122430630819,4.94277823716413,5.44513618242049,5.76548562048031,5.94333366177395,5.3198831444626
2026-01-05,"ILI + wastewater, no delay (hypothetical)",2025-12-15,3,4.76232173459918,4.94277823716413,5.51085753278476,5.76548562048031,5.94333366177395,5.3198831444626
2026-01-05,ILI only,2025-12-22,2,4.16956266637721,4.25494803779876,4.6127601207678,5.07094260156696,5.66029178396025,5.3198831444626
2026-01-05,"ILI only, seed 2",2025-12-22,2,4.16956266637721,4.25494803779876,4.68653239211739,5.11064380223471,5.66029178396025,5.3198831444626
2026-01-05,"ILI only, seed 3",2025-12-22,2,4.16956266637721,4.25494803779876,4.61950226797113,5.07094260156696,5.66029178396025,5.3198831444626
2026-01-05,"ILI + wastewater, 2-week delay (as published)",2025-12-22,2,4.16956266637721,4.31971287360836,4.63657896060109,5.10205926116935,5.66029178396025,5.3198831444626
2026-01-05,"ILI + wastewater, no delay (hypothetical)",2025-12-22,2,4.16956266637721,4.31971287360836,4.62239767604482,5.00959737567267,5.66029178396025,5.3198831444626
2026-01-05,ILI only,2025-12-29,1,4.22862412461849,4.59797964444362,4.70571829158248,4.9035425177908,5.03861073313069,5.3198831444626
2026-01-05,"ILI only, seed 2",2025-12-29,1,4.21675821702117,4.57604193530951,4.70571829158248,4.93409236815995,5.03861073313069,5.3198831444626
2026-01-05,"ILI only, seed 3",2025-12-29,1,4.22313915054264,4.53594856223916,4.70571829158248,4.93409236815995,5.03861073313069,5.3198831444626
2026-01-05,"ILI + wastewater, 2-week delay (as published)",2025-12-29,1,4.22862412461849,4.59797964444362,4.70073970324011,4.86857242248761,5.03861073313069,5.3198831444626
2026-01-05,"ILI + wastewater, no delay (hypothetical)",2025-12-29,1,4.21675821702117,4.37877433184964,4.62962097324905,4.81425396241055,4.94189556689035,5.3198831444626
2026-01-12,ILI only,2025-12-15,4,4.53747548921971,4.98021295198338,5.28654977626696,5.83148950538702,5.99180099298627,5.01708114157965
2026-01-12,"ILI only, seed 2",2025-12-15,4,4.53747548921971,4.98021295198338,5.28654977626696,5.83148950538702,5.99180099298627,5.01708114157965
2026-01-12,"ILI only, seed 3",2025-12-15,4,4.56696037265309,4.98021295198338,5.31756447209985,5.83148950538702,5.99180099298627,5.01708114157965
2026-01-12,"ILI + wastewater, 2-week delay (as published)",2025-12-15,4,4.19781237972803,4.98021295198338,5.39802830692255,5.83148950538702,6.02562252371176,5.01708114157965
2026-01-12,"ILI + wastewater, no delay (hypothetical)",2025-12-15,4,4.56696037265309,4.98021295198338,5.43539247279592,5.83148950538702,5.99418363176762,5.01708114157965
2026-01-12,ILI only,2025-12-22,3,3.95615073979705,4.34627694019181,4.68767041616943,5.29124467607309,5.72629566886696,5.01708114157965
2026-01-12,"ILI only, seed 2",2025-12-22,3,3.95615073979705,4.34627694019181,4.68767041616943,5.29124467607309,5.72629566886696,5.01708114157965
2026-01-12,"ILI only, seed 3",2025-12-22,3,3.95615073979705,4.32243085340127,4.68767041616943,5.29124467607309,5.72629566886696,5.01708114157965
2026-01-12,"ILI + wastewater, 2-week delay (as published)",2025-12-22,3,4.03426977813656,4.34627694019181,4.7415881622646,5.29124467607309,5.72629566886696,5.01708114157965
2026-01-12,"ILI + wastewater, no delay (hypothetical)",2025-12-22,3,4.12435151166227,4.48129098849709,4.81387014667924,5.22117104040318,5.72629566886696,5.01708114157965
2026-01-12,ILI only,2025-12-29,2,4.18341296990355,4.39832888517368,4.53932691265364,4.92082559724809,5.24534700064498,5.01708114157965
2026-01-12,"ILI only, seed 2",2025-12-29,2,4.22728011466495,4.39832888517368,4.5834244448715,4.98928250677834,5.29509645242703,5.01708114157965
2026-01-12,"ILI only, seed 3",2025-12-29,2,4.18341296990355,4.39832888517368,4.5834244448715,4.99963588792751,5.25695499984013,5.01708114157965
2026-01-12,"ILI + wastewater, 2-week delay (as published)",2025-12-29,2,4.18341296990355,4.36993130415669,4.59282831302649,4.98583137972861,5.21096067783022,5.01708114157965
2026-01-12,"ILI + wastewater, no delay (hypothetical)",2025-12-29,2,4.18341296990355,4.39832888517368,4.60804387516314,4.98583137972861,5.16743877462749,5.01708114157965
2026-01-12,ILI only,2026-01-05,1,4.95083603657544,5.30962773997749,5.4487111859594,5.52917235967283,5.59106532222521,5.01708114157965
2026-01-12,"ILI only, seed 2",2026-01-05,1,4.94445510305397,5.33194397819762,5.4487111859594,5.52917235967283,5.59106532222521,5.01708114157965
2026-01-12,"ILI only, seed 3",2026-01-05,1,4.95083603657544,5.32866595765031,5.4487111859594,5.50753000096235,5.59106532222521,5.01708114157965
2026-01-12,"ILI + wastewater, 2-week delay (as published)",2026-01-05,1,4.98971228965631,5.31473181304547,5.4487111859594,5.52917235967283,5.64986615620487,5.01708114157965
2026-01-12,"ILI + wastewater, no delay (hypothetical)",2026-01-05,1,5.1059291450443,5.34457575705298,5.4487111859594,5.50753000096235,5.58251859837418,5.01708114157965
2026-01-19,ILI only,2025-12-22,4,3.76078937785096,4.39061840112781,4.73739891907335,5.3997981208834,5.93558488407719,5.13855932816283
2026-01-19,"ILI only, seed 2",2025-12-22,4,3.76078937785096,4.41086794696144,4.76299737576084,5.3997981208834,5.93558488407719,5.13855932816283
2026-01-19,"ILI only, seed 3",2025-12-22,4,3.76078937785096,4.39061840112781,4.73514629880177,5.3572485609798,5.93558488407719,5.13855932816283
2026-01-19,"ILI + wastewater, 2-week delay (as published)",2025-12-22,4,3.76298330231801,4.39061840112781,4.73514629880177,5.3572485609798,5.93558488407719,5.13855932816283
2026-01-19,"ILI + wastewater, no delay (hypothetical)",2025-12-22,4,3.80693308883959,4.41086794696144,4.76885532810216,5.3997981208834,5.93558488407719,5.13855932816283
2026-01-19,ILI only,2025-12-29,3,4.2208476847228,4.2208476847228,4.48998952667469,5.05581079873871,5.38774084913362,5.13855932816283
2026-01-19,"ILI only, seed 2",2025-12-29,3,4.2208476847228,4.2208476847228,4.57778716155762,5.1047797407856,5.38774084913362,5.13855932816283
2026-01-19,"ILI only, seed 3",2025-12-29,3,4.2208476847228,4.24426572120873,4.61985869779631,5.13011481245832,5.38774084913362,5.13855932816283
2026-01-19,"ILI + wastewater, 2-week delay (as published)",2025-12-29,3,4.2208476847228,4.2208476847228,4.46992940520272,5.05581079873871,5.38774084913362,5.13855932816283
2026-01-19,"ILI + wastewater, no delay (hypothetical)",2025-12-29,3,4.21334358993259,4.24426572120873,4.63151397686211,5.13011481245832,5.38774084913362,5.13855932816283
2026-01-19,ILI only,2026-01-05,2,4.78334444200487,5.01193791865648,5.41103821781568,5.59517624457954,5.79160136310331,5.13855932816283
2026-01-19,"ILI only, seed 2",2026-01-05,2,4.7765255378209,5.01193791865648,5.41103821781568,5.59517624457954,5.75904958400351,5.13855932816283
2026-01-19,"ILI only, seed 3",2026-01-05,2,4.7765255378209,5.01193791865648,5.41578346886947,5.59517624457954,5.68118371845918,5.13855932816283
2026-01-19,"ILI + wastewater, 2-week delay (as published)",2026-01-05,2,4.817749973103,5.07914109689209,5.43695317986113,5.59517624457954,5.75904958400351,5.13855932816283
2026-01-19,"ILI + wastewater, no delay (hypothetical)",2026-01-05,2,4.7765255378209,5.09203625596864,5.46077201969442,5.64852248328089,5.833790434766,5.13855932816283
2026-01-19,ILI only,2026-01-12,1,4.71326311607251,4.8324324728942,5.04874366890221,5.20155265889001,5.32843740094065,5.13855932816283
2026-01-19,"ILI only, seed 2",2026-01-12,1,4.68196599486597,4.82171977963356,5.02914197531467,5.16973114582139,5.32843740094065,5.13855932816283
2026-01-19,"ILI only, seed 3",2026-01-12,1,4.65917409483816,4.8275933746673,5.04874366890221,5.20155265889001,5.34706415332192,5.13855932816283
2026-01-19,"ILI + wastewater, 2-week delay (as published)",2026-01-12,1,4.77680855878651,4.8774196441201,5.02914197531467,5.18235117518188,5.30359757687882,5.13855932816283
2026-01-19,"ILI + wastewater, no delay (hypothetical)",2026-01-12,1,4.68691028677336,4.89538903809185,5.0175508726912,5.19653941796359,5.32843740094065,5.13855932816283
2026-01-26,ILI only,2025-12-29,4,4.40873854782133,4.50736412002197,4.8316424718623,5.28450881002602,6.03208105713772,5.02847521222459
2026-01-26,"ILI only, seed 2",2025-12-29,4,4.40873854782133,4.50736412002197,4.76034201835891,5.28212617124467,6.03208105713772,5.02847521222459
2026-01-26,"ILI only, seed 3",2025-12-29,4,4.40873854782133,4.50736412002197,4.8316424718623,5.28212617124467,6.03208105713772,5.02847521222459
2026-01-26,"ILI + wastewater, 2-week delay (as published)",2025-12-29,4,4.40873854782133,4.50736412002197,4.72563994393242,5.28450881002602,6.03208105713772,5.02847521222459
2026-01-26,"ILI + wastewater, no delay (hypothetical)",2025-12-29,4,4.24307278719164,4.50736412002197,4.76034201835891,5.28212617124467,5.79322381028139,5.02847521222459
2026-01-26,ILI only,2026-01-05,3,4.94104047596539,5.19762629123552,5.49766357946248,5.85049127095367,6.04536409949651,5.02847521222459
2026-01-26,"ILI only, seed 2",2026-01-05,3,4.87397837626978,5.19762629123552,5.51186347526276,5.8324766268184,6.11543773516642,5.02847521222459
2026-01-26,"ILI only, seed 3",2026-01-05,3,4.9485445707556,5.19762629123552,5.51186347526276,5.83371751462143,6.11543773516642,5.02847521222459
2026-01-26,"ILI + wastewater, 2-week delay (as published)",2026-01-05,3,4.87397837626978,5.1466239124946,5.37974280960087,5.76918620955948,5.90968141558343,5.02847521222459
2026-01-26,"ILI + wastewater, no delay (hypothetical)",2026-01-05,3,4.9485445707556,5.19762629123552,5.56368822205742,5.85049127095367,5.9626184762628,5.02847521222459
2026-01-26,ILI only,2026-01-12,2,4.64891869035305,4.84110392981874,5.10823621493273,5.45624758112056,5.68184988298998,5.02847521222459
2026-01-26,"ILI only, seed 2",2026-01-12,2,4.6083078530534,4.84110392981874,5.10823621493273,5.44631264397771,5.68184988298998,5.02847521222459
2026-01-26,"ILI only, seed 3",2026-01-12,2,4.64891869035305,4.84110392981874,5.10823621493273,5.45624758112056,5.68184988298998,5.02847521222459
2026-01-26,"ILI + wastewater, 2-week delay (as published)",2026-01-12,2,4.6083078530534,4.79482618730654,5.10823621493273,5.4419760247295,5.59233365777734,5.02847521222459
2026-01-26,"ILI + wastewater, no delay (hypothetical)",2026-01-12,2,4.6083078530534,4.82322376832353,5.12265917266833,5.45624758112056,5.67024188379483,5.02847521222459
2026-01-26,ILI only,2026-01-19,1,4.7631312867542,4.95391065947738,5.23505550122336,5.40119478207441,5.6188565522628,5.02847521222459
2026-01-26,"ILI only, seed 2",2026-01-19,1,4.83575732527988,4.9736279787831,5.24088329447516,5.40119478207441,5.6188565522628,5.02847521222459
2026-01-26,"ILI only, seed 3",2026-01-19,1,4.83575732527988,4.9736279787831,5.25209136131551,5.425075763462,5.6188565522628,5.02847521222459
2026-01-26,"ILI + wastewater, 2-week delay (as published)",2026-01-19,1,4.83575732527988,5.06081701119661,5.24356852982634,5.40119478207441,5.62811655652907,5.02847521222459
2026-01-26,"ILI + wastewater, no delay (hypothetical)",2026-01-19,1,4.73599067392612,4.91541577684862,5.1114482132785,5.29057068694918,5.55941632003857,5.02847521222459
2026-02-02,ILI only,2026-01-05,4,4.97898757793329,5.23506100605477,5.48803890439171,6.00982305727747,6.18144162007313,4.88944646530504
2026-02-02,"ILI only, seed 2",2026-01-05,4,4.97898757793329,5.23506100605477,5.52555206525355,6.00982305727747,6.18144162007313,4.88944646530504
2026-02-02,"ILI only, seed 3",2026-01-05,4,4.99823501627458,5.31311851671823,5.52555206525355,6.00982305727747,6.18144162007313,4.88944646530504
2026-02-02,"ILI + wastewater, 2-week delay (as published)",2026-01-05,4,5.00130381615342,5.23506100605477,5.48803890439171,5.8533422537493,6.18144162007313,4.88944646530504
2026-02-02,"ILI + wastewater, no delay (hypothetical)",2026-01-05,4,5.00130381615342,5.26015594564728,5.52555206525355,6.00982305727747,6.18144162007313,4.88944646530504
2026-02-02,ILI only,2026-01-12,3,4.49468832742573,4.82142737842873,5.06501131684612,5.48070568188856,5.74256209661356,4.88944646530504
2026-02-02,"ILI only, seed 2",2026-01-12,3,4.49468832742573,4.82393862083218,5.07694080671792,5.48070568188856,5.65981647337985,4.88944646530504
2026-02-02,"ILI only, seed 3",2026-01-12,3,4.55266439271119,4.86766799640219,5.12185136117403,5.53463817514756,5.74256209661356,4.88944646530504
2026-02-02,"ILI + wastewater, 2-week delay (as published)",2026-01-12,3,4.64228140526988,4.84382190961165,5.05640886001196,5.44438560048294,5.65981647337985,4.88944646530504
2026-02-02,"ILI + wastewater, no delay (hypothetical)",2026-01-12,3,4.49468832742573,4.80257695285615,5.05640886001196,5.48070568188856,5.65981647337985,4.88944646530504
2026-02-02,ILI only,2026-01-19,2,4.72978603963658,4.95723551186306,5.19585366512487,5.49985990215941,5.62882097293108,4.88944646530504
2026-02-02,"ILI only, seed 2",2026-01-19,2,4.72978603963658,4.95723551186306,5.22060318154439,5.49985990215941,5.61867204188192,4.88944646530504
2026-02-02,"ILI only, seed 3",2026-01-19,2,4.72978603963658,4.95557014032149,5.19927897539863,5.49985990215941,5.62882097293108,4.88944646530504
2026-02-02,"ILI + wastewater, 2-week delay (as published)",2026-01-19,2,4.72978603963658,4.95723551186306,5.19756632026175,5.49985990215941,5.61867204188192,4.88944646530504
2026-02-02,"ILI + wastewater, no delay (hypothetical)",2026-01-19,2,4.71788329256184,4.88545169534086,5.16582621286012,5.5360701939836,5.61867204188192,4.88944646530504
2026-02-02,ILI only,2026-01-26,1,4.81373890566319,4.92537867761077,5.13079917853692,5.24345403478076,5.47758313145688,4.88944646530504
2026-02-02,"ILI only, seed 2",2026-01-26,1,4.76210512573516,4.91839109628635,5.1334844138881,5.25104867059822,5.44933220410033,4.88944646530504
2026-02-02,"ILI only, seed 3",2026-01-26,1,4.76210512573516,4.9283341051506,5.1334844138881,5.24345403478076,5.44933220410033,4.88944646530504
2026-02-02,"ILI + wastewater, 2-week delay (as published)",2026-01-26,1,4.78562298388773,4.9283341051506,5.13079917853692,5.23776442743482,5.31499164752376,4.88944646530504
2026-02-02,"ILI + wastewater, no delay (hypothetical)",2026-01-26,1,4.6983043574183,4.91839109628635,5.06013773954715,5.23776442743482,5.37818452068514,4.88944646530504
2026-02-09,ILI only,2026-01-12,4,4.4532918131302,4.73631195821804,5.07558273896606,5.53329761398052,5.90863854342211,4.41920198827394
2026-02-09,"ILI only, seed 2",2026-01-12,4,4.42725449979564,4.73631195821804,5.07558273896606,5.53329761398052,5.87863961719018,4.41920198827394
2026-02-09,"ILI only, seed 3",2026-01-12,4,4.45475150336878,4.73530926941051,5.07558273896606,5.53329761398052,5.87863961719018,4.41920198827394
2026-02-09,"ILI + wastewater, 2-week delay (as published)",2026-01-12,4,4.46313628392149,4.7323012029879,5.04747429259431,5.53329761398052,5.70940369317587,4.41920198827394
2026-02-09,"ILI + wastewater, no delay (hypothetical)",2026-01-12,4,4.43028185548188,4.83363343097118,5.04747429259431,5.53329761398052,5.77504286525027,4.41920198827394
2026-02-09,ILI only,2026-01-19,3,4.69265455997001,4.79063879094176,5.03529852735793,5.36825936526453,5.67648788219135,4.41920198827394
2026-02-09,"ILI only, seed 2",2026-01-19,3,4.69265455997001,4.79063879094176,5.0374266654575,5.41192694758409,5.67648788219135,4.41920198827394
2026-02-09,"ILI only, seed 3",2026-01-19,3,4.69265455997001,4.79063879094176,5.03529852735793,5.41123514045138,5.67648788219135,4.41920198827394
2026-02-09,"ILI + wastewater, 2-week delay (as published)",2026-01-19,3,4.68391374392137,4.79063879094176,5.03075355457088,5.41192694758409,5.67648788219135,4.41920198827394
2026-02-09,"ILI + wastewater, no delay (hypothetical)",2026-01-19,3,4.55295194318211,4.76722075445583,5.01630247493575,5.38236440575765,5.68493239789586,4.41920198827394
2026-02-09,ILI only,2026-01-26,2,4.59282584851688,4.66031276099799,4.89520639016742,5.0566723500403,5.38977578622117,4.41920198827394
2026-02-09,"ILI only, seed 2",2026-01-26,2,4.59282584851688,4.66031276099799,4.89520639016742,5.0566723500403,5.38977578622117,4.41920198827394
2026-02-09,"ILI only, seed 3",2026-01-26,2,4.59282584851688,4.66031276099799,4.89520639016742,5.06558243981049,5.43758331161125,4.41920198827394
2026-02-09,"ILI + wastewater, 2-week delay (as published)",2026-01-26,2,4.59282584851688,4.66031276099799,4.87879154490143,5.08919485946039,5.38977578622117,4.41920198827394
2026-02-09,"ILI + wastewater, no delay (hypothetical)",2026-01-26,2,4.59282584851688,4.66031276099799,4.85249800046368,5.08576954918663,5.45337009537444,4.41920198827394
2026-02-09,ILI only,2026-02-02,1,4.53153941856355,4.6739488361661,4.7793623493668,4.90314056729422,5.09693658718265,4.41920198827394
2026-02-09,"ILI only, seed 2",2026-02-02,1,4.50448212307156,4.6491738825119,4.7793623493668,4.9080403720567,5.08622945626598,4.41920198827394
2026-02-09,"ILI only, seed 3",2026-02-02,1,4.53153941856355,4.6739488361661,4.7793623493668,4.9080403720567,5.0739179826154,4.41920198827394
2026-02-09,"ILI + wastewater, 2-week delay (as published)",2026-02-02,1,4.53153941856355,4.69408510335895,4.76775436181724,4.87919106081993,5.01092465188822,4.41920198827394
2026-02-09,"ILI + wastewater, no delay (hypothetical)",2026-02-02,1,4.51271061321291,4.67479475014114,4.76015522234354,4.87919106081993,4.98234021219774,4.41920198827394
2026-02-16,ILI only,2026-01-19,4,4.48809685528219,4.79766376163352,5.053737189755,5.45266428095569,5.8284992409777,4.12033714249635
2026-02-16,"ILI only, seed 2",2026-01-19,4,4.50441164783285,4.79766376163352,5.053737189755,5.41172457089572,5.8284992409777,4.12033714249635
2026-02-16,"ILI only, seed 3",2026-01-19,4,4.44980233163315,4.79766376163352,5.053737189755,5.41172457089572,5.8284992409777,4.12033714249635
2026-02-16,"ILI + wastewater, 2-week delay (as published)",2026-01-19,4,4.4919149226016,4.79766376163352,5.053737189755,5.37144437337398,5.8284992409777,4.12033714249635
2026-02-16,"ILI + wastewater, no delay (hypothetical)",2026-01-19,4,4.44980233163315,4.78944585692467,5.053737189755,5.38893577159918,5.79002687734583,4.12033714249635
2026-02-16,ILI only,2026-01-26,3,4.44286782724387,4.59288389825721,4.81397102350109,5.08833487736286,5.30220889156917,4.12033714249635
2026-02-16,"ILI only, seed 2",2026-01-26,3,4.41746053266113,4.58257044403177,4.73706727998658,5.08833487736286,5.30184283164585,4.12033714249635
2026-02-16,"ILI only, seed 3",2026-01-26,3,4.41746053266113,4.58257044403177,4.73706727998658,5.08833487736286,5.30550343087909,4.12033714249635
2026-02-16,"ILI + wastewater, 2-week delay (as published)",2026-01-26,3,4.44286782724387,4.65367547591482,4.73706727998658,5.08833487736286,5.30184283164585,4.12033714249635
2026-02-16,"ILI + wastewater, no delay (hypothetical)",2026-01-26,3,4.41746053266113,4.58257044403177,4.73706727998658,5.08833487736286,5.30872025824862,4.12033714249635
2026-02-16,ILI only,2026-02-02,2,4.43281017038625,4.52128401407844,4.63922378379409,4.89185224032263,5.08343249975686,4.12033714249635
2026-02-16,"ILI only, seed 2",2026-02-02,2,4.43281017038625,4.52128401407844,4.64033360244725,4.89008851990173,5.0681193341835,4.12033714249635
2026-02-16,"ILI only, seed 3",2026-02-02,2,4.43281017038625,4.52128401407844,4.64033360244725,4.89185224032263,5.08028877205316,4.12033714249635
2026-02-16,"ILI + wastewater, 2-week delay (as published)",2026-02-02,2,4.43637445747508,4.52490213348038,4.64033360244725,4.90084053594998,5.0681193341835,4.12033714249635
2026-02-16,"ILI + wastewater, no delay (hypothetical)",2026-02-02,2,4.38784116489472,4.52128401407844,4.64033360244725,4.89008851990173,5.03213478264642,4.12033714249635
2026-02-16,ILI only,2026-02-09,1,4.01663333403723,4.22384062632785,4.38308325511866,4.4508645155965,4.70571842357311,4.12033714249635
2026-02-16,"ILI only, seed 2",2026-02-09,1,4.01467027579324,4.22365369250888,4.38308325511866,4.44266009142497,4.70571842357311,4.12033714249635
2026-02-16,"ILI only, seed 3",2026-02-09,1,4.01467027579324,4.22365369250888,4.38447693590193,4.44266009142497,4.70571842357311,4.12033714249635
2026-02-16,"ILI + wastewater, 2-week delay (as published)",2026-02-09,1,3.96613698321288,4.22365369250888,4.34161749701922,4.42119269895127,4.70571842357311,4.12033714249635
2026-02-16,"ILI + wastewater, no delay (hypothetical)",2026-02-09,1,4.00364642475599,4.22365369250888,4.37066169292468,4.42962683592894,4.70571842357311,4.12033714249635
2026-02-23,ILI only,2026-01-26,4,4.17170295834758,4.29576842917333,4.39432753189461,4.71790546664181,5.10829756662736,3.96024157769862
2026-02-23,"ILI only, seed 2",2026-01-26,4,4.16917110411617,4.29576842917333,4.39432753189461,4.71790546664181,5.10648146969976,3.96024157769862
2026-02-23,"ILI only, seed 3",2026-01-26,4,4.17170295834758,4.29576842917333,4.39853348610379,4.74369527363284,5.16192889772721,3.96024157769862
2026-02-23,"ILI + wastewater, 2-week delay (as published)",2026-01-26,4,4.17170295834758,4.29576842917333,4.44167592612682,4.71511055061352,5.10648146969976,3.96024157769862
2026-02-23,"ILI + wastewater, no delay (hypothetical)",2026-01-26,4,4.17170295834758,4.29576842917333,4.33971821569491,4.68757964569528,5.16192889772721,3.96024157769862
2026-02-23,ILI only,2026-02-02,3,4.11045220372771,4.27532327159259,4.44354169711222,4.55880630326084,4.94930613044331,3.96024157769862
2026-02-23,"ILI only, seed 2",2026-02-02,3,4.17977428441495,4.27532327159259,4.45169388189299,4.59803853306703,4.94930613044331,3.96024157769862
2026-02-23,"ILI only, seed 3",2026-02-02,3,4.11045220372771,4.27765465720433,4.45169388189299,4.56459506717915,4.94930613044331,3.96024157769862
2026-02-23,"ILI + wastewater, 2-week delay (as published)",2026-02-02,3,4.17977428441495,4.27843178574158,4.45385515133766,4.55880630326084,4.94930613044331,3.96024157769862
2026-02-23,"ILI + wastewater, no delay (hypothetical)",2026-02-02,3,4.11045220372771,4.27472915224974,4.45169388189299,4.74003332012758,4.82518621031818,3.96024157769862
2026-02-23,ILI only,2026-02-09,2,3.91759668786362,4.05465765644928,4.17008912541615,4.32809228093598,4.51035706162702,3.96024157769862
2026-02-23,"ILI only, seed 2",2026-02-09,2,3.91759668786362,4.05465765644928,4.17008912541615,4.36869727123099,4.51035706162702,3.96024157769862
2026-02-23,"ILI only, seed 3",2026-02-09,2,3.91759668786362,4.05465765644928,4.17845994070343,4.3291417552441,4.54630249056817,3.96024157769862
2026-02-23,"ILI + wastewater, 2-week delay (as published)",2026-02-09,2,3.91759668786362,4.05103953704734,4.16609435545197,4.26240291033009,4.47992163550974,3.96024157769862
2026-02-23,"ILI + wastewater, no delay (hypothetical)",2026-02-09,2,3.91759668786362,4.01042869974769,4.16609435545197,4.25825696482954,4.44739912608965,3.96024157769862
2026-02-23,ILI only,2026-02-16,1,3.74451556708659,3.82147229671876,3.99864503900855,4.10566504903485,4.30480865980671,3.96024157769862
2026-02-23,"ILI only, seed 2",2026-02-16,1,3.74451556708659,3.82147229671876,3.99864503900855,4.10419281937606,4.34551056256612,3.96024157769862
2026-02-23,"ILI only, seed 3",2026-02-16,1,3.71776848825964,3.82147229671876,3.99864503900855,4.10419281937606,4.30480865980671,3.96024157769862
2026-02-23,"ILI + wastewater, 2-week delay (as published)",2026-02-16,1,3.74451556708659,3.85236954001765,3.9948454692717,4.10419281937606,4.36343793430948,3.96024157769862
2026-02-23,"ILI + wastewater, no delay (hypothetical)",2026-02-16,1,3.71776848825964,3.82147229671876,4.01025302655811,4.11008173801124,4.1577718573156,3.96024157769862
2026-03-02,ILI only,2026-02-02,4,3.78776115664896,4.081383059148,4.30264717920727,4.33137673571561,4.90449478724284,3.83254680392635
2026-03-02,"ILI only, seed 2",2026-02-02,4,3.78776115664896,4.12506087435335,4.25529878497506,4.33550160764688,4.90449478724284,3.83254680392635
2026-03-02,"ILI only, seed 3",2026-02-02,4,3.82843800016826,4.081383059148,4.25529878497506,4.33000177840519,4.80462432689721,3.83254680392635
2026-03-02,"ILI + wastewater, 2-week delay (as published)",2026-02-02,4,3.83295764944818,4.15454575778673,4.30264717920727,4.34909743804021,4.90449478724284,3.83254680392635
2026-03-02,"ILI + wastewater, no delay (hypothetical)",2026-02-02,4,3.78776115664896,4.03267421142803,4.30264717920727,4.38334171543271,4.90449478724284,3.83254680392635
2026-03-02,ILI only,2026-02-09,3,3.72204839209856,3.94998565732369,4.22605946752647,4.47906165341221,4.6925696076952,3.83254680392635
2026-03-02,"ILI only, seed 2",2026-02-09,3,3.72204839209856,3.94998565732369,4.22605946752647,4.44687442764045,4.6925696076952,3.83254680392635
2026-03-02,"ILI only, seed 3",2026-02-09,3,3.72204839209856,3.89680917412002,4.22605946752647,4.44687442764045,4.6925696076952,3.83254680392635
2026-03-02,"ILI + wastewater, 2-week delay (as published)",2026-02-09,3,3.72204839209856,3.94998565732369,4.07525493051303,4.30685124189494,4.66300706586876,3.83254680392635
2026-03-02,"ILI + wastewater, no delay (hypothetical)",2026-02-09,3,3.7186901138055,3.86712775454818,4.07525493051303,4.29323206834999,4.66300706586876,3.83254680392635
2026-03-02,ILI only,2026-02-16,2,3.5110639185457,3.67767046409407,3.8701144609854,4.12274291751394,4.40251669256798,3.83254680392635
2026-03-02,"ILI only, seed 2",2026-02-16,2,3.47172384167023,3.67767046409407,3.87122427963856,4.12274291751394,4.40251669256798,3.83254680392635
2026-03-02,"ILI only, seed 3",2026-02-16,2,3.47172384167023,3.67767046409407,3.8701144609854,4.12274291751394,4.40251669256798,3.83254680392635
2026-03-02,"ILI + wastewater, 2-week delay (as published)",2026-02-16,2,3.5110639185457,3.66370084757756,3.8754096872822,4.12274291751394,4.40251669256798,3.83254680392635
2026-03-02,"ILI + wastewater, no delay (hypothetical)",2026-02-16,2,3.5110639185457,3.66370084757756,3.86722950967438,3.99574637663999,4.24743764479058,3.83254680392635
2026-03-02,ILI only,2026-02-23,1,3.52679940985471,3.66137673192103,3.79838926775749,3.92551652532661,3.97066642535362,3.83254680392635
2026-03-02,"ILI only, seed 2",2026-02-23,1,3.52679940985471,3.66137673192103,3.79838926775749,3.92551652532661,3.97066642535362,3.83254680392635
2026-03-02,"ILI only, seed 3",2026-02-23,1,3.52679940985471,3.66137673192103,3.79838926775749,3.92551652532661,3.97066642535362,3.83254680392635
2026-03-02,"ILI + wastewater, 2-week delay (as published)",2026-02-23,1,3.50901154709442,3.69227397521992,3.79838926775749,3.93313046281429,3.97883548445028,3.83254680392635
2026-03-02,"ILI + wastewater, no delay (hypothetical)",2026-02-23,1,3.54468601418067,3.71738934936176,3.80014601290089,3.94409725457833,4.0846294994996,3.83254680392635
2026-03-09,ILI only,2026-02-09,4,3.49692065226263,3.82132283496823,3.86525713061578,4.33437984986611,4.93541846067481,3.5004392163118
2026-03-09,"ILI only, seed 2",2026-02-09,4,3.49692065226263,3.82132283496823,3.87885296100911,4.36670002586391,4.93541846067481,3.5004392163118
2026-03-09,"ILI only, seed 3",2026-02-09,4,3.49692065226263,3.82132283496823,3.86525713061578,4.31413030403248,4.93541846067481,3.5004392163118
2026-03-09,"ILI + wastewater, 2-week delay (as published)",2026-02-09,4,3.49692065226263,3.82132283496823,3.86525713061578,4.31413030403248,4.93541846067481,3.5004392163118
2026-03-09,"ILI + wastewater, no delay (hypothetical)",2026-02-09,4,3.49692065226263,3.78505430794396,3.86525713061578,4.31326283329256,4.86108410254919,3.5004392163118
2026-03-09,ILI only,2026-02-16,3,3.40097980260746,3.59794432834243,3.92719462174888,4.22908850612239,4.66671021222938,3.5004392163118
2026-03-09,"ILI only, seed 2",2026-02-16,3,3.34114707794948,3.57799740455419,3.92719462174888,4.22908850612239,4.65252176331162,3.5004392163118
2026-03-09,"ILI only, seed 3",2026-02-16,3,3.41982526802791,3.59794432834243,3.92719462174888,4.22908850612239,4.70154928404639,3.5004392163118
2026-03-09,"ILI + wastewater, 2-week delay (as published)",2026-02-16,3,3.40047558383702,3.57799740455419,3.89455860754731,4.18019680763462,4.64172819870673,3.5004392163118
2026-03-09,"ILI + wastewater, no delay (hypothetical)",2026-02-16,3,3.41066496160626,3.64475717892178,3.80978068838908,4.05561427257035,4.63293062485215,3.5004392163118
2026-03-09,ILI only,2026-02-23,2,3.4357966147344,3.5012811671233,3.70421885003413,3.7791659051986,3.99511838240783,3.5004392163118
2026-03-09,"ILI only, seed 2",2026-02-23,2,3.37986063977003,3.5012811671233,3.66587325532542,3.7791659051986,3.99511838240783,3.5004392163118
2026-03-09,"ILI only, seed 3",2026-02-23,2,3.38090926208433,3.5012811671233,3.65101957230972,3.77127815287316,3.97163564834356,3.5004392163118
2026-03-09,"ILI + wastewater, 2-week delay (as published)",2026-02-23,2,3.4357966147344,3.5012811671233,3.65101957230972,3.7791659051986,3.99511838240783,3.5004392163118
2026-03-09,"ILI + wastewater, no delay (hypothetical)",2026-02-23,2,3.4586362772883,3.51757489929634,3.73798662342551,3.86913187036066,4.14806520663038,3.5004392163118
2026-03-09,ILI only,2026-03-02,1,3.37948179886529,3.53368195814876,3.64501690202525,3.78400650857709,3.84297165158135,3.5004392163118
2026-03-09,"ILI only, seed 2",2026-03-02,1,3.37948179886529,3.53368195814876,3.66761545454662,3.78400650857709,3.85114071067801,3.5004392163118
2026-03-09,"ILI only, seed 3",2026-03-02,1,3.37948179886529,3.53368195814876,3.66718171917666,3.78400650857709,3.85114071067801,3.5004392163118
2026-03-09,"ILI + wastewater, 2-week delay (as published)",2026-03-02,1,3.38131677332215,3.61704917478741,3.67069449398522,3.79782175155434,3.84297165158135,3.5004392163118
2026-03-09,"ILI + wastewater, no delay (hypothetical)",2026-03-02,1,3.37948179886529,3.53368195814876,3.67069449398522,3.78400650857709,3.84297165158135,3.5004392163118
2026-03-16,ILI only,2026-02-16,4,3.19805580648504,3.52624300180794,3.56639228483819,4.03551500408852,4.63655361489722,3.23553626576131
2026-03-16,"ILI only, seed 2",2026-02-16,4,3.19805580648504,3.52624300180794,3.5608924555965,4.01526545825489,4.63655361489722,3.23553626576131
2026-03-16,"ILI only, seed 3",2026-02-16,4,3.19805580648504,3.52245798919064,3.5608924555965,4.01526545825489,4.63655361489722,3.23553626576131
2026-03-16,"ILI + wastewater, 2-week delay (as published)",2026-02-16,4,3.31227373633931,3.52624300180794,3.61423239262402,4.01526545825489,4.63655361489722,3.23553626576131
2026-03-16,"ILI + wastewater, no delay (hypothetical)",2026-02-16,4,3.28498209921757,3.52624300180794,3.56639228483819,3.84761009099331,4.55662609629114,3.23553626576131
2026-03-16,ILI only,2026-02-23,3,3.24088423780973,3.39950316883599,3.52799974695134,3.83440681798865,4.02010124283689,3.23553626576131
2026-03-16,"ILI only, seed 2",2026-02-23,3,3.25972970323018,3.3746341927179,3.58544184138885,3.83440681798865,4.02010124283689,3.23553626576131
2026-03-16,"ILI only, seed 3",2026-02-23,3,3.24088423780973,3.3746341927179,3.58544184138885,3.83440681798865,4.02010124283689,3.23553626576131
2026-03-16,"ILI + wastewater, 2-week delay (as published)",2026-02-23,3,3.25972970323018,3.39950316883599,3.60061202223459,3.83440681798865,4.09013347284691,3.23553626576131
2026-03-16,"ILI + wastewater, no delay (hypothetical)",2026-02-23,3,3.26308798152324,3.41790183975646,3.58890300399162,3.81082843252116,4.02010124283689,3.23553626576131
2026-03-16,ILI only,2026-03-02,2,3.30757089319621,3.38988012552407,3.54475646535635,3.62081037642722,3.79027690094175,3.23553626576131
2026-03-16,"ILI only, seed 2",2026-03-02,2,3.30810184096213,3.41187076832536,3.54475646535635,3.62081037642722,3.82075613158802,3.23553626576131
2026-03-16,"ILI only, seed 3",2026-03-02,2,3.25321448831206,3.38988012552407,3.54475646535635,3.62081037642722,3.79318900965242,3.23553626576131
2026-03-16,"ILI + wastewater, 2-week delay (as published)",2026-03-02,2,3.33094150351603,3.41187076832536,3.5823241224154,3.64955761608501,3.74143709658839,3.23553626576131
2026-03-16,"ILI + wastewater, no delay (hypothetical)",2026-03-02,2,3.18393350310023,3.38988012552407,3.61029184965324,3.70795603806999,3.83495257894394,3.23553626576131
2026-03-16,ILI only,2026-03-09,1,3.16532406959812,3.26016663351866,3.37274444253953,3.48425108457773,3.5312683743317,3.23553626576131
2026-03-16,"ILI only, seed 2",2026-03-09,1,3.16532406959812,3.2324716138331,3.37274444253953,3.48426203673118,3.62482713811278,3.23553626576131
2026-03-16,"ILI only, seed 3",2026-03-09,1,3.16532406959812,3.20157437053421,3.3711479733503,3.48425108457773,3.52389731946283,3.23553626576131
2026-03-16,"ILI + wastewater, 2-week delay (as published)",2026-03-09,1,3.16532406959812,3.30489092054674,3.37274444253953,3.48425108457773,3.52389731946283,3.23553626576131
2026-03-16,"ILI + wastewater, no delay (hypothetical)",2026-03-09,1,3.12461764090204,3.20157437053421,3.37274444253953,3.48425108457773,3.53210174363436,3.23553626576131
2026-03-23,ILI only,2026-02-23,4,3.12488653441984,3.32609389736864,3.39298413343998,3.64687691608755,3.64687691608755,2.98921105656373
2026-03-23,"ILI only, seed 2",2026-02-23,4,3.15217817154158,3.32609389736864,3.39298413343998,3.64687691608755,3.64687691608755,2.98921105656373
2026-03-23,"ILI only, seed 3",2026-02-23,4,3.15217817154158,3.32609389736864,3.39298413343998,3.64687691608755,3.64687691608755,2.98921105656373
2026-03-23,"ILI + wastewater, 2-week delay (as published)",2026-02-23,4,3.15217817154158,3.32609389736864,3.38317678738445,3.64687691608755,3.85516989345716,2.98921105656373
2026-03-23,"ILI + wastewater, no delay (hypothetical)",2026-02-23,4,3.15217817154158,3.334505805787,3.40079689079877,3.64687691608755,3.97594496962707,2.98921105656373
2026-03-23,ILI only,2026-03-02,3,2.92640979103533,3.22802781558294,3.3947942205143,3.52199034981908,3.70671204421638,2.98921105656373
2026-03-23,"ILI only, seed 2",2026-03-02,3,2.92640979103533,3.22802781558294,3.3947942205143,3.52199034981908,3.70671204421638,2.98921105656373
2026-03-23,"ILI only, seed 3",2026-03-02,3,3.05159451265364,3.22802781558294,3.3947942205143,3.52199034981908,3.70671204421638,2.98921105656373
2026-03-23,"ILI + wastewater, 2-week delay (as published)",2026-03-02,3,3.13539320775097,3.24589161957876,3.3947942205143,3.63452985766871,3.70671204421638,2.98921105656373
2026-03-23,"ILI + wastewater, no delay (hypothetical)",2026-03-02,3,3.13203492945791,3.22802781558294,3.3947942205143,3.48859974616544,3.70671204421638,2.98921105656373
2026-03-23,ILI only,2026-03-09,2,2.99883391590148,3.07976318071081,3.24733158348983,3.28870278881267,3.45699838546847,2.98921105656373
2026-03-23,"ILI only, seed 2",2026-03-09,2,2.99883391590148,3.07976318071081,3.25021653480085,3.28870278881267,3.45699838546847,2.98921105656373
2026-03-23,"ILI only, seed 3",2026-03-09,2,2.99883391590148,3.07976318071081,3.24441648864731,3.28870278881267,3.45699838546847,2.98921105656373
2026-03-23,"ILI + wastewater, 2-week delay (as published)",2026-03-09,2,2.99883391590148,3.07976318071081,3.28870278881267,3.34053067924254,3.51960475845424,2.98921105656373
2026-03-23,"ILI + wastewater, no delay (hypothetical)",2026-03-09,2,2.97068477568838,3.04147880573648,3.25021653480085,3.40932950897384,3.53531602102101,2.98921105656373
2026-03-23,ILI only,2026-03-16,1,2.85971469035155,2.96916617927188,3.07544070096358,3.21934813402724,3.25899436891234,2.98921105656373
2026-03-23,"ILI only, seed 2",2026-03-16,1,2.85971469035155,2.96756866328261,3.07544070096358,3.21934813402724,3.25899436891234,2.98921105656373
2026-03-23,"ILI only, seed 3",2026-03-16,1,2.85971469035155,2.93667141998372,3.07544070096358,3.21934813402724,3.27279780984608,2.98921105656373
2026-03-23,"ILI + wastewater, 2-week delay (as published)",2026-03-16,1,2.85971469035155,2.97063331521082,3.10624502279981,3.21934813402724,3.25899436891234,2.98921105656373
2026-03-23,"ILI + wastewater, no delay (hypothetical)",2026-03-16,1,2.97063331521082,3.07060491638158,3.24596111341631,3.47838511874092,3.8254138880379,2.98921105656373
2026-03-30,ILI only,2026-03-02,4,2.91026546791504,3.19839912359637,3.2731021170265,3.51918214231528,3.91055306140152,2.95178038602481
2026-03-30,"ILI only, seed 2",2026-03-02,4,2.91026546791504,3.18633927811782,3.2731021170265,3.51918214231528,3.89243713341576,2.95178038602481
2026-03-30,"ILI only, seed 3",2026-03-02,4,2.91026546791504,3.19839912359637,3.2731021170265,3.51918214231528,3.84971917176342,2.95178038602481
2026-03-30,"ILI + wastewater, 2-week delay (as published)",2026-03-02,4,2.91026546791504,3.18633927811782,3.2731021170265,3.51918214231528,3.98482309951034,2.95178038602481
2026-03-30,"ILI + wastewater, no delay (hypothetical)",2026-03-02,4,2.91026546791504,3.18633927811782,3.2731021170265,3.51918214231528,3.8482501958548,2.95178038602481
2026-03-30,ILI only,2026-03-09,3,2.8197719758647,2.91378403196421,3.15649215855089,3.35102607113434,3.39930655360647,2.95178038602481
2026-03-30,"ILI only, seed 2",2026-03-09,3,2.80328562013642,2.91378403196421,3.15649215855089,3.37280454003719,3.52811165567831,2.95178038602481
2026-03-30,"ILI only, seed 3",2026-03-09,3,2.8197719758647,2.91378403196421,3.15649215855089,3.35102607113434,3.48604011943962,2.95178038602481
2026-03-30,"ILI + wastewater, 2-week delay (as published)",2026-03-09,3,2.83563778375161,2.91483183133108,3.18988276220453,3.37460445660183,3.56029888145007,2.95178038602481
2026-03-30,"ILI + wastewater, no delay (hypothetical)",2026-03-09,3,2.83563778375161,2.93970080744917,3.12563948000203,3.34873733557111,3.43617896132494,2.95178038602481
2026-03-30,ILI only,2026-03-16,2,2.63852572759627,2.77573390437449,2.94774592719131,3.11094549990495,3.2379420407789,2.95178038602481
2026-03-30,"ILI only, seed 2",2026-03-16,2,2.63852572759627,2.77573390437449,2.94774592719131,3.10226744370414,3.2379420407789,2.95178038602481
2026-03-30,"ILI only, seed 3",2026-03-16,2,2.65620395014702,2.77573390437449,2.94774592719131,3.11094549990495,3.2379420407789,2.95178038602481
2026-03-30,"ILI + wastewater, 2-week delay (as published)",2026-03-16,2,2.65620395014702,2.77573390437449,3.02379983826218,3.18489195199711,3.25139388249465,2.95178038602481
2026-03-30,"ILI + wastewater, no delay (hypothetical)",2026-03-16,2,2.77573390437449,2.94116794338811,3.18345206427878,3.35350577465,3.62918138706012,2.95178038602481
2026-03-30,ILI only,2026-03-23,1,2.65710346894918,2.72430810601324,2.829115491766,2.99963590421873,3.30023422889867,2.95178038602481
2026-03-30,"ILI only, seed 2",2026-03-23,1,2.65710346894918,2.72430810601324,2.85991981360223,2.99963590421873,3.2757274918629,2.95178038602481
2026-03-30,"ILI only, seed 3",2026-03-23,1,2.65710346894918,2.72430810601324,2.85991981360223,3.0016781689929,3.30023422889867,2.95178038602481
2026-03-30,"ILI + wastewater, 2-week delay (as published)",2026-03-23,1,2.65710346894918,2.72430810601324,2.829115491766,2.99500444257755,3.16866933294767,2.95178038602481
2026-03-30,"ILI + wastewater, no delay (hypothetical)",2026-03-23,1,2.65710346894918,2.72430810601324,2.86151628279146,2.99963590421873,3.08210480345643,2.95178038602481
2026-04-06,ILI only,2026-03-09,4,2.58167644434966,2.78709748840235,2.9235126757151,3.11915908383311,3.37219543872214,2.98618686071046
2026-04-06,"ILI only, seed 2",2026-03-09,4,2.58167644434966,2.85423169050327,2.92834722388413,3.11915908383311,3.37219543872214,2.98618686071046
2026-04-06,"ILI only, seed 3",2026-03-09,4,2.58167644434966,2.78709748840235,2.9235126757151,3.03140442292418,3.18707455470073,2.98618686071046
2026-04-06,"ILI + wastewater, 2-week delay (as published)",2026-03-09,4,2.59456360146614,2.85423169050327,2.94099452941195,3.13015627666525,3.63567125434693,2.98618686071046
2026-04-06,"ILI + wastewater, no delay (hypothetical)",2026-03-09,4,2.66508417303302,2.85423169050327,2.93318177205316,3.13015627666525,3.37219543872214,2.98618686071046
2026-04-06,ILI only,2026-03-16,3,2.510830953824,2.61563833957676,2.80329443501403,3.04239374501384,3.13440360305598,2.98618686071046
2026-04-06,"ILI only, seed 2",2026-03-16,3,2.510830953824,2.61563833957676,2.80329443501403,3.04239374501384,3.13440360305598,2.98618686071046
2026-04-06,"ILI only, seed 3",2026-03-16,3,2.510830953824,2.61563833957676,2.80329443501403,3.04239374501384,3.13440360305598,2.98618686071046
2026-04-06,"ILI + wastewater, 2-week delay (as published)",2026-03-16,3,2.53838266958593,2.64992888078059,2.87743490110366,3.08383438502062,3.2820562813962,2.98618686071046
2026-04-06,"ILI + wastewater, no delay (hypothetical)",2026-03-16,3,2.61563833957676,2.67479785689868,3.04239374501384,3.36877759311911,3.51256448441581,2.98618686071046
2026-04-06,ILI only,2026-03-23,2,2.47798289681566,2.53025064598841,2.7346458763205,2.99161683158132,3.11631155885796,2.98618686071046
2026-04-06,"ILI only, seed 2",2026-03-23,2,2.47798289681566,2.53025064598841,2.76695610229062,2.99161683158132,3.11631155885796,2.98618686071046
2026-04-06,"ILI only, seed 3",2026-03-23,2,2.47798289681566,2.52940869517691,2.73318832889924,2.99161683158132,3.11631155885796,2.98618686071046
2026-04-06,"ILI + wastewater, 2-week delay (as published)",2026-03-23,2,2.42499755937968,2.52940869517691,2.79535368330761,2.99161683158132,3.11631155885796,2.98618686071046
2026-04-06,"ILI + wastewater, no delay (hypothetical)",2026-03-23,2,2.45945661594031,2.52940869517691,2.80024763173827,2.99161683158132,3.11631155885796,2.98618686071046
2026-04-06,ILI only,2026-03-30,1,2.50055035542061,2.68381278354611,2.91434971548589,2.97037429277647,3.07983452433226,2.98618686071046
2026-04-06,"ILI only, seed 2",2026-03-30,1,2.50055035542061,2.63881815689995,2.90634884450415,2.97037429277647,3.13123866240875,2.98618686071046
2026-04-06,"ILI only, seed 3",2026-03-30,1,2.50055035542061,2.68381278354611,2.90634884450415,2.97037429277647,3.10045607771208,2.98618686071046
2026-04-06,"ILI + wastewater, 2-week delay (as published)",2026-03-30,1,2.54724867354411,2.7563637903297,2.98904193010958,3.22816655008262,3.5416580083014,2.98618686071046
2026-04-06,"ILI + wastewater, no delay (hypothetical)",2026-03-30,1,2.54724867354411,2.75623209025975,2.9170553336528,2.97523848917584,3.17695380609458,2.98618686071046
2026-04-13,ILI only,2026-03-16,4,2.35073538902627,2.58932873995278,2.66827882150267,2.9547670823997,3.37076830379644,2.99172425215645
2026-04-13,"ILI only, seed 2",2026-03-16,4,2.35073538902627,2.58932873995278,2.66827882150267,2.9547670823997,3.36670638220016,2.99172425215645
2026-04-13,"ILI only, seed 3",2026-03-16,4,2.35073538902627,2.52219453785186,2.65860972516461,2.92217160415024,3.37076830379644,2.99172425215645
2026-04-13,"ILI + wastewater, 2-week delay (as published)",2026-03-16,4,2.35073538902627,2.58932873995278,2.68159140810315,3.10729248817165,3.37076830379644,2.99172425215645
2026-04-13,"ILI + wastewater, no delay (hypothetical)",2026-03-16,4,2.42747285960427,2.65860972516461,2.90600047313675,3.31354252323648,3.71414401276632,2.99172425215645
2026-04-13,ILI only,2026-03-23,3,2.29205746038835,2.38469206822032,2.55696922581645,2.83750917582304,3.049070721702,2.99172425215645
2026-04-13,"ILI only, seed 2",2026-03-23,3,2.2693494979044,2.36931313037918,2.55696922581645,2.83750917582304,3.049070721702,2.99172425215645
2026-04-13,"ILI only, seed 3",2026-03-23,3,2.28869918209529,2.36931313037918,2.55696922581645,2.83979791138627,3.12245238392153,2.99172425215645
2026-04-13,"ILI + wastewater, 2-week delay (as published)",2026-03-23,3,2.29205746038835,2.40255587221614,2.66435965843784,2.86427077347448,3.26257867598499,2.99172425215645
2026-04-13,"ILI + wastewater, no delay (hypothetical)",2026-03-23,3,2.26450574462642,2.36931313037918,2.55696922581645,2.83750917582304,3.13581453075561,2.99172425215645
2026-04-13,ILI only,2026-03-30,2,2.35476984785977,2.50911370762253,2.69575765836032,2.9541861610424,3.07888088831904,2.99172425215645
2026-04-13,"ILI only, seed 2",2026-03-30,2,2.35476984785977,2.50911370762253,2.66802450628831,2.9541861610424,3.07888088831904,2.99172425215645
2026-04-13,"ILI only, seed 3",2026-03-30,2,2.35476984785977,2.50911370762253,2.69575765836032,2.9541861610424,3.07888088831904,2.99172425215645
2026-04-13,"ILI + wastewater, 2-week delay (as published)",2026-03-30,2,2.49281997544949,2.65741206365161,2.86486857591932,3.04068322125413,3.36088848541147,2.99172425215645
2026-04-13,"ILI + wastewater, no delay (hypothetical)",2026-03-30,2,2.37244807041052,2.62493827722159,2.74004395852568,2.9541861610424,3.07888088831904,2.99172425215645
2026-04-13,ILI only,2026-04-06,1,2.57498210731233,2.71981677422103,2.98817757138779,3.02059333539611,3.19579659074515,2.99172425215645
2026-04-13,"ILI only, seed 2",2026-04-06,1,2.58165514822976,2.73521721617465,2.98103552929333,3.02059333539611,3.20825456469121,2.99172425215645
2026-04-13,"ILI only, seed 3",2026-04-06,1,2.58165514822976,2.71981677422103,2.98103552929333,3.02059333539611,3.19284490473489,2.99172425215645
2026-04-13,"ILI + wastewater, 2-week delay (as published)",2026-04-06,1,2.57063129719251,2.71981677422103,2.94875619017154,3.00964496386149,3.11057478251144,2.99172425215645
2026-04-13,"ILI + wastewater, no delay (hypothetical)",2026-04-06,1,2.6732246315856,2.79077026501535,2.99198024672428,3.02059333539611,3.20876031908409,2.99172425215645
2026-04-20,ILI only,2026-03-23,4,2.10441017982869,2.39511691587532,2.60793092408504,2.88413937232227,3.5054275289646,2.53131302260216
2026-04-20,"ILI only, seed 2",2026-03-23,4,2.10441017982869,2.39511691587532,2.57224330545484,2.88413937232227,3.5054275289646,2.53131302260216
2026-04-20,"ILI only, seed 3",2026-03-23,4,2.10441017982869,2.39133190325802,2.55435714486564,2.86096727897407,3.46781880356874,2.53131302260216
2026-04-20,"ILI + wastewater, 2-week delay (as published)",2026-03-23,4,2.10441017982869,2.39511691587532,2.62514619622237,3.0672173140389,3.5054275289646,2.53131302260216
2026-04-20,"ILI + wastewater, no delay (hypothetical)",2026-03-23,4,2.10441017982869,2.39133190325802,2.52017626317611,2.86096727897407,3.4985606653016,2.53131302260216
2026-04-20,ILI only,2026-03-30,3,2.2270750740875,2.3472613976814,2.42938757187089,2.75863786527734,2.9983004016597,2.53131302260216
2026-04-20,"ILI only, seed 2",2026-03-30,3,2.2270750740875,2.3472613976814,2.40944064808265,2.75863786527734,2.9983004016597,2.53131302260216
2026-04-20,"ILI only, seed 3",2026-03-30,3,2.2270750740875,2.3472613976814,2.42938757187089,2.75863786527734,2.9983004016597,2.53131302260216
2026-04-20,"ILI + wastewater, 2-week delay (as published)",2026-03-30,3,2.23191882736548,2.39104197716218,2.62692898789892,2.94541600495596,3.18148042312651,2.53131302260216
2026-04-20,"ILI + wastewater, no delay (hypothetical)",2026-03-30,3,2.25462678984943,2.36617300104409,2.50055257615869,2.75863786527734,3.00173970009073,2.53131302260216
2026-04-20,ILI only,2026-04-06,2,2.40685454509617,2.53694754078359,2.80511118821044,3.04690650794626,3.16485972958892,2.53131302260216
2026-04-20,"ILI only, seed 2",2026-04-06,2,2.40685454509617,2.53694754078359,2.80319767286912,3.01438399852617,3.16485972958892,2.53131302260216
2026-04-20,"ILI only, seed 3",2026-04-06,2,2.40685454509617,2.53694754078359,2.80511118821044,3.04690650794626,3.16485972958892,2.53131302260216
2026-04-20,"ILI + wastewater, 2-week delay (as published)",2026-04-06,2,2.45643242008704,2.53694754078359,2.80319767286912,2.98859263572805,3.11328736300469,2.53131302260216
2026-04-20,"ILI + wastewater, no delay (hypothetical)",2026-04-06,2,2.40685454509617,2.52955056579167,2.77445043321133,2.98682891530715,3.11328736300469,2.53131302260216
2026-04-20,ILI only,2026-04-13,1,2.58051949875832,2.74539904295887,2.99726164360244,3.0261307268421,3.22817080196453,2.53131302260216
2026-04-20,"ILI only, seed 2",2026-04-13,1,2.58051949875832,2.72535416566702,2.992193983268,3.0261307268421,3.23347040516749,2.53131302260216
2026-04-20,"ILI only, seed 3",2026-04-13,1,2.55624324810802,2.72535416566702,2.97557992903616,3.02338677947901,3.21429771053008,2.53131302260216
2026-04-20,"ILI + wastewater, 2-week delay (as published)",2026-04-13,1,2.58051949875832,2.72535416566702,2.99067300370221,3.02338677947901,3.19838229618088,2.53131302260216
2026-04-20,"ILI + wastewater, no delay (hypothetical)",2026-04-13,1,2.46712114295016,2.60675990992297,2.82679290277672,2.99751763817027,3.14039994384372,2.53131302260216
2026-04-27,ILI only,2026-03-30,4,2.07101396812327,2.3576862453364,2.58149744637826,3.01807143263054,3.46799685842568,2.64546532591059
2026-04-27,"ILI only, seed 2",2026-03-30,4,2.07101396812327,2.3347075430646,2.57050025354612,2.84670870178335,3.46799685842568,2.64546532591059
2026-04-27,"ILI only, seed 3",2026-03-30,4,2.07101396812327,2.3539012327191,2.58149744637826,2.94864598310937,3.46799685842568,2.64546532591059
2026-04-27,"ILI + wastewater, 2-week delay (as published)",2026-03-30,4,2.16347660643431,2.37485384542811,2.64121064044203,3.1040566816088,3.55879161642158,2.64546532591059
2026-04-27,"ILI + wastewater, no delay (hypothetical)",2026-03-30,4,2.11642534274603,2.3576862453364,2.57050025354612,2.96682870796261,3.45989290494557,2.64546532591059
2026-04-27,ILI only,2026-04-06,3,2.27651467982037,2.42544845184783,2.58631282148011,2.85107692991385,3.11942818806826,2.64546532591059
2026-04-27,"ILI only, seed 2",2026-04-06,3,2.28869743670577,2.42544845184783,2.58631282148011,2.86393000748338,3.12947431616479,2.64546532591059
2026-04-27,"ILI only, seed 3",2026-04-06,3,2.26682952082157,2.42544845184783,2.58631282148011,2.86035210100049,3.11942818806826,2.64546532591059
2026-04-27,"ILI + wastewater, 2-week delay (as published)",2026-04-06,3,2.37462368199496,2.46222580610086,2.67563040660319,2.83448497996977,3.11942818806826,2.64546532591059
2026-04-27,"ILI + wastewater, no delay (hypothetical)",2026-04-06,3,2.38976083321763,2.44226734968209,2.70208260960656,3.01385930007697,3.15086738670051,2.64546532591059
2026-04-27,ILI only,2026-04-13,2,2.46196981153303,2.57104821655546,2.87202261922797,3.05244389939225,3.17039712103491,2.64546532591059
2026-04-27,"ILI only, seed 2",2026-04-13,2,2.46196981153303,2.57984260648019,2.90481244205096,3.05244389939225,3.17039712103491,2.64546532591059
2026-04-27,"ILI only, seed 3",2026-04-13,2,2.46196981153303,2.57104821655546,2.87202261922797,3.05244389939225,3.17039712103491,2.64546532591059
2026-04-27,"ILI + wastewater, 2-week delay (as published)",2026-04-13,2,2.46196981153303,2.69735592978325,2.90481244205096,3.05244389939225,3.22764797882412,2.64546532591059
2026-04-27,"ILI + wastewater, no delay (hypothetical)",2026-04-13,2,2.46196981153303,2.69735592978325,2.90481244205096,3.03166811828809,3.27390380222808,2.64546532591059
2026-05-04,ILI only,2026-04-06,4,2.27452063238328,2.48008211083813,2.70541767734885,3.00123518264826,3.49553646944833,2.6159349121944
2026-05-04,"ILI only, seed 2",2026-04-06,4,2.33954245514923,2.47193450510912,2.70541767734885,3.00123518264826,3.50240333311133,2.6159349121944
2026-05-04,"ILI only, seed 3",2026-04-06,4,2.27452063238328,2.47193450510912,2.70541767734885,2.90763845720076,3.46479460771547,2.6159349121944
2026-05-04,"ILI + wastewater, 2-week delay (as published)",2026-04-06,4,2.35203918038048,2.48008211083813,2.70541767734885,3.04468845809687,3.46479460771547,2.6159349121944
2026-05-04,"ILI + wastewater, no delay (hypothetical)",2026-04-06,4,2.27452063238328,2.48008211083813,2.6566510680859,3.08235408746161,3.49442308861293,2.6159349121944
2026-05-04,ILI only,2026-04-13,3,2.39529822466362,2.46933143800253,2.70762000105255,3.03824426779134,3.22142428925815,2.6159349121944
2026-05-04,"ILI only, seed 2",2026-04-13,3,2.39529822466362,2.46933143800253,2.70762000105255,2.99423744774917,3.23552932975127,2.6159349121944
2026-05-04,"ILI only, seed 3",2026-04-13,3,2.39529822466362,2.46933143800253,2.70371436458946,2.99423744774917,3.21666301212789,2.6159349121944
2026-05-04,"ILI + wastewater, 2-week delay (as published)",2026-04-13,3,2.39529822466362,2.46776319754685,2.70031631991844,2.99423744774917,3.21666301212789,2.6159349121944
2026-05-04,"ILI + wastewater, no delay (hypothetical)",2026-04-13,3,2.31082947712552,2.46776319754685,2.62071094986838,2.97732515528427,3.26509187157771,2.6159349121944
2026-05-11,ILI only,2026-04-13,4,2.34507984659522,2.48561950228412,2.66218845953189,2.86348047456679,3.15988001208556,2.67896462020711
2026-05-11,"ILI only, seed 2",2026-04-13,4,2.28005802382927,2.48561950228412,2.66218845953189,2.834575649287,3.14400054774044,2.67896462020711
2026-05-11,"ILI only, seed 3",2026-04-13,4,2.278382524247,2.43829667786531,2.66218845953189,2.84588436993815,3.14400054774044,2.67896462020711
2026-05-11,"ILI + wastewater, 2-week delay (as published)",2026-04-13,4,2.36598848024483,2.52268945876883,2.65650857257952,2.834575649287,3.14400054774044,2.67896462020711
2026-05-11,"ILI + wastewater, no delay (hypothetical)",2026-04-13,4,2.1738571858906,2.4322795652566,2.71095506879484,2.93922228974642,3.32254331976324,2.67896462020711
