origin,target_date,h,model,q10,q25,q50,q75,q90,y_true
2023-10-02,2023-10-09,1,ARIMA + Fourier,2.95911351499471,3.20018587247737,3.4680347637543,3.73588365503123,3.97695601251389,3.65945064342312
2023-10-09,2023-10-16,1,ARIMA + Fourier,3.25611327286261,3.49701960377242,3.76468402747321,4.032348451174,4.27325478208381,3.82472067702535
2023-10-16,2023-10-23,1,ARIMA + Fourier,3.34883143294928,3.58952529188388,3.85695364379452,4.12438199570515,4.36507585463975,4.0926765051214
2023-10-23,2023-10-30,1,ARIMA + Fourier,3.62481434457675,3.86536971001526,4.13264418559695,4.39991866117864,4.64047402661714,3.82624722840674
2023-10-30,2023-11-06,1,ARIMA + Fourier,3.53908845819588,3.77955185294651,4.04672414241679,4.31389643188708,4.5543598266377,4.27402374212223
2023-11-06,2023-11-13,1,ARIMA + Fourier,3.73055211410473,3.97087196753081,4.23788477216828,4.50489757680575,4.74521743023183,4.29796544704745
2023-11-13,2023-11-20,1,ARIMA + Fourier,4.03897731307168,4.27908698391325,4.54586626043984,4.81264553696644,5.05275520780801,4.35606759550379
2023-11-20,2023-11-27,1,ARIMA + Fourier,3.965570998228,4.20551259924021,4.47210513798433,4.73869767672845,4.97863927774066,4.40354347813613
2023-11-27,2023-12-04,1,ARIMA + Fourier,4.0984240747025,4.33815644173326,4.60451650633336,4.87087657093347,5.11060893796422,4.34730578194549
2023-12-04,2023-12-11,1,ARIMA + Fourier,4.09719906240638,4.33680437161261,4.60302326574513,4.86924215987765,5.10884746908388,4.46083781509817
2023-12-11,2023-12-18,1,ARIMA + Fourier,4.12819380879408,4.36761139051819,4.63362170578886,4.89963202105953,5.13904960278364,4.59552380893629
2023-12-18,2023-12-25,1,ARIMA + Fourier,4.3419013275072,4.58110727909604,4.84688245792184,5.11265763674764,5.35186358833647,4.22009576752766
2023-12-25,2024-01-01,1,ARIMA + Fourier,4.0406275842081,4.28014613966872,4.54626864409145,4.81239114851418,5.0519097039748,4.28757858313017
2024-01-01,2024-01-08,1,ARIMA + Fourier,3.97099920399226,4.2103920013773,4.4763747794479,4.74235755751849,4.98175035490354,4.73400305783106
2024-01-08,2024-01-15,1,ARIMA + Fourier,4.3818359649539,4.62110870822089,4.88695809745027,5.15280748667964,5.39208022994663,4.86283109932786
2024-01-15,2024-01-22,1,ARIMA + Fourier,4.53563177277576,4.77469357707877,5.04030859780477,5.30592361853077,5.54498542283377,4.87489193306288
2024-01-22,2024-01-29,1,ARIMA + Fourier,4.47975290666037,4.71863870661178,4.98405817372505,5.24947764083831,5.48836344078972,4.97990113472639
2024-01-29,2024-02-05,1,ARIMA + Fourier,4.54034545989026,4.77902081643267,5.04420646564012,5.30939211484757,5.54806747138997,4.90215881776017
2024-02-05,2024-02-12,1,ARIMA + Fourier,4.45666503094857,4.6951563025155,4.96013741995043,5.22511853738536,5.46360980895229,4.54425177101868
2024-02-12,2024-02-19,1,ARIMA + Fourier,4.09952245902033,4.33803283752187,4.60303518414834,4.86803753077481,5.10654790927635,4.53399636653357
2024-02-19,2024-02-26,1,ARIMA + Fourier,3.94883401673529,4.18714114936114,4.45191767506383,4.71669420076653,4.95500133339237,4.29114413819671
2024-02-26,2024-03-04,1,ARIMA + Fourier,3.77169506228454,4.00982671258622,4.27440826468656,4.5389898167869,4.77712146708857,4.16945203470891
2024-03-04,2024-03-11,1,ARIMA + Fourier,3.51608195075346,3.75401938490599,4.01838514876432,4.28275091262265,4.52068834677518,3.98192213280781
2024-03-11,2024-03-18,1,ARIMA + Fourier,3.34425748215476,3.5819890188294,3.84612601564142,4.11026301245344,4.34799454912808,3.9471970804358
2024-03-18,2024-03-25,1,ARIMA + Fourier,3.21565011094558,3.45318910583318,3.71711217474105,3.98103524364892,4.21857423853652,3.73169945129686
2024-03-25,2024-04-01,1,ARIMA + Fourier,3.02090541755796,3.25823854421782,3.52193287857841,3.78562721293901,4.02296033959886,3.85608737309784
2024-04-01,2024-04-08,1,ARIMA + Fourier,3.01634497659529,3.25362363639107,3.51725745411131,3.78089127183156,4.01816993162734,3.40485734249364
2024-04-08,2024-04-15,1,ARIMA + Fourier,2.72552736804456,2.96261669244347,3.22604014479185,3.48946359714023,3.72655292153915,3.40684805317097
2024-04-15,2024-04-22,1,ARIMA + Fourier,2.53213390787986,2.76906316047814,3.03230876143464,3.29555436239113,3.53248361498942,3.36141651165031
2024-09-30,2024-10-07,1,ARIMA + Fourier,3.19343634700237,3.42830835565186,3.68926820922311,3.95022806279435,4.18510007144384,3.63942657039441
2024-10-07,2024-10-14,1,ARIMA + Fourier,3.26123756431531,3.49591773707305,3.75666444704107,4.01741115700909,4.25209132976682,3.63837532194017
2024-10-14,2024-10-21,1,ARIMA + Fourier,3.2071872281445,3.44169042080246,3.70224049303067,3.96279056525889,4.19729375791685,3.83341260484623
2024-10-21,2024-10-28,1,ARIMA + Fourier,3.42475732219924,3.65909026972593,3.91945118725333,4.17981210478073,4.41414505230743,3.76560898697261
2024-10-28,2024-11-04,1,ARIMA + Fourier,3.43553689213193,3.6697061298105,3.92988515381114,4.19006417781177,4.42423341549035,3.83384522436412
2024-11-04,2024-11-11,1,ARIMA + Fourier,3.46413722720858,3.69812488459751,3.95810215971342,4.21807943482934,4.45206709221827,4.04882404692029
2024-11-11,2024-11-18,1,ARIMA + Fourier,3.70019084168173,3.93399754784643,4.19377377301496,4.45354999818349,4.68735670434818,4.08378904828258
2024-11-18,2024-11-25,1,ARIMA + Fourier,3.79407762626643,4.02770735145448,4.28728693790895,4.54686652436342,4.78049624955148,3.89914037959713
2024-11-25,2024-12-02,1,ARIMA + Fourier,3.66426612255919,3.89789438063511,4.15747233702149,4.41705029340786,4.65067855148378,4.21049663895813
2024-12-02,2024-12-09,1,ARIMA + Fourier,3.86501114200962,4.09845241403425,4.35782261534225,4.61719281665025,4.85063408867488,4.29278550089594
2024-12-09,2024-12-16,1,ARIMA + Fourier,4.06897655129574,4.30223225817586,4.56139628313608,4.82056030809631,5.05381601497642,4.40133894570625
2024-12-16,2024-12-23,1,ARIMA + Fourier,4.1088056040935,4.34190291849026,4.60089095790201,4.85987899731376,5.09297631171052,4.03229183781909
2024-12-23,2024-12-30,1,ARIMA + Fourier,3.8928010145342,4.12611612442852,4.38534615045023,4.64457617647195,4.87789128636627,4.93425808249849
2024-12-30,2025-01-06,1,ARIMA + Fourier,4.40178594661081,4.63529675052404,4.89474420680837,5.1541916630927,5.38770246700593,5.19689353641007
2025-01-06,2025-01-13,1,ARIMA + Fourier,4.93389862389434,5.16733703595266,5.42670405963045,5.68607108330824,5.91950949536655,5.26289742131678
2025-01-13,2025-01-20,1,ARIMA + Fourier,4.8511464154978,5.08442882920891,5.34362252739731,5.6028162255857,5.83609863929681,5.47218663652701
2025-01-20,2025-01-27,1,ARIMA + Fourier,5.00466004087435,5.23777562630768,5.49678396616756,5.75579230602743,5.98890789146076,5.62419799531336
2025-01-27,2025-02-03,1,ARIMA + Fourier,5.17085751344041,5.40380648025425,5.66262969473118,5.9214529092081,6.15440187602194,5.72652196162569
2025-02-03,2025-02-10,1,ARIMA + Fourier,5.15291982036179,5.38568668812261,5.64430757733105,5.90292846653949,6.13569533430031,5.3963511068194
2025-02-10,2025-02-17,1,ARIMA + Fourier,4.94505308486435,5.17770825980065,5.43620505017202,5.69470184054339,5.92735701547969,5.29325457220558
2025-02-17,2025-02-24,1,ARIMA + Fourier,4.65474667770991,4.8872400176963,5.14555699768893,5.40387397768155,5.63636731766794,4.85981240436167
2025-02-24,2025-03-03,1,ARIMA + Fourier,4.35070307351539,4.58311090261747,4.84133287380945,5.09955484500143,5.33196267410351,4.78222791310695
2025-03-03,2025-03-10,1,ARIMA + Fourier,4.07888913688028,4.31111498257686,4.56913475699315,4.82715453140943,5.05938037710601,4.51426031062825
2025-03-10,2025-03-17,1,ARIMA + Fourier,3.88587834407718,4.11792195289369,4.37573924890561,4.63355654491753,4.86560015373404,4.17914516391457
2025-03-17,2025-03-24,1,ARIMA + Fourier,3.5056658518531,3.73757188767359,3.99523633009899,4.25290077252439,4.48480680834488,3.80332358850481
2025-03-24,2025-03-31,1,ARIMA + Fourier,3.11019267953449,3.34195930585263,3.59946885419965,3.85697840254666,4.0887450288648,3.81374843615981
2025-03-31,2025-04-07,1,ARIMA + Fourier,3.03640807054859,3.26804917667287,3.5254192629716,3.78278934927033,4.01443045539461,3.39819287264186
2025-04-07,2025-04-14,1,ARIMA + Fourier,2.72578736447372,2.95726422889753,3.2144518307429,3.47163943258827,3.70311629701207,3.37108175775753
2025-04-14,2025-04-21,1,ARIMA + Fourier,2.553870612976,2.7851952054513,3.04221362210678,3.29923203876226,3.53055663123756,3.2092294478164
2025-09-29,2025-10-06,1,ARIMA + Fourier,3.068729383202,3.29859155001042,3.55398510557631,3.8093786611422,4.03924082795062,3.30798499993998
2025-10-06,2025-10-13,1,ARIMA + Fourier,2.99085794318,3.22061712446422,3.47589625563586,3.73117538680751,3.96093456809173,3.54443154974806
2025-10-13,2025-10-20,1,ARIMA + Fourier,3.07805846977313,3.30764873567106,3.5627401895851,3.81783164349913,4.04742190939706,3.34286180464919
2025-10-20,2025-10-27,1,ARIMA + Fourier,3.08910309257193,3.31857584032532,3.57353672304882,3.82849760577233,4.05797035352572,3.58823004596401
2025-10-27,2025-11-03,1,ARIMA + Fourier,3.16118987397044,3.39048873792889,3.64525642313207,3.90002410833525,4.1293229722937,3.57878553131686
2025-11-03,2025-11-10,1,ARIMA + Fourier,3.31700244699516,3.54613274031171,3.80071313129331,4.05529352227492,4.28442381559146,4.0683427596831
2025-11-10,2025-11-17,1,ARIMA + Fourier,3.64145480275313,3.87049924110411,4.12498424098582,4.37946924086752,4.60851367921851,4.10082352831981
2025-11-17,2025-11-24,1,ARIMA + Fourier,3.84777151896014,4.07664366210932,4.33093722951301,4.58523079691671,4.81410294006589,4.09634256488477
2025-11-24,2025-12-01,1,ARIMA + Fourier,3.81546521438654,4.04422981227228,4.29840388908038,4.55257796588848,4.78134256377421,4.59895088617417
2025-12-01,2025-12-08,1,ARIMA + Fourier,4.19555219278926,4.4242545467079,4.67835946594957,4.93246438519124,5.16116673910987,5.11421422367165
2025-12-08,2025-12-15,1,ARIMA + Fourier,4.77618615314295,5.00494736325298,5.25911767599632,5.51328798873965,5.74204919884968,5.3018610801714
2025-12-15,2025-12-22,1,ARIMA + Fourier,4.94477988704783,5.17337098702104,5.42735229505218,5.68133360308332,5.90992470305653,4.49569008536927
2025-12-22,2025-12-29,1,ARIMA + Fourier,4.40772334406063,4.63717564041454,4.89211380014843,5.14705195988232,5.37650425623623,4.5921862584298
2025-12-29,2026-01-05,1,ARIMA + Fourier,4.19627616200181,4.42566153230514,4.68052533233793,4.93538913237073,5.16477450267406,5.3198831444626
2026-01-05,2026-01-12,1,ARIMA + Fourier,4.90870726014795,5.13840984642402,5.39362609643273,5.64884234644145,5.87854493271752,5.01708114157965
2026-01-12,2026-01-19,1,ARIMA + Fourier,4.79896673064761,5.0286638410605,5.28387400698769,5.53908417291487,5.76878128332776,5.13855932816283
2026-01-19,2026-01-26,1,ARIMA + Fourier,4.64202045318081,4.87157090169436,5.12661811560357,5.38166532951277,5.61121577802632,5.02847521222459
2026-01-26,2026-02-02,1,ARIMA + Fourier,4.71257847889641,4.9419688240949,5.1968381515974,5.4517074790999,5.68109782429839,4.88944646530504
2026-02-02,2026-02-09,1,ARIMA + Fourier,4.42828460160153,4.65761543952792,4.91241865013083,5.16722186073374,5.39655269866013,4.41920198827394
2026-02-09,2026-02-16,1,ARIMA + Fourier,4.05526106477954,4.28470614956216,4.53963629671677,4.79456644387139,5.024011528654,4.12033714249635
2026-02-16,2026-02-23,1,ARIMA + Fourier,3.65971775684756,3.8891985038678,4.14416827435753,4.39913804484726,4.6286187918675,3.96024157769862
2026-02-23,2026-03-02,1,ARIMA + Fourier,3.4471711570535,3.67652141603447,3.931346204839,4.18617099364353,4.4155212526245,3.83254680392635
2026-03-02,2026-03-09,1,ARIMA + Fourier,3.30502865516612,3.53422055109823,3.78886938705815,4.04351822301806,4.27271011895017,3.5004392163118
2026-03-09,2026-03-16,1,ARIMA + Fourier,2.94797170753944,3.17709178958588,3.43166083510506,3.68622988062424,3.91534996267068,3.23553626576131
2026-03-16,2026-03-23,1,ARIMA + Fourier,2.65238216075822,2.88137801643459,3.13580903743765,3.39024005844071,3.61923591411708,2.98921105656373
2026-03-23,2026-03-30,1,ARIMA + Fourier,2.3768224850601,2.60567485826346,2.85994645982202,3.11421806138058,3.34307043458394,2.95178038602481
2026-03-30,2026-04-06,1,ARIMA + Fourier,2.27636903957201,2.50506326132351,2.75915914513708,3.01325502895066,3.24194925070216,2.98618686071046
2026-04-06,2026-04-13,1,ARIMA + Fourier,2.2842430685329,2.51282987572999,2.7668064141752,3.02078295262041,3.2493697598175,2.99172425215645
2026-04-13,2026-04-20,1,ARIMA + Fourier,2.27534274383601,2.50382407934415,2.75768343108559,3.01154278282703,3.24002411833517,2.53131302260216
2023-10-02,2023-10-16,2,ARIMA + Fourier,3.00087604137185,3.29731687557087,3.62668416429092,3.95605145301098,4.25249228721,3.82472067702535
2023-10-09,2023-10-23,2,ARIMA + Fourier,3.18818803583835,3.48444387547503,3.81360562180552,4.14276736813601,4.43902320777269,4.0926765051214
2023-10-16,2023-10-30,2,ARIMA + Fourier,3.33699811120047,3.63302960601335,3.96194208895692,4.29085457190048,4.58688606671336,3.82624722840674
2023-10-23,2023-11-06,2,ARIMA + Fourier,3.6438464450692,3.93964643333579,4.26830169569881,4.59695695806182,4.89275694632842,4.27402374212223
2023-10-30,2023-11-13,2,ARIMA + Fourier,3.45007942565419,3.74559632407138,4.07393705305908,4.40227778204678,4.69779468046397,4.29796544704745
2023-11-06,2023-11-20,2,ARIMA + Fourier,3.87936078721649,4.17458902802033,4.50260903744276,4.83062904686518,5.12585728766902,4.35606759550379
2023-11-13,2023-11-27,2,ARIMA + Fourier,3.98601540718772,4.28100721448735,4.60876452912127,4.93652184375519,5.23151365105483,4.40354347813613
2023-11-20,2023-12-04,2,ARIMA + Fourier,4.0317467500633,4.32648509166775,4.65396078751243,4.98143648335712,5.27617482496157,4.34730578194549
2023-11-27,2023-12-11,2,ARIMA + Fourier,4.16666382722336,4.46117608845204,4.78840059258556,5.11562509671908,5.41013735794775,4.46083781509817
2023-12-04,2023-12-18,2,ARIMA + Fourier,4.11475868366104,4.40909570059032,4.73612549558428,5.06315529057824,5.35749230750752,4.59552380893629
2023-12-11,2023-12-25,2,ARIMA + Fourier,4.25338438894505,4.54753049954472,4.87434818374648,5.20116586794825,5.49531197854792,4.22009576752766
2023-12-18,2024-01-01,2,ARIMA + Fourier,4.37798664574752,4.67188438875419,4.99842611852838,5.32496784830257,5.61886559130924,4.28757858313017
2023-12-25,2024-01-08,2,ARIMA + Fourier,4.04259465331903,4.33677946609788,4.66364015123053,4.99050083636318,5.28468564914203,4.73400305783106
2024-01-01,2024-01-15,2,ARIMA + Fourier,4.07894745183264,4.37325162862465,4.70024493584187,5.0272382430591,5.32154241985111,4.86283109932786
2024-01-08,2024-01-22,2,ARIMA + Fourier,4.43692474264747,4.73101746741092,5.05777583607277,5.38453420473462,5.67862692949807,4.87489193306288
2024-01-15,2024-01-29,2,ARIMA + Fourier,4.4837267931237,4.77754661303521,5.10400176459337,5.43045691615153,5.72427673606304,4.97990113472639
2024-01-22,2024-02-05,2,ARIMA + Fourier,4.42727247902269,4.7209416772991,5.04722947728535,5.37351727727161,5.66718647554801,4.90215881776017
2024-01-29,2024-02-12,2,ARIMA + Fourier,4.44380433537673,4.73721546256019,5.06321652682595,5.38921759109171,5.68262871827516,4.54425177101868
2024-02-05,2024-02-19,2,ARIMA + Fourier,4.28592150174875,4.57910601238889,4.90485528922241,5.23060456605593,5.52378907669607,4.53399636653357
2024-02-12,2024-02-26,2,ARIMA + Fourier,3.8828438243524,4.17617429596598,4.50208574603793,4.82799719610988,5.12132766772347,4.29114413819671
2024-02-19,2024-03-04,2,ARIMA + Fourier,3.77262541770266,4.06575408760471,4.39144132132411,4.71712855504352,5.01025722494556,4.16945203470891
2024-02-26,2024-03-11,2,ARIMA + Fourier,3.4763997950556,3.76931613494923,4.09476745461391,4.42021877427859,4.71313511417222,3.98192213280781
2024-03-04,2024-03-18,2,ARIMA + Fourier,3.25475703661555,3.54746358278526,3.8726818063914,4.19790002999755,4.49060657616726,3.9471970804358
2024-03-11,2024-03-25,2,ARIMA + Fourier,3.02617897773837,3.31863757493564,3.64358030923204,3.96852304352843,4.2609816407257,3.73169945129686
2024-03-18,2024-04-01,2,ARIMA + Fourier,2.89448689418053,3.1867098895,3.51139085300522,3.83607181651043,4.12829481182991,3.85608737309784
2024-03-25,2024-04-08,2,ARIMA + Fourier,2.65842643439003,2.95039379264011,3.27479072480171,3.59918765696331,3.8911550152134,3.40485734249364
2024-04-01,2024-04-15,2,ARIMA + Fourier,2.69122121651462,2.98308954833738,3.3073764549488,3.63166336156022,3.92353169338299,3.40684805317097
2024-04-08,2024-04-22,2,ARIMA + Fourier,2.28607044029263,2.57765116054173,2.90161850981389,3.22558585908606,3.51716657933516,3.36141651165031
2024-04-15,2024-04-29,2,ARIMA + Fourier,2.23173063828878,2.52305713547493,2.8467420244673,3.17042691345966,3.46175341064581,2.95021175825218
2024-09-30,2024-10-14,2,ARIMA + Fourier,3.18381858128845,3.47214996007329,3.79250705507295,4.11286415007261,4.40119552885745,3.63837532194017
2024-10-07,2024-10-21,2,ARIMA + Fourier,3.17903628130028,3.46710794087919,3.78717646898518,4.10724499709117,4.39531665667009,3.83341260484623
2024-10-14,2024-10-28,2,ARIMA + Fourier,3.21758608873411,3.50543461956267,3.82525523542763,4.14507585129259,4.43292438212115,3.76560898697261
2024-10-21,2024-11-04,2,ARIMA + Fourier,3.43320609415811,3.72082236629728,4.04038492589609,4.3599474854949,4.64756375763406,3.83384522436412
2024-10-28,2024-11-11,2,ARIMA + Fourier,3.42043315220876,3.70779136814806,4.02706720857365,4.34634304899924,4.63370126493854,4.04882404692029
2024-11-04,2024-11-18,2,ARIMA + Fourier,3.52246936541969,3.80962308830596,4.12867172210324,4.44772035590052,4.7348740787868,4.08378904828258
2024-11-11,2024-11-25,2,ARIMA + Fourier,3.76050777742012,4.0474337290573,4.36622929246039,4.68502485586349,4.97195080750067,3.89914037959713
2024-11-18,2024-12-02,2,ARIMA + Fourier,3.83157190002334,4.11824301004616,4.43675542591392,4.75526784178168,5.0419389518045,4.21049663895813
2024-11-25,2024-12-09,2,ARIMA + Fourier,3.71426060976295,4.001047206182,4.31968793582042,4.63832866545883,4.92511526187788,4.29278550089594
2024-12-02,2024-12-16,2,ARIMA + Fourier,4.00331822406581,4.2898483811723,4.60820418811668,4.92655999506106,5.21309015216755,4.40133894570625
2024-12-09,2024-12-23,2,ARIMA + Fourier,4.11164716276993,4.39793624846049,4.71602420755973,5.03411216665897,5.32040125234953,4.03229183781909
2024-12-16,2024-12-30,2,ARIMA + Fourier,4.1913056816946,4.47741469785523,4.79530258663348,5.11319047541172,5.39929949157235,4.93425808249849
2024-12-23,2025-01-06,2,ARIMA + Fourier,3.89545583586678,4.18201476615211,4.50040254218715,4.81879031822219,5.10534924850752,5.19689353641007
2024-12-30,2025-01-13,2,ARIMA + Fourier,4.60510764742431,4.89148396046782,5.20966883548898,5.52785371051014,5.81423002355365,5.26289742131678
2025-01-06,2025-01-20,2,ARIMA + Fourier,4.85588221848165,5.14245003703228,5.46084768857536,5.77924534011844,6.06581315866907,5.47218663652701
2025-01-13,2025-01-27,2,ARIMA + Fourier,4.8002253810831,5.08655109798285,5.40467975701496,5.72280841604708,6.00913413294683,5.62419799531336
2025-01-20,2025-02-03,2,ARIMA + Fourier,4.96732830926138,5.25339135015991,5.5712281570841,5.8890649640083,6.17512800490682,5.72652196162569
2025-01-27,2025-02-10,2,ARIMA + Fourier,4.99502141396014,5.28091698632201,5.59856772354357,5.91621846076514,6.202114033127,5.3963511068194
2025-02-03,2025-02-17,2,ARIMA + Fourier,5.01093539049169,5.29662408804652,5.61404497233813,5.93146585662975,6.21715455418458,5.29325457220558
2025-02-10,2025-02-24,2,ARIMA + Fourier,4.64527477291093,4.93084580075823,5.24813594546183,5.56542609016544,5.85099711801274,4.85981240436167
2025-02-17,2025-03-03,2,ARIMA + Fourier,4.44411241201189,4.72951873066675,5.0466258714995,5.36373301233224,5.6491393309871,4.78222791310695
2025-02-24,2025-03-10,2,ARIMA + Fourier,4.00919116160401,4.29454622377015,4.61159641492265,4.92864660607514,5.21400166824128,4.51426031062825
2025-03-03,2025-03-17,2,ARIMA + Fourier,3.81316143160199,4.09830790898118,4.4151263472919,4.73194478560262,5.01709126298182,4.17914516391457
2025-03-10,2025-03-24,2,ARIMA + Fourier,3.53518336033731,3.82009054043843,4.13664310209997,4.45319566376151,4.73810284386263,3.80332358850481
2025-03-17,2025-03-31,2,ARIMA + Fourier,3.13643529772939,3.4212141875483,3.73762420939229,4.05403423123627,4.33881312105518,3.81374843615981
2025-03-24,2025-04-07,2,ARIMA + Fourier,2.77030051920077,3.05494913702861,3.37121441723264,3.68747969743666,3.9721283152645,3.39819287264186
2025-03-31,2025-04-14,2,ARIMA + Fourier,2.70557141618884,2.98996847764282,3.30595426045222,3.62194004326161,3.90633710471559,3.37108175775753
2025-04-07,2025-04-21,2,ARIMA + Fourier,2.33006816994887,2.61420486389282,2.92990135949562,3.24559785509841,3.52973454904236,3.2092294478164
2025-04-14,2025-04-28,2,ARIMA + Fourier,2.25498609959817,2.53890142031262,2.8543519541855,3.16980248805838,3.45371780877283,3.24649099190117
2025-09-29,2025-10-13,2,ARIMA + Fourier,3.05664508628715,3.33933965878583,3.65343385276335,3.96752804674086,4.25022261923954,3.54443154974806
2025-10-06,2025-10-20,2,ARIMA + Fourier,2.91684293810847,3.1993117572473,3.5131551228521,3.82699848845689,4.10946730759573,3.34286180464919
2025-10-13,2025-10-27,2,ARIMA + Fourier,3.13633129682756,3.41855604863788,3.73212823772115,4.04570042680441,4.32792517861473,3.58823004596401
2025-10-20,2025-11-03,2,ARIMA + Fourier,3.03923671480338,3.32129130252694,3.63467442695572,3.9480575513845,4.23011213910806,3.57878553131686
2025-10-27,2025-11-10,2,ARIMA + Fourier,3.25352579089231,3.53536272482206,3.84850402008401,4.16164531534596,4.44348224927571,4.0683427596831
2025-11-03,2025-11-17,2,ARIMA + Fourier,3.33764432375093,3.61927709355929,3.93219154765985,4.2451060017604,4.52673877156877,4.10082352831981
2025-11-10,2025-11-24,2,ARIMA + Fourier,3.75399287836099,4.03551920338593,4.34831538960409,4.66111157582225,4.94263790084719,4.09634256488477
2025-11-17,2025-12-01,2,ARIMA + Fourier,3.87348791552665,4.15479581836308,4.46734932167212,4.77990282498117,5.0612107278176,4.59895088617417
2025-11-24,2025-12-08,2,ARIMA + Fourier,3.86855874175945,4.14975570339406,4.46218594297344,4.77461618255281,5.05581314418743,5.11421422367165
2025-12-01,2025-12-15,2,ARIMA + Fourier,4.35159300982016,4.63261498671161,4.94485080553724,5.25708662436287,5.53810860125432,5.3018610801714
2025-12-08,2025-12-22,2,ARIMA + Fourier,4.80284078097638,5.08415178178663,5.3967087271695,5.70926567255237,5.99057667336263,4.49569008536927
2025-12-15,2025-12-29,2,ARIMA + Fourier,4.97188727750624,5.25301081130945,5.56535946723719,5.87770812316493,6.15883165696814,4.5921862584298
2025-12-22,2026-01-05,2,ARIMA + Fourier,4.30126574171469,4.58352252176305,4.89713029654406,5.21073807132507,5.49299485137343,5.3198831444626
2025-12-29,2026-01-12,2,ARIMA + Fourier,4.33326703870464,4.61583995908921,4.92979898873587,5.24375801838254,5.52633093876711,5.01708114157965
2026-01-05,2026-01-19,2,ARIMA + Fourier,4.95865648485737,5.24159168367177,5.55595323095578,5.8703147782398,6.15324997705419,5.13855932816283
2026-01-12,2026-01-26,2,ARIMA + Fourier,4.63464266354816,4.91720964843257,5.23116208330765,5.54511451818272,5.82768150306713,5.02847521222459
2026-01-19,2026-02-02,2,ARIMA + Fourier,4.67089065221382,4.95338193952591,5.26725026890242,5.58111859827892,5.86360988559102,4.88944646530504
2026-01-26,2026-02-09,2,ARIMA + Fourier,4.5379548548451,4.82029719866597,5.13400004101026,5.44770288335455,5.73004522717542,4.41920198827394
2026-02-02,2026-02-16,2,ARIMA + Fourier,4.30170763063494,4.58386645276391,4.89736538918462,5.21086432560534,5.4930231477343,4.12033714249635
2026-02-09,2026-02-23,2,ARIMA + Fourier,3.85273402695057,4.13540538734873,4.44947379099734,4.76354219464595,5.04621355504411,3.96024157769862
2026-02-16,2026-03-02,2,ARIMA + Fourier,3.46830734048144,3.75126814708342,4.06565814647859,4.38004814587377,4.66300895247575,3.83254680392635
2026-02-23,2026-03-09,2,ARIMA + Fourier,3.26400737947068,3.54685356446307,3.86111621092832,4.17537885739358,4.45822504238597,3.5004392163118
2026-03-02,2026-03-16,2,ARIMA + Fourier,3.04593849095828,3.32863685823362,3.64273526848351,3.95683367873341,4.23953204600875,3.23553626576131
2026-03-09,2026-03-23,2,ARIMA + Fourier,2.6830434286962,2.96563295450177,3.27961043397673,3.5935879134517,3.87617743925726,2.98921105656373
2026-03-16,2026-03-30,2,ARIMA + Fourier,2.37090213969748,2.65347029791737,2.96742403645334,3.28137777498931,3.5639459332092,2.95178038602481
2026-03-23,2026-04-06,2,ARIMA + Fourier,2.09570850521066,2.37814708977374,2.69195686256981,3.00576663536588,3.28820521992896,2.98618686071046
2026-03-30,2026-04-13,2,ARIMA + Fourier,2.00464950672087,2.28686190803943,2.60042037482967,2.91397884161992,3.19619124293848,2.99172425215645
2026-04-06,2026-04-20,2,ARIMA + Fourier,1.99718861526057,2.27926321660871,2.5926685776274,2.90607393864609,3.18814853999423,2.53131302260216
2026-04-13,2026-04-27,2,ARIMA + Fourier,1.97264802624298,2.25450346091544,2.5676653118457,2.88082716277597,3.16268259744843,2.64546532591059
2023-10-02,2023-10-23,3,ARIMA + Fourier,2.89441059742541,3.25279677869905,3.65098984531815,4.04918291193726,4.4075690932109,4.0926765051214
2023-10-09,2023-10-30,3,ARIMA + Fourier,3.15501657319582,3.51311881770488,3.91099640996441,4.30887400222394,4.66697624673299,3.82624722840674
2023-10-16,2023-11-06,3,ARIMA + Fourier,3.31240428582366,3.67026876403382,4.06788218067319,4.46549559731256,4.82336007552272,4.27402374212223
2023-10-23,2023-11-13,3,ARIMA + Fourier,3.57927198539696,3.93685642067448,4.33415868928427,4.73146095789405,5.08904539317157,4.29796544704745
2023-10-30,2023-11-20,3,ARIMA + Fourier,3.55568211248741,3.91285504750755,4.30970010945602,4.7065451714045,5.06371810642464,4.35606759550379
2023-11-06,2023-11-27,3,ARIMA + Fourier,3.80432650163345,4.16122514837052,4.55776545612287,4.95430576387522,5.31120441061229,4.40354347813613
2023-11-13,2023-12-04,3,ARIMA + Fourier,4.06203645093497,4.41863466490715,4.81484117004597,5.21104767518479,5.56764588915696,4.34730578194549
2023-11-20,2023-12-11,3,ARIMA + Fourier,4.09457344606266,4.45075892527438,4.84650685212933,5.24225477898429,5.598440258196,4.46083781509817
2023-11-27,2023-12-18,3,ARIMA + Fourier,4.20298230538852,4.55890254148167,4.95435576397495,5.34980898646823,5.70572922256137,4.59552380893629
2023-12-04,2023-12-25,3,ARIMA + Fourier,4.24401024582494,4.59972650932017,4.99495310344854,5.39017969757691,5.74589596107214,4.22009576752766
2023-12-11,2024-01-01,3,ARIMA + Fourier,4.2803358474369,4.63580331590729,5.03075348070027,5.42570364549325,5.78117111396363,4.28757858313017
2023-12-18,2024-01-08,3,ARIMA + Fourier,4.4459337604883,4.80111553466035,5.19574827234616,5.59038101003197,5.94556278420402,4.73400305783106
2023-12-25,2024-01-15,3,ARIMA + Fourier,4.16969303238188,4.52520178079813,4.92019781060794,5.31519384041775,5.67070258883401,4.86283109932786
2024-01-01,2024-01-22,3,ARIMA + Fourier,4.08720638465331,4.44293970796824,4.83818525679485,5.23343080562147,5.58916412893639,4.87489193306288
2024-01-08,2024-01-29,3,ARIMA + Fourier,4.37448433020185,4.72977587713093,5.12453058031943,5.51928528350793,5.87457683043701,4.97990113472639
2024-01-15,2024-02-05,3,ARIMA + Fourier,4.43855916446898,4.79352241983682,5.18791236726647,5.58230231469611,5.93726557006396,4.90215881776017
2024-01-22,2024-02-12,3,ARIMA + Fourier,4.31769704404646,4.67252563541923,5.0667659613736,5.46100628732796,5.81583487870073,4.54425177101868
2024-01-29,2024-02-19,3,ARIMA + Fourier,4.27740941632874,4.63192764075402,5.02582312649675,5.41971861223948,5.77423683666477,4.53399636653357
2024-02-05,2024-02-26,3,ARIMA + Fourier,4.10835205995607,4.46263920285092,4.85627794023656,5.24991667762221,5.60420382051706,4.29114413819671
2024-02-12,2024-03-04,3,ARIMA + Fourier,3.70179561544991,4.05636143886151,4.45030981053379,4.84425818220606,5.19882400561767,4.16945203470891
2024-02-19,2024-03-11,3,ARIMA + Fourier,3.48423595999612,3.83858907570907,4.23230111368533,4.62601315166158,4.98036626737454,3.98192213280781
2024-02-26,2024-03-18,3,ARIMA + Fourier,3.21481391057899,3.56899258971007,3.9625108159796,4.35602904224912,4.7102077213802,3.9471970804358
2024-03-04,2024-03-25,3,ARIMA + Fourier,2.92758378165346,3.28153967033809,3.67481036024677,4.06808105015544,4.42203693884007,3.73169945129686
2024-03-11,2024-04-01,3,ARIMA + Fourier,2.67838111668117,3.03205569858052,3.42501383622758,3.81797197387465,4.171646555774,3.85608737309784
2024-03-18,2024-04-08,3,ARIMA + Fourier,2.51647024018944,2.86983020941591,3.26243878954219,3.65504736966846,4.00840733889494,3.40485734249364
2024-03-25,2024-04-15,3,ARIMA + Fourier,2.27759859119496,2.63064143099224,3.02289765729874,3.41515388360523,3.76819672340251,3.40684805317097
2024-04-01,2024-04-22,3,ARIMA + Fourier,2.25220168569981,2.60503493215418,2.99705828504001,3.38908163792584,3.74191488438021,3.36141651165031
2024-04-08,2024-04-29,3,ARIMA + Fourier,1.94906272178297,2.30157146033385,2.69323426137927,3.0848970624247,3.43740580097558,2.95021175825218
2024-04-15,2024-05-06,3,ARIMA + Fourier,1.81464017042612,2.16684351396655,2.55816699898335,2.94949048400015,3.30169382754058,3.54008938052877
2024-09-30,2024-10-21,3,ARIMA + Fourier,3.09466798477373,3.4425582760134,3.8290896467918,4.2156210175702,4.56351130880987,3.83341260484623
2024-10-07,2024-10-28,3,ARIMA + Fourier,3.19091785456646,3.53848621752724,3.92465990261544,4.31083358770365,4.65840195066443,3.76560898697261
2024-10-14,2024-11-04,3,ARIMA + Fourier,3.19711282952466,3.54435652096355,3.93016947241945,4.31598242387535,4.66322611531424,3.83384522436412
2024-10-21,2024-11-11,3,ARIMA + Fourier,3.42387914299789,3.77082874195896,4.15631493532056,4.54180112868217,4.88875072764324,4.04882404692029
2024-10-28,2024-11-18,3,ARIMA + Fourier,3.47753689064187,3.82415722171656,4.2092775745512,4.59439792738583,4.94101825846053,4.08378904828258
2024-11-04,2024-11-25,3,ARIMA + Fourier,3.55893234005097,3.90528909991673,4.29011660600267,4.67494411208862,5.02130087195437,3.89914037959713
2024-11-11,2024-12-02,3,ARIMA + Fourier,3.79843164758141,4.14450389306139,4.52901528300869,4.91352667295598,5.25959891843596,4.21049663895813
2024-11-18,2024-12-09,3,ARIMA + Fourier,3.91601819741193,4.26175742145251,4.64589880040291,5.03004017935331,5.37577940339389,4.29278550089594
2024-11-25,2024-12-16,3,ARIMA + Fourier,3.83343692026844,4.17933722717223,4.56365758087845,4.94797793458467,5.29387824148845,4.40133894570625
2024-12-02,2024-12-23,3,ARIMA + Fourier,4.0411896324709,4.38677097416558,4.77073693436726,5.15470289456894,5.50028423626362,4.03229183781909
2024-12-09,2024-12-30,3,ARIMA + Fourier,4.20092460586534,4.54622994640246,4.9298892492801,5.31354855215775,5.65885389269487,4.93425808249849
2024-12-16,2025-01-06,3,ARIMA + Fourier,4.25116220286781,4.59623937284434,4.97964516166376,5.36305095048317,5.70812812045971,5.19689353641007
2024-12-23,2025-01-13,3,ARIMA + Fourier,4.01746374747236,4.36325677732634,4.74745793844179,5.13165909955724,5.47745212941122,5.26289742131678
2024-12-30,2025-01-20,3,ARIMA + Fourier,4.47789108232101,4.82330940818082,5.20709424595484,5.59087908372885,5.93629740958866,5.47218663652701
2025-01-06,2025-01-27,3,ARIMA + Fourier,4.81242902596426,5.1579586119682,5.54186706783995,5.9257755237117,6.27130510971563,5.62419799531336
2025-01-13,2025-02-03,3,ARIMA + Fourier,4.73498881461555,5.08016274664371,5.4636760451275,5.84718934361129,6.19236327563944,5.72652196162569
2025-01-20,2025-02-10,3,ARIMA + Fourier,4.76384084388611,5.10865690167788,5.491772575903,5.87488825012811,6.21970430791988,5.3963511068194
2025-01-27,2025-02-17,3,ARIMA + Fourier,4.83307192448828,5.17767319927055,5.56055023397863,5.94342726868671,6.28802854346898,5.29325457220558
2025-02-03,2025-02-24,3,ARIMA + Fourier,4.72891804901802,5.07328573144413,5.45590322808546,5.83852072472679,6.1828884071529,4.85981240436167
2025-02-10,2025-03-03,3,ARIMA + Fourier,4.43969834462718,4.78396297566415,5.16646597473051,5.54896897379686,5.89323360483383,4.78222791310695
2025-02-17,2025-03-10,3,ARIMA + Fourier,4.1249990510371,4.46906487448458,4.85134698388537,5.23362909328615,5.57769491673363,4.51426031062825
2025-02-24,2025-03-17,3,ARIMA + Fourier,3.73835725634855,4.08240795847911,4.46467326699897,4.84693857551883,5.19098927764938,4.17914516391457
2025-03-03,2025-03-24,3,ARIMA + Fourier,3.45696421073943,3.80077389901893,4.1827714236524,4.56476894828587,4.90857863656538,3.80332358850481
2025-03-10,2025-03-31,3,ARIMA + Fourier,3.17763604686618,3.52115634292664,3.90283233179457,4.28450832066249,4.62802861672295,3.81374843615981
2025-03-17,2025-04-07,3,ARIMA + Fourier,2.80775417691444,3.15115636010318,3.53270111699549,3.91424587388781,4.25764805707655,3.39819287264186
2025-03-24,2025-04-14,3,ARIMA + Fourier,2.40128101505889,2.74456812717668,3.1259850317549,3.50740193633311,3.85068904845091,3.37108175775753
2025-03-31,2025-04-21,3,ARIMA + Fourier,2.31285470328406,2.65572969199717,3.03668869755217,3.41764770310718,3.76052269182028,3.2092294478164
2025-04-07,2025-04-28,3,ARIMA + Fourier,1.99969309990993,2.34226379080882,2.72288469939988,3.10350560799094,3.44607629888983,3.24649099190117
2025-04-14,2025-05-05,3,ARIMA + Fourier,1.87201175420433,2.21431768646826,2.59464442899412,2.97497117151998,3.31727710378391,3.2699490950522
2025-09-29,2025-10-20,3,ARIMA + Fourier,3.00011135248172,3.34027855428674,3.71822901199862,4.09617946971049,4.43634667151552,3.34286180464919
2025-10-06,2025-10-27,3,ARIMA + Fourier,2.95732909805696,3.29718943431817,3.67479894213208,4.052408449946,4.39226878620721,3.58823004596401
2025-10-13,2025-11-03,3,ARIMA + Fourier,3.1014061126203,3.44096625738113,3.8182422306439,4.19551820390667,4.5350783486675,3.57878553131686
2025-10-20,2025-11-10,3,ARIMA + Fourier,3.11975386988335,3.45915464834244,3.83625355407382,4.2133524598052,4.55275323826429,4.0683427596831
2025-10-27,2025-11-17,3,ARIMA + Fourier,3.27154003025966,3.61068095245703,3.98749113901579,4.36430132557455,4.70344224777192,4.10082352831981
2025-11-03,2025-11-24,3,ARIMA + Fourier,3.40960512499065,3.74851989707205,4.12507881443321,4.50163773179438,4.84055250387578,4.09634256488477
2025-11-10,2025-12-01,3,ARIMA + Fourier,3.77219165579527,4.1110068039603,4.48745503191759,4.86390325987487,5.2027184080399,4.59895088617417
2025-11-17,2025-12-08,3,ARIMA + Fourier,3.94312557335629,4.28167787747693,4.65783406661814,5.03399025575935,5.37254255987999,5.11421422367165
2025-11-24,2025-12-15,3,ARIMA + Fourier,3.98024407559947,4.31863141869423,4.69460432415933,5.07057722962442,5.40896457271918,5.3018610801714
2025-12-01,2025-12-22,3,ARIMA + Fourier,4.31950037939838,4.65763301156562,5.03332291469797,5.40901281783031,5.74714544999755,4.49569008536927
2025-12-08,2025-12-29,3,ARIMA + Fourier,4.81552755975232,5.15399413885217,5.53005508127153,5.9061160236909,6.24458260279075,4.5921862584298
2025-12-15,2026-01-05,3,ARIMA + Fourier,4.95980590539809,5.29804862008866,5.67386083289653,6.0496730457044,6.38791576039498,5.3198831444626
2025-12-22,2026-01-12,3,ARIMA + Fourier,4.46256574735338,4.80204078921778,5.17922220698406,5.55640362475033,5.89587866661473,5.01708114157965
2025-12-29,2026-01-19,3,ARIMA + Fourier,4.3050557083931,4.64496644498608,5.02263195122772,5.40029745746936,5.74020819406235,5.13855932816283
2026-01-05,2026-01-26,3,ARIMA + Fourier,4.82528971159254,5.16532758362669,5.54313434657365,5.9209411095206,6.26097898155476,5.02847521222459
2026-01-12,2026-02-02,3,ARIMA + Fourier,4.67080050464503,5.01034182107337,5.38759687469179,5.76485192831021,6.10439324473855,4.88944646530504
2026-01-19,2026-02-09,3,ARIMA + Fourier,4.49882832531906,4.83825275200752,5.21537793263862,5.59250311326971,5.93192753995817,4.41920198827394
2026-01-26,2026-02-16,3,ARIMA + Fourier,4.43608031029915,4.77540510898948,5.15241959568155,5.52943408237361,5.86875888106394,4.12033714249635
2026-02-02,2026-02-23,3,ARIMA + Fourier,4.14397099153602,4.48296521784502,4.85961241462152,5.23625961139802,5.57525383770702,3.96024157769862
2026-02-09,2026-03-02,3,ARIMA + Fourier,3.70012017913304,4.03999292650435,4.41761622396266,4.79523952142097,5.13511226879228,3.83254680392635
2026-02-16,2026-03-09,3,ARIMA + Fourier,3.29766013283444,3.6380798206347,4.01631080861804,4.39454179660137,4.73496148440163,3.5004392163118
2026-02-23,2026-03-16,3,ARIMA + Fourier,3.00758308100143,3.34791478226534,3.72604801081888,4.10418123937241,4.44451294063633,3.23553626576131
2026-03-02,2026-03-23,3,ARIMA + Fourier,2.80517121144541,3.14540143324672,3.52342191074978,3.90144238825284,4.24167261005415,2.98921105656373
2026-03-09,2026-03-30,3,ARIMA + Fourier,2.41507851145939,2.75524817474448,3.13320136733941,3.51115455993434,3.85132422321944,2.95178038602481
2026-03-16,2026-04-06,3,ARIMA + Fourier,2.09754781763303,2.43782280975873,2.81589303034257,3.19396325092642,3.53423824305212,2.98618686071046
2026-03-23,2026-04-13,3,ARIMA + Fourier,1.80468642215282,2.14488275565294,2.52286558079306,2.90084840593317,3.24104473943329,2.99172425215645
2026-03-30,2026-04-20,3,ARIMA + Fourier,1.68359142256772,2.02347874898123,2.40111824481386,2.7787577406465,3.11864506706001,2.53131302260216
2026-04-06,2026-04-27,3,ARIMA + Fourier,1.66123908614287,2.00084009352412,2.37816146812484,2.75548284272557,3.09508385010681,2.64546532591059
2026-04-13,2026-05-04,3,ARIMA + Fourier,1.64412236037442,1.98322450424167,2.35999160526032,2.73675870627897,3.07586085014622,2.6159349121944
2023-10-02,2023-10-30,4,ARIMA + Fourier,2.97088439552901,3.35864899995812,3.78948362760821,4.22031825525831,4.60808285968742,3.82624722840674
2023-10-09,2023-11-06,4,ARIMA + Fourier,3.2116767004581,3.59919434976518,4.02975459234549,4.46031483492579,4.84783248423287,4.27402374212223
2023-10-16,2023-11-13,4,ARIMA + Fourier,3.36625643038527,3.75351367300933,4.183784584859,4.61405549670867,5.00131273933273,4.29796544704745
2023-10-23,2023-11-20,4,ARIMA + Fourier,3.68779607747226,4.07482649662603,4.50484539113259,4.93486428563914,5.32189470479291,4.35606759550379
2023-10-30,2023-11-27,4,ARIMA + Fourier,3.59726771192806,3.98379648760542,4.41325801978983,4.84271955197424,5.2292483276516,4.40354347813613
2023-11-06,2023-12-04,4,ARIMA + Fourier,3.961287836785,4.34753204912761,4.77667741078749,5.20582277244737,5.59206698478998,4.34730578194549
2023-11-13,2023-12-11,4,ARIMA + Fourier,4.15239276026358,4.53833232621537,4.96713920361739,5.39594608101942,5.7818856469712,4.46083781509817
2023-11-20,2023-12-18,4,ARIMA + Fourier,4.18414213213731,4.5696485060914,4.99797407573378,5.42629964537617,5.81180601933026,4.59552380893629
2023-11-27,2023-12-25,4,ARIMA + Fourier,4.34517936530775,4.73037981704857,5.15836548490173,5.58635115275488,5.9715516044957,4.22009576752766
2023-12-04,2024-01-01,4,ARIMA + Fourier,4.30845817161639,4.693442354034,5.12118773096769,5.54893310790137,5.93391729031898,4.28757858313017
2023-12-11,2024-01-08,4,ARIMA + Fourier,4.40780129231656,4.79252625556823,5.21998362118895,5.64744098680967,6.03216595006134,4.73400305783106
2023-12-18,2024-01-15,4,ARIMA + Fourier,4.50904069635658,4.89345573503479,5.32056875195355,5.74768176887231,6.13209680755052,4.86283109932786
2023-12-25,2024-01-22,4,ARIMA + Fourier,4.19175622910218,4.57667303116736,5.0043435436376,5.43201405610784,5.81693085817302,4.87489193306288
2024-01-01,2024-01-29,4,ARIMA + Fourier,4.14546374023814,4.53069536660666,4.95871567173451,5.38673597686235,5.77196760323088,4.97990113472639
2024-01-08,2024-02-05,4,ARIMA + Fourier,4.39133800689921,4.77601449344687,5.20341799793,5.63082150241312,6.01549798896079,4.90215881776017
2024-01-15,2024-02-12,4,ARIMA + Fourier,4.36149526777822,4.74582658395499,5.17284657909631,5.59986657423762,5.98419789041439,4.54425177101868
2024-01-22,2024-02-19,4,ARIMA + Fourier,4.21737797541691,4.60160464348007,5.02850836696959,5.45541209045911,5.83963875852227,4.53399636653357
2024-01-29,2024-02-26,4,ARIMA + Fourier,4.13716599233416,4.52105746140871,4.94758875448608,5.37412004756346,5.75801151663801,4.29114413819671
2024-02-05,2024-03-04,4,ARIMA + Fourier,3.90782259269721,4.29151344168226,4.71782183127495,5.14413022086765,5.52782106985269,4.16945203470891
2024-02-12,2024-03-11,4,ARIMA + Fourier,3.46593652806657,3.85004904860411,4.27682594590544,4.70360284320677,5.08771536374432,3.98192213280781
2024-02-19,2024-03-18,4,ARIMA + Fourier,3.25631697596129,3.64022379184194,4.06677213633508,4.49332048082821,4.87722729670886,3.9471970804358
2024-02-26,2024-03-25,4,ARIMA + Fourier,2.93272929678341,3.31650624715845,3.74291030164649,4.16931435613452,4.55309130650956,3.73169945129686
2024-03-04,2024-04-01,4,ARIMA + Fourier,2.63890601554108,3.02249294097872,3.44868586396529,3.87487878695186,4.2584657123895,3.85608737309784
2024-03-11,2024-04-08,4,ARIMA + Fourier,2.38786098243585,2.77115478070479,3.19702201812557,3.62288925554636,4.00618305381529,3.40485734249364
2024-03-18,2024-04-15,4,ARIMA + Fourier,2.20527714200492,2.5881849302656,3.01362328254248,3.43906163481935,3.82196942308003,3.40684805317097
2024-03-25,2024-04-22,4,ARIMA + Fourier,1.97492177589205,2.35748514922517,2.78254083151262,3.20759651380008,3.59015988713319,3.36141651165031
2024-04-01,2024-04-29,4,ARIMA + Fourier,1.95816658002884,2.34039297383539,2.76507424740374,3.18975552097209,3.57198191477863,2.95021175825218
2024-04-08,2024-05-06,4,ARIMA + Fourier,1.63664416476421,2.01853390260366,2.44284112695097,2.86714835129829,3.24903808913774,3.54008938052877
2024-04-15,2024-05-13,4,ARIMA + Fourier,1.55584244955468,1.93735462961022,2.36124235984851,2.78513009008681,3.16664227014235,3.07731226054641
2024-09-30,2024-10-28,4,ARIMA + Fourier,3.15989873693873,3.53732684561487,3.95667687604266,4.37602690647046,4.7534550151466,3.76560898697261
2024-10-07,2024-11-04,4,ARIMA + Fourier,3.20993727748709,3.58701391238234,4.00597342992219,4.42493294746203,4.80200958235728,3.83384522436412
2024-10-14,2024-11-11,4,ARIMA + Fourier,3.27704975739334,3.65376170568736,4.0723160299366,4.49087035418583,4.86758230247985,4.04882404692029
2024-10-21,2024-11-18,4,ARIMA + Fourier,3.51326672906629,3.88968351393816,4.3079098901962,4.72613626645424,5.10255305132611,4.08378904828258
2024-10-28,2024-11-25,4,ARIMA + Fourier,3.55764208246592,3.93370525746249,4.35153874747662,4.76937223749074,5.14543541248732,3.89914037959713
2024-11-04,2024-12-02,4,ARIMA + Fourier,3.67777004154349,4.05353842278934,4.47104437554408,4.88855032829881,5.26431870954467,4.21049663895813
2024-11-11,2024-12-09,4,ARIMA + Fourier,3.92359349191039,4.29906391069711,4.71623880552736,5.1334137003576,5.50888411914432,4.29278550089594
2024-11-18,2024-12-16,4,ARIMA + Fourier,4.02075822364552,4.3958681062763,4.81264241926198,5.22941673224766,5.60452661487844,4.40133894570625
2024-11-25,2024-12-23,4,ARIMA + Fourier,3.94446712656597,4.31975545542813,4.73672803513226,5.15370061483639,5.52898894369855,4.03229183781909
2024-12-02,2024-12-30,4,ARIMA + Fourier,4.18016416442226,4.55510069101472,4.971682392856,5.38826409469727,5.76320062128974,4.93425808249849
2024-12-09,2025-01-06,4,ARIMA + Fourier,4.29155792164665,4.66620154320381,5.08245780628564,5.49871406936747,5.87335769092464,5.19689353641007
2024-12-16,2025-01-13,4,ARIMA + Fourier,4.32320363732401,4.69762190991543,5.11362779393573,5.52963367795604,5.90405195054746,5.26289742131678
2024-12-23,2025-01-20,4,ARIMA + Fourier,4.06228142932537,4.4375256820371,4.85444928993812,5.27137289783913,5.64661715055086,5.47218663652701
2024-12-30,2025-01-27,4,ARIMA + Fourier,4.55768029587858,4.93232571912174,5.3485839840075,5.76484224889327,6.13948767213642,5.62419799531336
2025-01-06,2025-02-03,4,ARIMA + Fourier,4.77700655595882,5.15174422304868,5.56810497754514,5.9844657320416,6.35920339913146,5.72652196162569
2025-01-13,2025-02-10,4,ARIMA + Fourier,4.61948370958484,4.99389392816336,5.4098908635906,5.82588779901785,6.20029801759637,5.3963511068194
2025-01-20,2025-02-17,4,ARIMA + Fourier,4.68957016691913,5.06359726636018,5.47916852861084,5.8947397908615,6.26876689030255,5.29325457220558
2025-01-27,2025-02-24,4,ARIMA + Fourier,4.62613905977268,4.99992206529871,5.4152221214883,5.83052217767788,6.20430518320391,4.85981240436167
2025-02-03,2025-03-03,4,ARIMA + Fourier,4.53599811299952,4.90952361402285,5.32453756401484,5.73955151400682,6.11307701503015,4.78222791310695
2025-02-10,2025-03-10,4,ARIMA + Fourier,4.15421360962004,4.52760632273412,4.94247273571838,5.35733914870264,5.73073186181673,4.51426031062825
2025-02-17,2025-03-17,4,ARIMA + Fourier,3.85936790612569,4.23256509475015,4.64721426583115,5.06186343691214,5.4350606255366,4.17914516391457
2025-02-24,2025-03-24,4,ARIMA + Fourier,3.43260526074572,3.80578946422367,4.22042420786417,4.63505895150466,5.00824315498262,3.80332358850481
2025-03-03,2025-03-31,4,ARIMA + Fourier,3.15065593500269,3.52358142689853,3.93792872318856,4.35227601947858,4.72520151137442,3.81374843615981
2025-03-10,2025-04-07,4,ARIMA + Fourier,2.87192750798222,3.24454197574087,3.6585437016338,4.07254542752673,4.44515989528538,3.39819287264186
2025-03-17,2025-04-14,4,ARIMA + Fourier,2.46267463783322,2.8352089778951,3.24912167609956,3.66303437430402,4.03556871436591,3.37108175775753
2025-03-24,2025-04-21,4,ARIMA + Fourier,2.11290410277192,2.48535811092789,2.89918155455269,3.3130049981775,3.68545900633347,3.2092294478164
2025-03-31,2025-04-28,4,ARIMA + Fourier,2.01929100237401,2.39124808787855,2.80451941436049,3.21779074084243,3.58974782634697,3.24649099190117
2025-04-07,2025-05-05,4,ARIMA + Fourier,1.7100617464667,2.08172148518867,2.49466243780748,2.90760339042629,3.27926312914826,3.2699490950522
2025-04-14,2025-05-12,4,ARIMA + Fourier,1.62239265306743,1.99372443236846,2.40630099826039,2.81887756415232,3.19020934345335,2.74534598584591
2025-09-29,2025-10-27,4,ARIMA + Fourier,3.05270548197679,3.42168519533178,3.83164844519513,4.24161169505849,4.61059140841348,3.58823004596401
2025-10-06,2025-11-03,4,ARIMA + Fourier,2.9960482902403,3.36469393430994,3.77428600894349,4.18387808357703,4.55252372764667,3.57878553131686
2025-10-13,2025-11-10,4,ARIMA + Fourier,3.19899209621815,3.56730422138992,3.97652573231409,4.38574724323827,4.75405936841003,4.0683427596831
2025-10-20,2025-11-17,4,ARIMA + Fourier,3.20102784760145,3.56913948491204,3.9781382392668,4.38713699362157,4.75524863093216,4.10082352831981
2025-10-27,2025-11-24,4,ARIMA + Fourier,3.39071127245608,3.75853849951677,4.16722125343542,4.57590400735407,4.94373123441477,4.09634256488477
2025-11-03,2025-12-01,4,ARIMA + Fourier,3.54137699929134,3.90895072739808,4.31735182557459,4.72575292375109,5.09332665185784,4.59895088617417
2025-11-10,2025-12-08,4,ARIMA + Fourier,3.89747366179737,4.26489008978253,4.67311641610379,5.08134274242505,5.44875917041021,5.11421422367165
2025-11-17,2025-12-15,4,ARIMA + Fourier,4.0685830071417,4.43571151034083,4.84361793132118,5.25152435230153,5.61865285550066,5.3018610801714
2025-11-24,2025-12-22,4,ARIMA + Fourier,4.06792756557066,4.43489544674291,4.84262340499005,5.25035136323719,5.61731924440944,4.49569008536927
2025-12-01,2025-12-29,4,ARIMA + Fourier,4.47851972248414,4.84521570090983,5.25264155546511,5.6600674100204,6.02676338844609,4.5921862584298
2025-12-08,2026-01-05,4,ARIMA + Fourier,4.87217240318305,5.23924437163624,5.64708797840936,6.05493158518248,6.42200355363568,5.3198831444626
2025-12-15,2026-01-12,4,ARIMA + Fourier,4.99667714157928,5.36350321666467,5.77107361805403,6.1786440194434,6.54547009452878,5.01708114157965
2025-12-22,2026-01-19,4,ARIMA + Fourier,4.4352581597627,4.80323252284793,5.21207875557207,5.6209249882962,5.98889935138143,5.13855932816283
2025-12-29,2026-01-26,4,ARIMA + Fourier,4.35818738858618,4.72666010065433,5.13606003527918,5.54545996990402,5.91393268197218,5.02847521222459
2026-01-05,2026-02-02,4,ARIMA + Fourier,4.84928871674948,5.21784762291403,5.62734332543776,6.03683902796149,6.40539793412604,4.88944646530504
2026-01-12,2026-02-09,4,ARIMA + Fourier,4.53020723916994,4.89830402184856,5.30728627162875,5.71626852140894,6.08436530408756,4.41920198827394
2026-01-19,2026-02-16,4,ARIMA + Fourier,4.43764825706226,4.8056468834404,5.2145200744445,5.62339326544861,5.99139189182675,4.12033714249635
2026-01-26,2026-02-23,4,ARIMA + Fourier,4.27917268289914,4.64705093257813,5.05579037633,5.46452982008186,5.83240806976085,3.96024157769862
2026-02-02,2026-03-02,4,ARIMA + Fourier,3.95636839048347,4.3240324490872,4.73253391100395,5.1410353729207,5.50869943152443,3.83254680392635
2026-02-09,2026-03-09,4,ARIMA + Fourier,3.5082591188368,3.87690371780305,4.28649463125086,4.69608554469868,5.06473014366493,3.5004392163118
2026-02-16,2026-03-16,4,ARIMA + Fourier,3.06599114451196,3.43541106996566,3.84586342743055,4.25631578489545,4.62573571034915,3.23553626576131
2026-02-23,2026-03-23,4,ARIMA + Fourier,2.80797662515952,3.17738739930213,3.58782958899602,3.99827177868991,4.36768255283253,2.98921105656373
2026-03-02,2026-03-30,4,ARIMA + Fourier,2.54262670456305,2.91197102824275,3.32233938664797,3.73270774505318,4.10205206873288,2.95178038602481
2026-03-09,2026-04-06,4,ARIMA + Fourier,2.16460375160459,2.53405126424423,2.94453427307556,3.3550172819069,3.72446479454654,2.98618686071046
2026-03-16,2026-04-13,4,ARIMA + Fourier,1.83853273110173,2.20818770061328,2.61890120909091,3.02961471756854,3.39926968708009,2.99172425215645
2026-03-23,2026-04-20,4,ARIMA + Fourier,1.56078162109167,1.93041796751132,2.34111078438179,2.75180360125226,3.12143994767191,2.53131302260216
2026-03-30,2026-04-27,4,ARIMA + Fourier,1.45030730070681,1.81956774648982,2.22984291046219,2.64011807443457,3.00937852021758,2.64546532591059
2026-04-06,2026-05-04,4,ARIMA + Fourier,1.43456228010617,1.80341174028903,2.21323026942163,2.62304879855423,2.99189825873709,2.6159349121944
2026-04-13,2026-05-11,4,ARIMA + Fourier,1.41748958257221,1.78564249064308,2.19468709980882,2.60373170897456,2.97188461704543,2.67896462020711
2023-10-02,2023-10-09,1,Ensemble,3.03216365570494,3.2596372423225,3.48326749642,3.71642940851661,3.94355827665574,3.65945064342312
2023-10-09,2023-10-16,1,Ensemble,3.34532600895739,3.53159912127676,3.73845595836035,3.94597359374331,4.19666615239029,3.82472067702535
2023-10-16,2023-10-23,1,Ensemble,3.47432010580184,3.67643851126647,3.90024276481943,4.08137335032675,4.27040792285892,4.0926765051214
2023-10-23,2023-10-30,1,Ensemble,3.74761331507425,3.92617447122292,4.153955149412,4.37112675082393,4.53846103542069,3.82624722840674
2023-10-30,2023-11-06,1,Ensemble,3.57153573352649,3.75005090433122,3.98081985150277,4.19490099782082,4.45400000793403,4.27402374212223
2023-11-06,2023-11-13,1,Ensemble,3.83768486065848,4.01882700331448,4.25809423029381,4.47492746941481,4.70762124371564,4.29796544704745
2023-11-13,2023-11-20,1,Ensemble,4.02977641612566,4.20035289866964,4.41726736006406,4.64684577706351,4.83050040506668,4.35606759550379
2023-11-20,2023-11-27,1,Ensemble,4.01839268874025,4.19261678056129,4.43344648176287,4.65961009898873,4.90750204867221,4.40354347813613
2023-11-27,2023-12-04,1,Ensemble,4.13985166664449,4.30138500060434,4.52776793355092,4.7440320384963,4.99722482010016,4.34730578194549
2023-12-04,2023-12-11,1,Ensemble,4.11554645888586,4.31393622868373,4.49890246516148,4.73009446656817,4.97361739628527,4.46083781509817
2023-12-11,2023-12-18,1,Ensemble,4.09671400839229,4.38610575471286,4.63012369094628,4.95263315806422,5.17846850807282,4.59552380893629
2023-12-18,2023-12-25,1,Ensemble,4.25122406465451,4.54115697341737,4.76553729952006,4.96631818571457,5.21923446940696,4.22009576752766
2023-12-25,2024-01-01,1,Ensemble,4.03268099489484,4.22653268068867,4.50399402120571,4.75901329176102,5.03023141593336,4.28757858313017
2024-01-01,2024-01-08,1,Ensemble,3.96125668002991,4.1710859512547,4.40069403869866,4.5912930724452,4.87481308106684,4.73400305783106
2024-01-08,2024-01-15,1,Ensemble,4.41015812807076,4.59621218275436,4.83953165186883,5.05793197603226,5.25168210797153,4.86283109932786
2024-01-15,2024-01-22,1,Ensemble,4.57409591525681,4.76315433811905,4.99590401465732,5.14943547476668,5.37579403063223,4.87489193306288
2024-01-22,2024-01-29,1,Ensemble,4.54297978973584,4.71542161956572,4.9152708713736,5.1065189530416,5.29291441611312,4.97990113472639
2024-01-29,2024-02-05,1,Ensemble,4.58875237249093,4.75297889843431,4.93547379563953,5.1633639821966,5.34030930517905,4.90215881776017
2024-02-05,2024-02-12,1,Ensemble,4.54506929422858,4.68191600202182,4.86770894453678,5.06173367542447,5.28621333536844,4.54425177101868
2024-02-12,2024-02-19,1,Ensemble,4.06592912112802,4.26180874344107,4.46398562245448,4.70081522293369,4.93112144212066,4.53399636653357
2024-02-19,2024-02-26,1,Ensemble,4.02750149187009,4.23316406145402,4.42135429133966,4.62021758140749,4.82082385208384,4.29114413819671
2024-02-26,2024-03-04,1,Ensemble,3.77151887969339,3.97115186456226,4.1731183463126,4.39079682981717,4.55674925376435,4.16945203470891
2024-03-04,2024-03-11,1,Ensemble,3.5868089988397,3.77496391373672,3.99621029388906,4.17186643060235,4.35436714411787,3.98192213280781
2024-03-11,2024-03-18,1,Ensemble,3.43644076426248,3.59518377974787,3.83155839953475,4.02182242495599,4.17425529434377,3.9471970804358
2024-03-18,2024-03-25,1,Ensemble,3.23862785474732,3.48350345716945,3.65112927816386,3.88455810305656,4.06552313330015,3.73169945129686
2024-03-25,2024-04-01,1,Ensemble,3.14860452501408,3.32804060956105,3.54384483258268,3.7343931844433,3.87496526583371,3.85608737309784
2024-04-01,2024-04-08,1,Ensemble,3.17602885380369,3.36237333362771,3.5955116352076,3.80138728357927,4.00392452642179,3.40485734249364
2024-04-08,2024-04-15,1,Ensemble,2.8346997630222,3.07285050133937,3.28186667649569,3.53939622847212,3.79610625492801,3.40684805317097
2024-04-15,2024-04-22,1,Ensemble,2.69564487667529,2.8903787468232,3.12841762890582,3.32635692659243,3.4922822852019,3.36141651165031
2024-09-30,2024-10-07,1,Ensemble,3.31898310442644,3.47941009860631,3.71249154819717,3.91608209323531,4.10278057285902,3.63942657039441
2024-10-07,2024-10-14,1,Ensemble,3.37551746980066,3.56085113046964,3.75310669777562,3.93466604542915,4.15618744601849,3.63837532194017
2024-10-14,2024-10-21,1,Ensemble,3.23591525650824,3.4917175018998,3.70189934472704,3.90065699004428,4.12663416921465,3.83341260484623
2024-10-21,2024-10-28,1,Ensemble,3.50573299988867,3.71556696409794,3.91641371950744,4.11883981768609,4.32177948611543,3.76560898697261
2024-10-28,2024-11-04,1,Ensemble,3.52575834199806,3.71713193416444,3.90451308696821,4.08385808555979,4.31880945808922,3.83384522436412
2024-11-04,2024-11-11,1,Ensemble,3.53741945012924,3.75916403121672,3.9600007611925,4.12603637604148,4.3409568158298,4.04882404692029
2024-11-11,2024-11-18,1,Ensemble,3.73208083617536,3.96329194928804,4.20393392676874,4.49133563460187,4.61363114640482,4.08378904828258
2024-11-18,2024-11-25,1,Ensemble,3.82780122749968,4.05109970618895,4.20927593441194,4.39796280312412,4.66245608855385,3.89914037959713
2024-11-25,2024-12-02,1,Ensemble,3.6888763923059,3.90065735326467,4.08507237488565,4.25561397795553,4.45324693750982,4.21049663895813
2024-12-02,2024-12-09,1,Ensemble,3.93098593776461,4.13946693158266,4.34857364789859,4.5494358166855,4.75377760116695,4.29278550089594
2024-12-09,2024-12-16,1,Ensemble,4.07417506280576,4.25087287721489,4.46823532298492,4.66269440766372,4.91607059167628,4.40133894570625
2024-12-16,2024-12-23,1,Ensemble,3.94248057900156,4.15413242853102,4.44961476210868,4.64996908652881,4.85896439349209,4.03229183781909
2024-12-23,2024-12-30,1,Ensemble,3.87437310936593,4.0897096202301,4.24256040193592,4.53283837378577,4.71878804250448,4.93425808249849
2024-12-30,2025-01-06,1,Ensemble,4.35543031865633,4.67662640676252,4.96877786705858,5.16853995032054,5.53890797937668,5.19689353641007
2025-01-06,2025-01-13,1,Ensemble,4.9723566413197,5.18807741644623,5.4833862033769,5.69898242852157,5.84269583872591,5.26289742131678
2025-01-13,2025-01-20,1,Ensemble,4.96398247957478,5.11805512517858,5.30929039122455,5.4871335458564,5.67106163824872,5.47218663652701
2025-01-20,2025-01-27,1,Ensemble,5.01827902320778,5.27363743114574,5.50384541636609,5.71863407888234,5.89539801721248,5.62419799531336
2025-01-27,2025-02-03,1,Ensemble,5.2631851242511,5.43110282772398,5.60454268653916,5.82533005309249,6.0018389201378,5.72652196162569
2025-02-03,2025-02-10,1,Ensemble,5.30537826086795,5.46671447755799,5.63120012991895,5.8128202119343,5.9905142523725,5.3963511068194
2025-02-10,2025-02-17,1,Ensemble,4.99174857247113,5.13402608702119,5.33969807395199,5.54652182902006,5.78327848763935,5.29325457220558
2025-02-17,2025-02-24,1,Ensemble,4.77313337966865,4.96376521780572,5.14780305548821,5.34323484698052,5.54706841400901,4.85981240436167
2025-02-24,2025-03-03,1,Ensemble,4.3549247965851,4.55112971948736,4.75286434123801,4.94610155753449,5.1185039903543,4.78222791310695
2025-03-03,2025-03-10,1,Ensemble,4.05753215667045,4.32718285349687,4.50393223820253,4.71353044386121,4.89595986391786,4.51426031062825
2025-03-10,2025-03-17,1,Ensemble,3.85727358640935,4.12931933569023,4.3472256318844,4.50926280629214,4.67256770599514,4.17914516391457
2025-03-17,2025-03-24,1,Ensemble,3.49782918715755,3.65930735836557,3.88397533439272,4.04909458002319,4.26733036464897,3.80332358850481
2025-03-24,2025-03-31,1,Ensemble,3.11218181329336,3.27359027975021,3.51348543364735,3.73500254484735,3.95948989195155,3.81374843615981
2025-03-31,2025-04-07,1,Ensemble,2.97682048696757,3.19810306547298,3.47819919373128,3.70710811431809,3.90599537991017,3.39819287264186
2025-04-07,2025-04-14,1,Ensemble,2.83429220914446,3.03005322556788,3.21117390101399,3.44012857644256,3.6767201289207,3.37108175775753
2025-04-14,2025-04-21,1,Ensemble,2.735211731605,2.9106982537737,3.14591454939582,3.32706283239286,3.48742777104659,3.2092294478164
2025-09-29,2025-10-06,1,Ensemble,3.18376241562304,3.34193382994651,3.53161431771298,3.76169391691611,3.91456782770248,3.30798499993998
2025-10-06,2025-10-13,1,Ensemble,3.07460687400578,3.27971564121205,3.46846851330953,3.6542193357363,3.86724430010479,3.54443154974806
2025-10-13,2025-10-20,1,Ensemble,3.19967323410349,3.37772477323805,3.61603612496164,3.78806394633291,4.01984908715165,3.34286180464919
2025-10-20,2025-10-27,1,Ensemble,3.14116785105635,3.3461334014972,3.52838360800157,3.7039029801148,3.9107695707486,3.58823004596401
2025-10-27,2025-11-03,1,Ensemble,3.26313818431012,3.38857451939701,3.65629321804376,3.84701368606413,4.09638249630529,3.57878553131686
2025-11-03,2025-11-10,1,Ensemble,3.3593055705921,3.5578106421347,3.72386745000084,3.91455816824892,4.07565726034959,4.0683427596831
2025-11-10,2025-11-17,1,Ensemble,3.73154681758405,3.9074952444077,4.10863435279707,4.31632244346936,4.53621954768383,4.10082352831981
2025-11-17,2025-11-24,1,Ensemble,3.83560255970607,4.00056027840385,4.22191079578392,4.43456744767482,4.61557963827525,4.09634256488477
2025-11-24,2025-12-01,1,Ensemble,3.86357955529293,4.0421673404832,4.21361361130093,4.40735419588939,4.59452069400999,4.59895088617417
2025-12-01,2025-12-08,1,Ensemble,4.23264847202672,4.48348386834572,4.71466085545504,4.92550762704915,5.16455313547962,5.11421422367165
2025-12-08,2025-12-15,1,Ensemble,4.87103070259142,5.15625637371704,5.38443401925528,5.59824542904324,5.74099367319649,5.3018610801714
2025-12-15,2025-12-22,1,Ensemble,4.80510400634467,4.95536135616065,5.29058254196531,5.60340410641107,5.86339301027638,4.49569008536927
2025-12-22,2025-12-29,1,Ensemble,4.36353339790424,4.58350255431808,4.81996748685258,5.18895777414381,5.38708029314245,4.5921862584298
2025-12-29,2026-01-05,1,Ensemble,4.22962814276081,4.47487440958094,4.69312181196021,4.98699993275071,5.2564080851764,5.3198831444626
2026-01-05,2026-01-12,1,Ensemble,4.97995257217949,5.21494231342294,5.42116864119607,5.60618324110862,5.79698210801135,5.01708114157965
2026-01-12,2026-01-19,1,Ensemble,4.74617768112623,4.98917356951315,5.23137872756976,5.501970914105,5.69850643248929,5.13855932816283
2026-01-19,2026-01-26,1,Ensemble,4.73888888923035,4.92372141465699,5.14431777345871,5.39161311468367,5.61503616514456,5.02847521222459
2026-01-26,2026-02-02,1,Ensemble,4.70249463202919,4.90864201361602,5.13024740350611,5.36162641052476,5.58533180270321,4.88944646530504
2026-02-02,2026-02-09,1,Ensemble,4.39667419505376,4.59457742904574,4.81846688302807,5.02300473505634,5.1656160331043,4.41920198827394
2026-02-09,2026-02-16,1,Ensemble,3.98127353263526,4.13490871188505,4.41857309075146,4.60451958645851,4.8435705538569,4.12033714249635
2026-02-16,2026-02-23,1,Ensemble,3.63406945578047,3.82543426235286,4.02234867877675,4.20550255060837,4.37969039100942,3.96024157769862
2026-02-23,2026-03-02,1,Ensemble,3.44774837348458,3.63904793603734,3.8384309841295,4.02481264319741,4.19717836853739,3.83254680392635
2026-03-02,2026-03-09,1,Ensemble,3.31282973565475,3.51201275269489,3.73066031309338,3.91997314689457,4.07036043962239,3.5004392163118
2026-03-09,2026-03-16,1,Ensemble,2.96824746803413,3.16843356894663,3.3682758778259,3.57597202228201,3.74450316604029,3.23553626576131
2026-03-16,2026-03-23,1,Ensemble,2.64490804583125,2.85180834022224,3.05322117632424,3.295525635915,3.44084167320593,2.98921105656373
2026-03-23,2026-03-30,1,Ensemble,2.40349785243381,2.62569386056608,2.80141615359408,3.03365519239452,3.17959632884058,2.95178038602481
2026-03-30,2026-04-06,1,Ensemble,2.38754221026788,2.53593965255742,2.77454361061038,2.9744236416207,3.11032040163022,2.98618686071046
2026-04-06,2026-04-13,1,Ensemble,2.42961258792261,2.61632332497551,2.85810928651928,3.02211567870782,3.20750744845595,2.99172425215645
2026-04-13,2026-04-20,1,Ensemble,2.41093595169088,2.59129305118787,2.84263858320636,3.01093047086757,3.17825145697162,2.53131302260216
2023-10-02,2023-10-16,2,Ensemble,3.11460195260209,3.38272996672821,3.62839797439675,3.89247734795143,4.20401011691238,3.82472067702535
2023-10-09,2023-10-23,2,Ensemble,3.32766214298358,3.51681086671347,3.73588997043452,4.02486428597736,4.29080050519104,4.0926765051214
2023-10-16,2023-10-30,2,Ensemble,3.48470219746576,3.6572851893199,3.89196408233622,4.17231819221253,4.46907601071013,3.82624722840674
2023-10-23,2023-11-06,2,Ensemble,3.66895604850976,3.92132453332305,4.1798509382303,4.45934729934122,4.80019358415763,4.27402374212223
2023-10-30,2023-11-13,2,Ensemble,3.45633040053575,3.69075477514812,3.95085541642361,4.2506497448771,4.54149589240755,4.29796544704745
2023-11-06,2023-11-20,2,Ensemble,3.87738683808382,4.15073876123683,4.38725215165806,4.66685696224331,5.00741737332835,4.35606759550379
2023-11-13,2023-11-27,2,Ensemble,3.97892671762155,4.20345298710524,4.51817718074231,4.85310275472168,5.07565074892014,4.40354347813613
2023-11-20,2023-12-04,2,Ensemble,4.05731786453697,4.27464193255718,4.58523125459147,4.88700100547065,5.17922723149511,4.34730578194549
2023-11-27,2023-12-11,2,Ensemble,4.19907030901759,4.40165776938193,4.68100593901217,5.01513322386752,5.26994643930437,4.46083781509817
2023-12-04,2023-12-18,2,Ensemble,4.16474637085872,4.37756257908811,4.75996460480509,5.10880440291706,5.36020268544318,4.59552380893629
2023-12-11,2023-12-25,2,Ensemble,4.15272445775849,4.40725547069339,4.69287432959518,4.97171077980868,5.32368971403838,4.22009576752766
2023-12-18,2024-01-01,2,Ensemble,4.23922164728096,4.53754690219809,4.82225629390519,5.06398559911992,5.41810589999177,4.28757858313017
2023-12-25,2024-01-08,2,Ensemble,4.01097418663809,4.21215175486822,4.48744549605563,4.91620950181442,5.14926565922266,4.73400305783106
2024-01-01,2024-01-15,2,Ensemble,3.97887637321828,4.23963808020973,4.48953085270687,4.76988394531454,5.18030020242193,4.86283109932786
2024-01-08,2024-01-22,2,Ensemble,4.38615847365373,4.60287811689025,4.9344144633819,5.17174416350275,5.5756218771107,4.87489193306288
2024-01-15,2024-01-29,2,Ensemble,4.51021523672975,4.70154229591723,5.00869776213347,5.25038377824019,5.5698049256713,4.97990113472639
2024-01-22,2024-02-05,2,Ensemble,4.34296982236301,4.61817622156451,4.84607819006714,5.14109886439135,5.4561777333554,4.90215881776017
2024-01-29,2024-02-12,2,Ensemble,4.37740561377901,4.63594036571934,4.90657631566919,5.18392120072925,5.43390999140155,4.54425177101868
2024-02-05,2024-02-19,2,Ensemble,4.25959303848191,4.49648616046518,4.78486049322699,5.03666396951005,5.2514989636581,4.53399636653357
2024-02-12,2024-02-26,2,Ensemble,3.87910067641299,4.11920619435817,4.41619487903352,4.69163889580056,5.00530719540342,4.29114413819671
2024-02-19,2024-03-04,2,Ensemble,3.82900424170506,4.0221851584088,4.35174064662796,4.59584473839054,4.98913512689953,4.16945203470891
2024-02-26,2024-03-11,2,Ensemble,3.36562263433515,3.6577379459391,3.94920915324718,4.23975052247585,4.57654428079421,3.98192213280781
2024-03-04,2024-03-18,2,Ensemble,3.2337198074045,3.46142702474029,3.73965996857361,4.02455991438161,4.34412787434594,3.9471970804358
2024-03-11,2024-03-25,2,Ensemble,2.98590122298209,3.25324906986493,3.57701653530453,3.81610647019651,4.01704954659233,3.73169945129686
2024-03-18,2024-04-01,2,Ensemble,2.89039298697986,3.23250636369535,3.48828712758634,3.7325183305015,3.93334360595843,3.85608737309784
2024-03-25,2024-04-08,2,Ensemble,2.72586713291627,3.05085615300419,3.34089116872098,3.54033221337461,3.74288290597986,3.40485734249364
2024-04-01,2024-04-15,2,Ensemble,2.9598390753753,3.20904692302323,3.49023732010265,3.79325114081609,4.10681786440037,3.40684805317097
2024-04-08,2024-04-22,2,Ensemble,2.47960186785146,2.80717302590438,3.02849508060973,3.26160996306916,3.52288788944609,3.36141651165031
2024-04-15,2024-04-29,2,Ensemble,2.43252088684109,2.68726252566261,2.988529326453,3.22009315604004,3.43550361941718,2.95021175825218
2024-09-30,2024-10-14,2,Ensemble,3.34823063178303,3.52335882519851,3.77694315531005,4.04744215585277,4.2541713542656,3.63837532194017
2024-10-07,2024-10-21,2,Ensemble,3.30645643333334,3.50307640616633,3.79274316785347,4.03737802992987,4.25621327149223,3.83341260484623
2024-10-14,2024-10-28,2,Ensemble,3.2728897570089,3.49561898815697,3.76389535086859,4.01765472462486,4.26892570313355,3.76560898697261
2024-10-21,2024-11-04,2,Ensemble,3.55490981053025,3.76069662305214,3.93766204106185,4.21121061292017,4.55018094635214,3.83384522436412
2024-10-28,2024-11-11,2,Ensemble,3.51462153061876,3.7301924935043,3.98836489148001,4.22189351316593,4.49386551612176,4.04882404692029
2024-11-04,2024-11-18,2,Ensemble,3.59975775591998,3.80614774646614,4.05011644866648,4.46736316123991,4.6299744687908,4.08378904828258
2024-11-11,2024-11-25,2,Ensemble,3.85447506269973,4.04374798120965,4.2603867512939,4.52165916471023,4.84401622417053,3.89914037959713
2024-11-18,2024-12-02,2,Ensemble,3.8716471304908,4.09663512238522,4.32508442975619,4.63614137588127,4.89524837074871,4.21049663895813
2024-11-25,2024-12-09,2,Ensemble,3.72066715101788,3.93377628528717,4.1944480613601,4.48698348856818,4.74451219144267,4.29278550089594
2024-12-02,2024-12-16,2,Ensemble,4.00997874488391,4.23463929092457,4.49438431718873,4.7867772830498,5.08753309649413,4.40133894570625
2024-12-09,2024-12-23,2,Ensemble,3.95468275177199,4.21076630161375,4.53305202270886,4.76770477830053,5.11750457649174,4.03229183781909
2024-12-16,2024-12-30,2,Ensemble,4.14234970079737,4.29667000154217,4.59498341564045,4.83992523240542,5.157272863791,4.93425808249849
2024-12-23,2025-01-06,2,Ensemble,3.89758797489839,4.13243463215846,4.46316975065253,4.73645227788965,5.03783696704005,5.19689353641007
2024-12-30,2025-01-13,2,Ensemble,4.55185818310754,4.8248824156027,5.15699736264506,5.60036277995045,5.9515262289199,5.26289742131678
2025-01-06,2025-01-20,2,Ensemble,4.89675573171512,5.17191143212319,5.71068580868008,5.94557745548533,6.08886136476064,5.47218663652701
2025-01-13,2025-01-27,2,Ensemble,4.88677852660981,5.10491207754519,5.34223566537189,5.57161863811023,5.8929694222835,5.62419799531336
2025-01-20,2025-02-03,2,Ensemble,5.00193279104034,5.22431138993643,5.51845873445068,5.81346088937704,6.06376099794517,5.72652196162569
2025-01-27,2025-02-10,2,Ensemble,5.00149732095698,5.27072456432296,5.52229391812269,5.77244787344127,6.01689578472068,5.3963511068194
2025-02-03,2025-02-17,2,Ensemble,5.12458242144934,5.31183673443005,5.53180586357488,5.76051858720209,6.01036327433512,5.29325457220558
2025-02-10,2025-02-24,2,Ensemble,4.72537602984052,4.96386216338277,5.18033632024985,5.41211999621085,5.60658414539351,4.85981240436167
2025-02-17,2025-03-03,2,Ensemble,4.56057110842896,4.81861371591227,5.05400928809074,5.28149828214028,5.46579373647386,4.78222791310695
2025-02-24,2025-03-10,2,Ensemble,3.90405278265453,4.18735878571866,4.45801434098182,4.76767568880742,5.00712083817022,4.51426031062825
2025-03-03,2025-03-17,2,Ensemble,3.81930994409674,4.00232371942232,4.27437047978637,4.59797023138317,4.80321257739672,4.17914516391457
2025-03-10,2025-03-24,2,Ensemble,3.42024479420925,3.72923123391159,4.07464905615895,4.32461186922326,4.50175781671172,3.80332358850481
2025-03-17,2025-03-31,2,Ensemble,3.05331318954845,3.33200485672988,3.53782218601337,3.81504832297923,4.12857527469028,3.81374843615981
2025-03-24,2025-04-07,2,Ensemble,2.75404249789792,2.99119217114496,3.22944132025121,3.46399469099419,3.72860983391304,3.39819287264186
2025-03-31,2025-04-14,2,Ensemble,2.6551828849008,2.97020863950656,3.26692742999816,3.49322457974727,3.781005361296,3.37108175775753
2025-04-07,2025-04-21,2,Ensemble,2.40469649485114,2.71776781831767,3.00943611337429,3.29210916573888,3.52751396198923,3.2092294478164
2025-04-14,2025-04-28,2,Ensemble,2.41600314467106,2.69276910755297,2.89138351677037,3.16346824341317,3.40947579832397,3.24649099190117
2025-09-29,2025-10-13,2,Ensemble,3.21300606022827,3.41510610993141,3.6197664982455,3.86110533557119,4.10269374014805,3.54443154974806
2025-10-06,2025-10-20,2,Ensemble,3.0340144300523,3.26598598022922,3.53554197335527,3.79665751427053,3.9966792683283,3.34286180464919
2025-10-13,2025-10-27,2,Ensemble,3.26198188431589,3.46596058005233,3.70189672625082,3.95135518898197,4.15576158395185,3.58823004596401
2025-10-20,2025-11-03,2,Ensemble,3.13591286699068,3.34441415522364,3.56820976396613,3.80898270348718,4.01976282298151,3.57878553131686
2025-10-27,2025-11-10,2,Ensemble,3.34247837945623,3.55522197745408,3.78198386554023,4.03122688136072,4.25207401472704,4.0683427596831
2025-11-03,2025-11-17,2,Ensemble,3.40802407806343,3.62883261162333,3.87345040282219,4.05355329651247,4.35988451337538,4.10082352831981
2025-11-10,2025-11-24,2,Ensemble,3.7804198416776,3.99329792843164,4.25862000652206,4.49913582874843,4.81296718869786,4.09634256488477
2025-11-17,2025-12-01,2,Ensemble,3.90112237826107,4.12563481127821,4.34926060802817,4.66112819816497,4.95096729326335,4.59895088617417
2025-11-24,2025-12-08,2,Ensemble,3.90616467072766,4.11866822736027,4.34407644658705,4.6085802780278,4.86370411263494,5.11421422367165
2025-12-01,2025-12-15,2,Ensemble,4.32129933509411,4.61802258184491,4.86732199922977,5.23549561370124,5.52490983610326,5.3018610801714
2025-12-08,2025-12-22,2,Ensemble,4.49449175798278,4.95647618249056,5.2577011208226,5.71921680654473,5.9869750038122,4.49569008536927
2025-12-15,2025-12-29,2,Ensemble,4.77555620750838,5.14780380000968,5.54371955091655,5.9590914851143,6.18672646095878,4.5921862584298
2025-12-22,2026-01-05,2,Ensemble,4.29570292102797,4.56488763373902,5.09328514184448,5.43551492764266,5.80205246042718,5.3198831444626
2025-12-29,2026-01-12,2,Ensemble,4.30875403566416,4.51602450287905,4.81997737802718,5.20559839650501,5.49435596372778,5.01708114157965
2026-01-05,2026-01-19,2,Ensemble,4.93488317039686,5.2058955804056,5.5083626253251,5.80933589239919,6.10587344420453,5.13855932816283
2026-01-12,2026-01-26,2,Ensemble,4.64579207719419,4.91353375728542,5.26050885209399,5.55734883785704,5.84589391986448,5.02847521222459
2026-01-19,2026-02-02,2,Ensemble,4.7003383459252,4.90663093102901,5.26143981623189,5.57942218299133,5.84102324733742,4.88944646530504
2026-01-26,2026-02-09,2,Ensemble,4.41735300999317,4.70656152359143,4.97536941286786,5.25157866064928,5.48989420202187,4.41920198827394
2026-02-02,2026-02-16,2,Ensemble,4.07742771567899,4.41234980862141,4.73879492455038,5.00678413713373,5.27067645468335,4.12033714249635
2026-02-09,2026-02-23,2,Ensemble,3.65758327935453,3.91144166426966,4.26156184276893,4.52473768043136,4.90522524769137,3.96024157769862
2026-02-16,2026-03-02,2,Ensemble,3.31593751323117,3.56994062124821,3.81159069251093,4.15374563353739,4.4660777020958,3.83254680392635
2026-02-23,2026-03-09,2,Ensemble,3.13373975032693,3.38768554753917,3.70034087651298,3.97088153091804,4.25615156849562,3.5004392163118
2026-03-02,2026-03-16,2,Ensemble,3.00129845582056,3.29918487910344,3.58303003351048,3.78882202758031,4.03724231247635,3.23553626576131
2026-03-09,2026-03-23,2,Ensemble,2.65379713088225,2.91353181112134,3.20732646126689,3.44114535113218,3.69966373562349,2.98921105656373
2026-03-16,2026-03-30,2,Ensemble,2.36527501110764,2.61338254437979,2.87886221818338,3.15258880662574,3.40094398699405,2.95178038602481
2026-03-23,2026-04-06,2,Ensemble,2.11080996349244,2.38517380408622,2.61068277887336,2.88680368797274,3.13991102575514,2.98618686071046
2026-03-30,2026-04-13,2,Ensemble,2.06871690786662,2.33209054187963,2.62891621924064,2.84758830854965,3.07518870199044,2.99172425215645
2026-04-06,2026-04-20,2,Ensemble,2.20202158017837,2.40440689120019,2.68355950541936,2.94733328718707,3.21854404505697,2.53131302260216
2026-04-13,2026-04-27,2,Ensemble,2.19251998139257,2.39657785262096,2.68820018808041,2.95624764053203,3.16653985924167,2.64546532591059
2023-10-02,2023-10-23,3,Ensemble,3.05868745699796,3.28271440711827,3.68100194473097,4.01514530121608,4.28051674076007,4.0926765051214
2023-10-09,2023-10-30,3,Ensemble,3.20382729050972,3.47527036856551,3.79335378712965,4.13656887901451,4.47273304928117,3.82624722840674
2023-10-16,2023-11-06,3,Ensemble,3.4387323432911,3.69131934734009,3.95443168928516,4.30789897424237,4.64393212230307,4.27402374212223
2023-10-23,2023-11-13,3,Ensemble,3.50839735319882,3.84445197965189,4.22154785763872,4.51340427961234,4.90218400937787,4.29796544704745
2023-10-30,2023-11-20,3,Ensemble,3.49379921701009,3.81337576476764,4.14575082128736,4.52364894026782,4.82064379563937,4.35606759550379
2023-11-06,2023-11-27,3,Ensemble,3.86849606009534,4.21826098256978,4.58777573575196,4.93482580934641,5.38458525763757,4.40354347813613
2023-11-13,2023-12-04,3,Ensemble,3.98283549555423,4.35516064281791,4.6379757623512,5.04605204599338,5.47037575034151,4.34730578194549
2023-11-20,2023-12-11,3,Ensemble,4.03497750447557,4.37128313289565,4.70946248449219,5.12192560003369,5.5248793973326,4.46083781509817
2023-11-27,2023-12-18,3,Ensemble,4.24213446514879,4.61302794443291,5.03377350707648,5.47131925261129,5.81209809539158,4.59552380893629
2023-12-04,2023-12-25,3,Ensemble,4.10531499757756,4.41053118567085,4.77360296872305,5.17033692179598,5.59422634199152,4.22009576752766
2023-12-11,2024-01-01,3,Ensemble,3.99170927342467,4.36265127864923,4.81055551590617,5.13815871501475,5.48058275090399,4.28757858313017
2023-12-18,2024-01-08,3,Ensemble,4.14185122686943,4.50115421836133,4.94802115043842,5.38284657911123,5.81816876705286,4.73400305783106
2023-12-25,2024-01-15,3,Ensemble,4.00922511310127,4.30966381420092,4.70683059877843,5.12493035712791,5.59668207367043,4.86283109932786
2024-01-01,2024-01-22,3,Ensemble,4.00172319703824,4.2786295295652,4.62764178796946,4.95046245695533,5.48599682651599,4.87489193306288
2024-01-08,2024-01-29,3,Ensemble,4.19829320801362,4.5462201806275,4.9509932823218,5.34832767935122,5.84505464934516,4.97990113472639
2024-01-15,2024-02-05,3,Ensemble,4.32311823983805,4.63322905668271,4.96979482259968,5.3444692458094,5.77570946291959,4.90215881776017
2024-01-22,2024-02-12,3,Ensemble,4.19476344733978,4.48495651558009,4.77227771069216,5.11295701208292,5.46846329140111,4.54425177101868
2024-01-29,2024-02-19,3,Ensemble,4.2164768073869,4.45903045867975,4.79618492292823,5.16824120534774,5.50001802414324,4.53399636653357
2024-02-05,2024-02-26,3,Ensemble,4.09307697071746,4.31588663061833,4.66142272201468,5.00723690653922,5.27284517835477,4.29114413819671
2024-02-12,2024-03-04,3,Ensemble,3.4949703312931,3.85086743943224,4.31698403357627,4.72418480918151,5.15534209353733,4.16945203470891
2024-02-19,2024-03-11,3,Ensemble,3.46392057889396,3.80136255453441,4.20714367047598,4.68852099895753,5.07618662516519,3.98192213280781
2024-02-26,2024-03-18,3,Ensemble,3.12492566244665,3.43109409617431,3.79442676080806,4.24888001763418,4.65641407658993,3.9471970804358
2024-03-04,2024-03-25,3,Ensemble,2.77229177006014,3.14817957556094,3.56420597941998,3.88415837695705,4.4302653316978,3.73169945129686
2024-03-11,2024-04-01,3,Ensemble,2.59883537912708,3.00216983688086,3.36135870960987,3.6653388878661,4.13628682476743,3.85608737309784
2024-03-18,2024-04-08,3,Ensemble,2.42648461881371,2.91633441024068,3.25153283454296,3.56244804809471,3.89215584350467,3.40485734249364
2024-03-25,2024-04-15,3,Ensemble,2.22842288312487,2.79248827680857,3.0448978380177,3.40145313857059,3.71837941921449,3.40684805317097
2024-04-01,2024-04-22,3,Ensemble,2.60107602295331,2.87572506218097,3.20095892413586,3.62219717464675,4.04424246137737,3.36141651165031
2024-04-08,2024-04-29,3,Ensemble,2.31702925280864,2.54439458738784,2.94691940751413,3.18150893718085,3.57686971853608,2.95021175825218
2024-04-15,2024-05-06,3,Ensemble,2.17432380432473,2.43356068312272,2.7568936211441,3.09252290242486,3.36670891078248,3.54008938052877
2024-09-30,2024-10-21,3,Ensemble,3.23746589297592,3.44498565611895,3.82985835663958,4.12794619461854,4.40674364926942,3.83341260484623
2024-10-07,2024-10-28,3,Ensemble,3.21176589468069,3.52597143399885,3.85760571596029,4.19978161159747,4.44429485577718,3.76560898697261
2024-10-14,2024-11-04,3,Ensemble,3.29038885087569,3.55923579395843,3.88560794528442,4.23893014120015,4.49791986269835,3.83384522436412
2024-10-21,2024-11-11,3,Ensemble,3.56566091396008,3.84835601758764,4.09429965434835,4.38249485148324,4.63217991797642,4.04882404692029
2024-10-28,2024-11-18,3,Ensemble,3.55796793159832,3.81277341034997,4.13688437552756,4.481597639214,4.72897475094025,4.08378904828258
2024-11-04,2024-11-25,3,Ensemble,3.66425865471412,3.93265837042952,4.25193867776291,4.52080430261121,4.7803578984385,3.89914037959713
2024-11-11,2024-12-02,3,Ensemble,3.89149771975742,4.14289931417589,4.35815928941187,4.70582689248658,5.00699633295738,4.21049663895813
2024-11-18,2024-12-09,3,Ensemble,3.89956827511618,4.19744340231656,4.44262107669872,4.85229520906571,5.27740969632094,4.29278550089594
2024-11-25,2024-12-16,3,Ensemble,3.76595330220171,4.05307502306793,4.34189179016062,4.71920020882436,5.07603137352583,4.40133894570625
2024-12-02,2024-12-23,3,Ensemble,3.9933885357986,4.23502879935294,4.59879204733832,5.01739684329677,5.44736161888119,4.03229183781909
2024-12-09,2024-12-30,3,Ensemble,4.11440045346473,4.41636831048981,4.689114527444,5.06807721007537,5.56779087806572,4.93425808249849
2024-12-16,2025-01-06,3,Ensemble,4.22591522655595,4.51255802390614,4.75973167813239,5.04544887240289,5.43706084937355,5.19689353641007
2024-12-23,2025-01-13,3,Ensemble,3.92454244491465,4.2670139320201,4.640974171185,5.04995092827464,5.53675036942772,5.26289742131678
2024-12-30,2025-01-20,3,Ensemble,4.39862040673722,4.72867144278648,5.19362520267433,5.84180117533936,6.27071346788912,5.47218663652701
2025-01-06,2025-01-27,3,Ensemble,4.80749582775018,5.09771879707459,5.67717135266589,6.05590007216433,6.33026029221295,5.62419799531336
2025-01-13,2025-02-03,3,Ensemble,4.72917344518006,4.97658238108061,5.27869437059565,5.57404641655113,5.94922029613907,5.72652196162569
2025-01-20,2025-02-10,3,Ensemble,4.80354475679934,5.04308633837868,5.33186730366182,5.70282116562464,6.06747304587057,5.3963511068194
2025-01-27,2025-02-17,3,Ensemble,4.91416597649361,5.15961908767138,5.42476078470749,5.69287003449131,5.97498413845246,5.29325457220558
2025-02-03,2025-02-24,3,Ensemble,4.86120762563465,5.0854348631277,5.37672394560997,5.64441641418729,5.89971308627679,4.85981240436167
2025-02-10,2025-03-03,3,Ensemble,4.50253226570353,4.78190720569984,5.07473133309161,5.3817174427994,5.64354007830498,4.78222791310695
2025-02-17,2025-03-10,3,Ensemble,4.16630268698526,4.53484008396037,4.88834037888524,5.13986631807351,5.40042759410855,4.51426031062825
2025-02-24,2025-03-17,3,Ensemble,3.63797249873284,3.88730760134286,4.17006360099514,4.63449919823422,4.9232744465832,4.17914516391457
2025-03-03,2025-03-24,3,Ensemble,3.30862550197827,3.5152747679419,3.90518339141712,4.40232856172533,4.66144287567593,3.80332358850481
2025-03-10,2025-03-31,3,Ensemble,3.06972204062617,3.42668686877066,3.71636708652623,4.16071013868795,4.47457320330186,3.81374843615981
2025-03-17,2025-04-07,3,Ensemble,2.69687966180834,3.02780416101325,3.2721205603775,3.55451628421601,3.99952031878953,3.39819287264186
2025-03-24,2025-04-14,3,Ensemble,2.30573229317568,2.59425426054754,2.92334663760607,3.34856548798997,3.72543543746039,3.37108175775753
2025-03-31,2025-04-21,3,Ensemble,2.25233100977702,2.62871060271554,3.07496262962177,3.39008416470043,3.85375622766895,3.2092294478164
2025-04-07,2025-04-28,3,Ensemble,2.09291452491294,2.51029755239567,2.83321599390014,3.14872284589407,3.39056591763065,3.24649099190117
2025-04-14,2025-05-05,3,Ensemble,2.26161597665126,2.49989602962254,2.81088956449537,3.08831909389019,3.41080009444962,3.2699490950522
2025-09-29,2025-10-20,3,Ensemble,3.15001081392151,3.47638824609632,3.71079796826521,4.0231836564565,4.26940995019066,3.34286180464919
2025-10-06,2025-10-27,3,Ensemble,3.05057146118674,3.35343488552323,3.60131585850485,3.96758801518244,4.2053722590336,3.58823004596401
2025-10-13,2025-11-03,3,Ensemble,3.25714882056439,3.5557901118537,3.83374344638696,4.16024199158112,4.35804558498349,3.57878553131686
2025-10-20,2025-11-10,3,Ensemble,3.1683228773043,3.49809654990756,3.75715860808849,4.07970131426197,4.3069306321188,4.0683427596831
2025-10-27,2025-11-17,3,Ensemble,3.34034644075729,3.63210307682703,3.92049953083887,4.26653280052304,4.52149727509165,4.10082352831981
2025-11-03,2025-11-24,3,Ensemble,3.46140405948039,3.7098880583795,3.9514447938077,4.23509961627467,4.54446609412955,4.09634256488477
2025-11-10,2025-12-01,3,Ensemble,3.8092528457407,4.13591012600675,4.35873519181926,4.6560807723585,5.1831560543442,4.59895088617417
2025-11-17,2025-12-08,3,Ensemble,3.92454153311371,4.21592087034739,4.47884141840164,4.8323170755881,5.20750857550041,5.11421422367165
2025-11-24,2025-12-15,3,Ensemble,3.95620773243038,4.25372233597454,4.49997167082873,4.85255862702437,5.2898686929333,5.3018610801714
2025-12-01,2025-12-22,3,Ensemble,4.15177145711374,4.44875052736626,4.83491965948015,5.17810726695567,5.75287517390467,4.49569008536927
2025-12-08,2025-12-29,3,Ensemble,4.69510121892588,4.9664908513234,5.51702263719064,6.00378708465235,6.2855653738829,4.5921862584298
2025-12-15,2026-01-05,3,Ensemble,4.87163878099807,5.22842739998742,5.66490061206452,5.99650335373918,6.38210354441451,5.3198831444626
2025-12-22,2026-01-12,3,Ensemble,4.29345862950783,4.67815491840486,5.15882381207676,5.64134964680865,6.14981433845411,5.01708114157965
2025-12-29,2026-01-19,3,Ensemble,4.26277863842781,4.55661417697809,4.93035814327643,5.39963613327107,5.78401963551542,5.13855932816283
2026-01-05,2026-01-26,3,Ensemble,4.87542097459058,5.18702845334716,5.55445778396579,5.92424763904691,6.37776333986673,5.02847521222459
2026-01-12,2026-02-02,3,Ensemble,4.61895826057424,4.95229691742301,5.4057072901839,5.7732938512355,6.10150189837022,4.88944646530504
2026-01-19,2026-02-09,3,Ensemble,4.41716278552606,4.69965377142421,5.05236727833476,5.48038123926712,5.79717489493691,4.41920198827394
2026-01-26,2026-02-16,3,Ensemble,4.29892298262986,4.59643282082531,4.91648713534253,5.30888447986824,5.55713328650421,4.12033714249635
2026-02-02,2026-02-23,3,Ensemble,3.87342387533453,4.14101025720415,4.62847818320564,4.95518961542407,5.34720017005688,3.96024157769862
2026-02-09,2026-03-02,3,Ensemble,3.47137232579557,3.69617948333936,4.23100923796341,4.59463390215596,5.06096133375227,3.83254680392635
2026-02-16,2026-03-09,3,Ensemble,3.01670020964333,3.29091972365761,3.71397820805832,4.16086820917513,4.57449092836732,3.5004392163118
2026-02-23,2026-03-16,3,Ensemble,2.76429866128145,3.1127705074582,3.56710767739587,3.92441578789495,4.23230709173661,3.23553626576131
2026-03-02,2026-03-23,3,Ensemble,2.62656057966381,3.03590561214103,3.43931018038065,3.71171636903596,3.98654337563758,2.98921105656373
2026-03-09,2026-03-30,3,Ensemble,2.3667374058788,2.73736754989178,3.03645108739429,3.43109031553434,3.78439795962557,2.95178038602481
2026-03-16,2026-04-06,3,Ensemble,1.94692837362859,2.44620339212367,2.71576568495967,3.05947153129023,3.33432092305405,2.98618686071046
2026-03-23,2026-04-13,3,Ensemble,1.80592728135149,2.17657076047198,2.44608935558612,2.78975150419482,3.13828554450171,2.99172425215645
2026-03-30,2026-04-20,3,Ensemble,1.78426793024648,2.13328380000414,2.38364562292898,2.70999083628202,2.98464639518974,2.53131302260216
2026-04-06,2026-04-27,3,Ensemble,1.963782194097,2.21314427268597,2.48223714480248,2.82026852036535,3.15055924287746,2.64546532591059
2026-04-13,2026-05-04,3,Ensemble,1.95739532192693,2.22549385089426,2.51384918721174,2.83267281108251,3.14626193113706,2.6159349121944
2023-10-02,2023-10-30,4,Ensemble,3.06584274124321,3.47238078336618,3.83781409831543,4.18728493875673,4.4910867317438,3.82624722840674
2023-10-09,2023-11-06,4,Ensemble,3.22533633087677,3.63474554324884,3.97510953056911,4.38543159063528,4.67653639971648,4.27402374212223
2023-10-16,2023-11-13,4,Ensemble,3.32674845359794,3.67470161589388,4.0121043269064,4.44697047519723,4.81914457447754,4.29796544704745
2023-10-23,2023-11-20,4,Ensemble,3.62149619118946,3.95922936100054,4.26469507082567,4.68045706231675,5.0296656854188,4.35606759550379
2023-10-30,2023-11-27,4,Ensemble,3.62915410062045,4.01882740853674,4.38428164254714,4.75462291836515,5.16760900716706,4.40354347813613
2023-11-06,2023-12-04,4,Ensemble,4.0033842665194,4.35915321295852,4.70166720325939,5.08489991232034,5.6457701446138,4.34730578194549
2023-11-13,2023-12-11,4,Ensemble,4.11076354453206,4.46652420396501,4.88473537578904,5.24472841272186,5.67978677614721,4.46083781509817
2023-11-20,2023-12-18,4,Ensemble,4.15568930469709,4.5112333681312,4.92920388607541,5.39278720191658,5.91605660073732,4.59552380893629
2023-11-27,2023-12-25,4,Ensemble,4.15373350499531,4.60596477632994,5.03671590767437,5.43370967292455,6.01966733463622,4.22009576752766
2023-12-04,2024-01-01,4,Ensemble,4.01406253477545,4.4657793901702,4.87200361884935,5.32854175906571,5.95700628761466,4.28757858313017
2023-12-11,2024-01-08,4,Ensemble,4.02139251007798,4.45212529971412,4.92184690216892,5.37968825241474,6.06289663406218,4.73400305783106
2023-12-18,2024-01-15,4,Ensemble,4.13935520901705,4.51514310773407,4.92549411157129,5.30935965129706,5.68557952640335,4.86283109932786
2023-12-25,2024-01-22,4,Ensemble,3.83847564455577,4.28396884022406,4.72253488940681,5.24070588218725,5.65837454198822,4.87489193306288
2024-01-01,2024-01-29,4,Ensemble,4.04074235832987,4.3667259056645,4.63834370293967,5.08934033045288,5.72019504702968,4.97990113472639
2024-01-08,2024-02-05,4,Ensemble,4.19522017860598,4.5256621113875,4.94918927765436,5.31410782531328,5.79434833872052,4.90215881776017
2024-01-15,2024-02-12,4,Ensemble,4.19807971326409,4.53535699309532,4.86980730226707,5.22010609217626,5.61475574651934,4.54425177101868
2024-01-22,2024-02-19,4,Ensemble,3.88864591913352,4.32797046017104,4.76425840316097,5.15390926715451,5.49091899098836,4.53399636653357
2024-01-29,2024-02-26,4,Ensemble,3.84919367747518,4.3363958277786,4.74311702787961,5.06273906821071,5.40795945441978,4.29114413819671
2024-02-05,2024-03-04,4,Ensemble,3.7356845034474,4.16845000278271,4.52375505784842,4.91005039986414,5.29906782377099,4.16945203470891
2024-02-12,2024-03-11,4,Ensemble,3.19770722677222,3.62030654781021,4.18119219421059,4.7339617587779,5.20311679461287,3.98192213280781
2024-02-19,2024-03-18,4,Ensemble,3.18581678519234,3.67337418119233,4.11614082396314,4.62397365750507,4.96707158039584,3.9471970804358
2024-02-26,2024-03-25,4,Ensemble,2.74673111448171,3.00162273500532,3.64413176289891,4.23775340813452,4.60954287955191,3.73169945129686
2024-03-04,2024-04-01,4,Ensemble,2.53816207082725,2.76350334636551,3.3886146163758,3.84325325617929,4.47541862232383,3.85608737309784
2024-03-11,2024-04-08,4,Ensemble,2.31968595461348,2.57433599908404,3.17705005201926,3.5468425655578,4.1166580955826,3.40485734249364
2024-03-18,2024-04-15,4,Ensemble,2.214257534309,2.58873997459479,3.07480761633543,3.42961089948154,3.76185380522574,3.40684805317097
2024-03-25,2024-04-22,4,Ensemble,2.01489979018604,2.58345163225536,2.90044927745002,3.2165956076123,3.54170123590727,3.36141651165031
2024-04-01,2024-04-29,4,Ensemble,2.3562843222353,2.72534471644393,3.05569251979014,3.41226794528151,3.86024643831606,2.95021175825218
2024-04-08,2024-05-06,4,Ensemble,2.10307323198954,2.38837341976803,2.67079685978614,3.01677441358821,3.43698216748086,3.54008938052877
2024-04-15,2024-05-13,4,Ensemble,1.92893230091642,2.28918288442649,2.6291569160491,2.97325962509671,3.3308388210282,3.07731226054641
2024-09-30,2024-10-28,4,Ensemble,3.07372954923549,3.50046089814801,3.93236117360938,4.2736671152568,4.53699723914485,3.76560898697261
2024-10-07,2024-11-04,4,Ensemble,3.28324903528101,3.69465642541374,4.07089501697935,4.39338594440534,4.66649677729707,3.83384522436412
2024-10-14,2024-11-11,4,Ensemble,3.28315580404768,3.6827095337254,4.03700456269284,4.39017168952382,4.67311834038467,4.04882404692029
2024-10-21,2024-11-18,4,Ensemble,3.67256686927537,3.92781330053629,4.31885626434227,4.62475109068577,4.9137615290074,4.08378904828258
2024-10-28,2024-11-25,4,Ensemble,3.69087633341247,3.98309999681072,4.32310288567347,4.60444086915828,4.90130090065119,3.89914037959713
2024-11-04,2024-12-02,4,Ensemble,3.71326941209834,4.0771346981699,4.36492350626826,4.68674662779229,5.16689068909391,4.21049663895813
2024-11-11,2024-12-09,4,Ensemble,3.95634517000768,4.2223192961423,4.50225953294007,4.91666772509977,5.47981184372814,4.29278550089594
2024-11-18,2024-12-16,4,Ensemble,3.96054978065981,4.3212647613048,4.59452512440208,5.0370252044074,5.66055258306294,4.40133894570625
2024-11-25,2024-12-23,4,Ensemble,3.83007989777731,4.15526140972871,4.53041291367885,4.89374043610885,5.54618445496814,4.03229183781909
2024-12-02,2024-12-30,4,Ensemble,4.02077366607111,4.41943968489806,4.72767213727351,5.14554164262581,5.80324338160636,4.93425808249849
2024-12-09,2025-01-06,4,Ensemble,4.20044785596706,4.56092970607524,4.93581667041185,5.42854499531329,5.89946634739271,5.19689353641007
2024-12-16,2025-01-13,4,Ensemble,4.27054743621089,4.53823768320435,4.89406599118744,5.35911260036409,5.88926504352754,5.26289742131678
2024-12-23,2025-01-20,4,Ensemble,3.96468326402528,4.20504516052043,4.63169627117561,5.13806675633074,5.66550988447962,5.47218663652701
2024-12-30,2025-01-27,4,Ensemble,4.33304214555915,4.77006190692344,5.22549891321755,5.82985502543312,6.23079289069026,5.62419799531336
2025-01-06,2025-02-03,4,Ensemble,4.63141275916428,5.0034114678358,5.3879223036323,6.07098449396307,6.258353327508,5.72652196162569
2025-01-13,2025-02-10,4,Ensemble,4.52044314270017,4.8916012887658,5.16594635918904,5.48407108409177,5.74368093708481,5.3963511068194
2025-01-20,2025-02-17,4,Ensemble,4.66795135809368,5.03109756546933,5.30522979930427,5.64929505369063,6.02483160949935,5.29325457220558
2025-01-27,2025-02-24,4,Ensemble,4.71489069944259,4.9727467657102,5.34742376062049,5.59384781420813,5.85393006318309,4.85981240436167
2025-02-03,2025-03-03,4,Ensemble,4.60942371404292,4.95095423455357,5.24885650143902,5.58125636448017,5.82131316364835,4.78222791310695
2025-02-10,2025-03-10,4,Ensemble,4.09633132746381,4.54123129202612,4.88317665459975,5.205151723739,5.50740624813401,4.51426031062825
2025-02-17,2025-03-17,4,Ensemble,3.83143470442158,4.20972092613935,4.68750422317434,4.98681076232396,5.22072324191909,4.17914516391457
2025-02-24,2025-03-24,4,Ensemble,3.11142416616616,3.46759533128432,3.79969356828337,4.42411347515255,4.6705093215261,3.80332358850481
2025-03-03,2025-03-31,4,Ensemble,3.08055793080475,3.32043552852443,3.67517330229656,4.28752962284284,4.59703238143515,3.81374843615981
2025-03-10,2025-04-07,4,Ensemble,2.63662318015183,3.01338418888682,3.32363145127672,3.88312504097706,4.2095355893244,3.39819287264186
2025-03-17,2025-04-14,4,Ensemble,2.27186306850057,2.64197146789649,3.01793742117367,3.65091525547688,4.10450112749416,3.37108175775753
2025-03-24,2025-04-21,4,Ensemble,1.93384592761886,2.34213839204409,2.99458170757403,3.33094473698884,3.8120073164367,3.2092294478164
2025-03-31,2025-04-28,4,Ensemble,2.08405057778861,2.41759324616799,2.91607979249638,3.25201959354694,3.57901868472121,3.24649099190117
2025-04-07,2025-05-05,4,Ensemble,1.99609359056109,2.38328631496054,2.69337528028851,3.22051415055164,3.49652343117949,3.2699490950522
2025-04-14,2025-05-12,4,Ensemble,2.07905968377309,2.35929933215873,2.69805131176962,2.93021176464265,3.28923173452398,2.74534598584591
2025-09-29,2025-10-27,4,Ensemble,3.28654944298664,3.5198957107206,3.83384619867314,4.10240454856544,4.37355175323543,3.58823004596401
2025-10-06,2025-11-03,4,Ensemble,3.18126744378335,3.43354879410982,3.79512033617497,4.17995875721584,4.37603306471456,3.57878553131686
2025-10-13,2025-11-10,4,Ensemble,3.37093902530221,3.68105610728716,3.94871124507087,4.2197642008621,4.54287174761199,4.0683427596831
2025-10-20,2025-11-17,4,Ensemble,3.30105508345617,3.52276634109287,3.88007627400392,4.25839239542926,4.5248563517773,4.10082352831981
2025-10-27,2025-11-24,4,Ensemble,3.52261618251291,3.79536499972822,4.06605135699672,4.38935357600859,4.67210850648789,4.09634256488477
2025-11-03,2025-12-01,4,Ensemble,3.62684696161636,3.84107745634233,4.13630128248551,4.44091735239867,4.76683532939261,4.59895088617417
2025-11-10,2025-12-08,4,Ensemble,3.95304461133258,4.20325744464444,4.49271031488127,4.88455925488882,5.15256159027548,5.11421422367165
2025-11-17,2025-12-15,4,Ensemble,4.05483966832309,4.34970370335568,4.63260679218955,5.03805466208085,5.57246297306794,5.3018610801714
2025-11-24,2025-12-22,4,Ensemble,3.86150714850108,4.21650125831866,4.57979821876159,4.98306346789572,5.29559326212615,4.49569008536927
2025-12-01,2025-12-29,4,Ensemble,4.44701144902492,4.71442764158978,5.1382749271338,5.63111272957389,6.12925188879255,4.5921862584298
2025-12-08,2026-01-05,4,Ensemble,4.7539772540298,5.16907364570172,5.63283415149713,6.03662692218413,6.50467848405435,5.3198831444626
2025-12-15,2026-01-12,4,Ensemble,4.69213006957619,5.06371029987192,5.51694609888655,6.00506676241521,6.34326340267469,5.01708114157965
2025-12-22,2026-01-19,4,Ensemble,4.37375026726175,4.64180565215638,5.24751070900361,5.7782549361867,6.21735820927626,5.13855932816283
2025-12-29,2026-01-26,4,Ensemble,4.3158971593534,4.61701211033815,5.06853981733341,5.57042669564352,6.02859228073775,5.02847521222459
2026-01-05,2026-02-02,4,Ensemble,5.00198256105909,5.33979926392516,5.81858319135761,6.17050072172702,6.55656055266713,4.88944646530504
2026-01-12,2026-02-09,4,Ensemble,4.36336636227436,4.87508921216715,5.41436675706082,5.77480347979292,6.18726025834457,4.41920198827394
2026-01-19,2026-02-16,4,Ensemble,4.13061475750618,4.75014671119985,5.14237154130004,5.53029079587217,5.89925040088508,4.12033714249635
2026-01-26,2026-02-23,4,Ensemble,3.90063506482567,4.41701564965072,4.69775429601245,5.1109076085058,5.3962734809891,3.96024157769862
2026-02-02,2026-03-02,4,Ensemble,3.61552050512385,3.85355057445992,4.4545645306248,4.84341424996145,5.25634218016814,3.83254680392635
2026-02-09,2026-03-09,4,Ensemble,3.11948380175597,3.34066593026809,4.05944866671352,4.51523269728239,5.00007430216987,3.5004392163118
2026-02-16,2026-03-16,4,Ensemble,2.70597382668931,2.9704871834606,3.65988730212101,4.14464387797653,4.63449617519737,3.23553626576131
2026-02-23,2026-03-23,4,Ensemble,2.55163995995076,3.10767382049472,3.48550318819024,3.82257434738873,4.42207030146601,2.98921105656373
2026-03-02,2026-03-30,4,Ensemble,2.3551176127664,2.9111182480789,3.28891070013007,3.62594494368423,4.08990493860067,2.95178038602481
2026-03-09,2026-04-06,4,Ensemble,2.00005234247989,2.55610457227236,2.9339543495366,3.20050869275704,3.696261492265,2.98618686071046
2026-03-16,2026-04-13,4,Ensemble,1.70456535695321,2.19341215249795,2.57054787347138,2.89065093146431,3.42292045331039,2.99172425215645
2026-03-23,2026-04-20,4,Ensemble,1.44252719734939,1.99261327112892,2.3420571575685,2.68536585908472,3.1933054609044,2.53131302260216
2026-03-30,2026-04-27,4,Ensemble,1.47204153057414,1.94529085730655,2.30718292611418,2.73182734143486,3.14728875556252,2.64546532591059
2026-04-06,2026-05-04,4,Ensemble,1.76999136145755,2.1063360302014,2.43494066875377,2.8342073989817,3.13667694311751,2.6159349121944
2026-04-13,2026-05-11,4,Ensemble,1.7322680398861,2.01578791437708,2.40256560974329,2.67394053528961,3.03907366635434,2.67896462020711
2023-10-02,2023-10-09,1,Naive,3.05735329469941,3.25686384304018,3.4959760481867,3.75504644777985,4.01096984855891,3.65945064342312
2023-10-09,2023-10-16,1,Naive,3.20474835363896,3.40464125043645,3.64330632030283,3.90229949640273,4.15782509234062,3.82472067702535
2023-10-16,2023-10-23,1,Naive,3.37010507837151,3.57037259371274,3.80910478829436,4.06312680899513,4.32264200191533,4.0926765051214
2023-10-23,2023-10-30,1,Naive,3.63814759759787,3.83878973148285,4.0775890507797,4.33563599647373,4.59014470598385,3.82624722840674
2023-10-30,2023-11-06,1,Naive,3.37186471112946,3.57096879583304,3.81063133967575,4.06915140057271,4.32312372506838,4.27402374212223
2023-11-06,2023-11-13,1,Naive,3.81978761509119,4.01921434913556,4.25893628778053,4.51709387184727,4.77030853458305,4.29796544704745
2023-11-13,2023-11-20,1,Naive,3.84387571026266,4.04361736373484,4.28430810659182,4.54098025758613,4.79365853530745,4.35606759550379
2023-11-20,2023-11-27,1,Naive,3.90212424896525,4.10218082186524,4.34384036893423,4.59902708685612,4.85116897956298,4.40354347813613
2023-11-27,2023-12-04,1,Naive,3.94974652184384,4.15011801417164,4.3921004368883,4.6464476503021,4.8980531579945,4.34730578194549
2023-12-04,2023-12-11,1,Naive,3.89365521589944,4.09434162765506,4.33507855537593,4.5901546349251,4.84122375760305,4.46083781509817
2023-12-11,2023-12-18,1,Naive,4.00733363929837,4.20854693898285,4.44939477385034,4.69924394706795,4.95416408655491,4.59552380893629
2023-12-18,2023-12-25,1,Naive,4.14216602338274,4.34390621099608,4.58486495301019,4.82948721989625,5.08825837619221,4.22009576752766
2023-12-25,2024-01-01,1,Naive,3.76688437222035,3.96667030356317,4.20865272627983,4.44961645747779,4.71223863058277,4.28757858313017
2024-01-01,2024-01-08,1,Naive,3.83451357806911,4.03461442883974,4.27691972720407,4.51265655207047,4.77912974198446,4.73400305783106
2024-01-08,2024-01-15,1,Naive,4.28221569017753,4.48171218171574,4.72402513618843,4.97240918980084,5.22550725495404,4.86283109932786
2024-01-15,2024-01-22,1,Naive,4.41232136908185,4.61121350138765,4.85353411196869,5.09679451028782,5.35428833471953,4.87489193306288
2024-01-22,2024-01-29,1,Naive,4.4256598402244,4.62394761329777,4.86787880976915,5.10441262301301,5.36630220672323,4.97990113472639
2024-01-29,2024-02-05,1,Naive,4.53194667929543,4.72963009313639,4.97517187549809,5.20497910366669,5.47126444665543,4.90215881776017
2024-02-05,2024-02-12,1,Naive,4.45548199973674,4.65425921093007,4.89514569446644,5.1270810259017,5.3934751679579,4.54425177101868
2024-02-12,2024-02-19,1,Naive,4.09885259040277,4.29263417307847,4.53495478365951,4.76901821836144,5.0355211594851,4.53399636653357
2024-02-19,2024-02-26,1,Naive,4.08987482332519,4.28305204676846,4.52422017061143,4.75860705307755,5.02521879326868,4.29114413819671
2024-02-26,2024-03-04,1,Naive,3.84830023239585,4.04087309660671,4.2808887337116,4.51559906394192,4.7823196032005,4.16945203470891
2024-03-04,2024-03-11,1,Naive,3.72788576631558,3.9210356964322,4.15899490450331,4.39376472979006,4.66058053798139,3.98192213280781
2024-03-11,2024-03-18,1,Naive,3.541633501822,3.73536049784438,3.97126327688171,4.20609259722489,4.47300367434898,3.9471970804358
2024-03-18,2024-03-25,1,Naive,3.50703959367956,3.70249014878566,3.93575403918797,4.17122531418882,4.43772443457087,3.73169945129686
2024-03-25,2024-04-01,1,Naive,3.2916731087702,3.48884722296,3.7194722247273,3.95558545438581,4.22167261802583,3.85608737309784
2024-04-01,2024-04-08,1,Naive,3.41619217480075,3.6137518762076,3.84464433185001,4.07990525780641,4.34550635242072,3.40485734249364
2024-04-08,2024-04-15,1,Naive,2.9580038717368,3.15829570753021,3.39263011592408,3.62860710882182,3.89372213441042,3.40684805317097
2024-04-15,2024-04-22,1,Naive,2.96108872237596,3.16214112152083,3.39540501192314,3.63052970111877,3.89515865768165,3.36141651165031
2024-09-30,2024-10-07,1,Naive,3.22477656938829,3.4265895318846,3.6572145336519,3.89305528978888,4.15719817732604,3.63942657039441
2024-10-07,2024-10-14,1,Naive,3.19585551952308,3.39709107350417,3.62576922993878,3.86292260539853,4.12662880009289,3.63837532194017
2024-10-14,2024-10-21,1,Naive,3.19589841103068,3.39655655649654,3.62614809537061,3.86175386238098,4.12502336423256,3.83341260484623
2024-10-21,2024-10-28,1,Naive,3.39202983389858,3.59211057084922,3.8219695635984,4.05667365072374,4.31950645973252,3.76560898697261
2024-10-28,2024-11-04,1,Naive,3.3253203559868,3.52482368442221,3.75338176040305,3.98875253828682,4.2511486544528,3.83384522436412
2024-11-04,2024-11-11,1,Naive,3.39368773760788,3.59318810175304,3.82240218311629,4.05684625244319,4.31886064750629,4.04882404692029
2024-11-11,2024-11-18,1,Naive,3.60879770439363,3.80829510424852,4.03816519099419,4.27168255176421,4.53331522572444,4.08378904828258
2024-11-18,2024-11-25,1,Naive,3.64389384998549,3.84338828555013,4.07333191807698,4.30650502989136,4.5677559827487,3.89914037959713
2024-11-25,2024-12-02,1,Naive,3.45937632552961,3.65886779680399,3.88848152367103,4.12171383797076,4.38258306972523,4.21049663895813
2024-12-02,2024-12-09,1,Naive,3.77086372912019,3.97192142280527,4.20003950875253,4.43349766703719,4.69341508474821,4.29278550089594
2024-12-09,2024-12-16,1,Naive,3.85328373528757,4.05590765138335,4.28253009641083,4.51564400573986,4.775179702348,4.40133894570625
2024-12-16,2024-12-23,1,Naive,3.96196832432745,4.16615846283394,4.39156274978411,4.62405492731503,4.88320890282029,4.03229183781909
2024-12-23,2024-12-30,1,Naive,3.59305236066986,3.79201925502595,4.02203643333398,4.25486529619272,4.5136375505951,4.93425808249849
2024-12-30,2025-01-06,1,Naive,4.49514974957884,4.69568286634563,4.92448188657635,5.15725911057755,5.42035193738478,5.19689353641007
2025-01-06,2025-01-13,1,Naive,4.75791634771999,4.96001568689749,5.1875965490509,5.42027207685089,5.68243320389026,5.26289742131678
2025-01-13,2025-01-20,1,Naive,4.82432025078226,5.02771693844447,5.25588429802305,5.48615846719429,5.74791284445895,5.47218663652701
2025-01-20,2025-01-27,1,Naive,5.03400948414805,5.23870352029498,5.46745737729871,5.69533018784122,5.95667781533116,5.62419799531336
2025-01-27,2025-02-03,1,Naive,5.18642086108996,5.39246756636145,5.61992836355092,5.84719902339243,6.10816492977948,5.72652196162569
2025-02-03,2025-02-10,1,Naive,5.28914484555785,5.4965442199539,5.72271195732911,5.94938046646961,6.20996465175379,5.3963511068194
2025-02-10,2025-02-17,1,Naive,4.95937400890712,5.16117062394709,5.39208147505696,5.61906708842817,5.87926955260948,5.29325457220558
2025-02-17,2025-02-24,1,Naive,4.85667749244886,5.05977145597355,5.28852531297728,5.51582803057921,5.77564877365764,4.85981240436167
2025-02-24,2025-03-03,1,Naive,4.42363534276051,4.62123718820881,4.85279928106794,5.08048720378094,5.34168236147571,4.78222791310695
2025-03-03,2025-03-10,1,Naive,4.34645086966135,4.54535006359436,4.77293092574778,5.00100405357185,5.26357362588296,4.51426031062825
2025-03-10,2025-03-17,1,Naive,4.07888328533821,4.2738595478958,4.50448411470611,4.73113779213879,4.99508177906624,4.17914516391457
2025-03-17,2025-03-24,1,Naive,3.74416815678009,3.93835986136417,4.16888975942946,4.39412398647074,4.65944238801454,3.80332358850481
2025-03-24,2025-03-31,1,Naive,3.36850006529939,3.56098809161457,3.79286645829921,4.01796871240269,4.28331096993146,3.81374843615981
2025-03-31,2025-04-07,1,Naive,3.37907839688344,3.57192967071618,3.8034930316747,4.0280598613994,4.29342597491314,3.39819287264186
2025-04-07,2025-04-14,1,Naive,2.96367631729455,3.15348594099172,3.38773574243626,3.61217059922315,3.87756056872187,3.37108175775753
2025-04-14,2025-04-21,1,Naive,2.93671868633928,3.12822952942067,3.36042290183143,3.58472578568053,3.85013961116422,3.2092294478164
2025-09-29,2025-10-06,1,Naive,3.08772941186909,3.27960350246804,3.51049595811045,3.73518277188433,4.00068701009165,3.30798499993998
2025-10-06,2025-10-13,1,Naive,2.87392889637984,3.06616623449635,3.29575777337042,3.52082851706908,3.78642316800002,3.54443154974806
2025-10-13,2025-10-20,1,Naive,3.11052893011698,3.30312951575104,3.53298850850023,3.75840927632935,4.02255987513478,3.34286180464919
2025-10-20,2025-10-27,1,Naive,2.90911266894717,3.10207650209879,3.33063457807963,3.55650583257219,3.82068028736259,3.58823004596401
2025-10-27,2025-11-03,1,Naive,3.15463439419104,3.34757292335293,3.57678700471618,3.80287516986189,4.06573868600409,3.57878553131686
2025-11-03,2025-11-10,1,Naive,3.14534336347295,3.33825658864509,3.56812667539076,3.79309695655645,4.05598432868362,4.0683427596831
2025-11-10,2025-11-17,1,Naive,3.63501942211162,3.82794199695064,4.0578856294775,4.28522024119363,4.54833014110975,4.10082352831981
2025-11-17,2025-11-24,1,Naive,3.66761902102076,3.86055094552667,4.0905681238347,4.31580235087598,4.58050106707314,4.09634256488477
2025-11-24,2025-12-01,1,Naive,3.66325688785814,3.85776734873191,4.08649260531864,4.31098768878265,4.57571026096478,4.59895088617417
2025-12-01,2025-12-08,1,Naive,4.16598403941997,4.36207303666158,4.58950637152702,4.81772702663907,5.08239357630227,5.11421422367165
2025-12-08,2025-12-15,1,Naive,4.68136620718988,4.87903374079934,5.10484347266849,5.33693020528042,5.60176267159487,5.3018610801714
2025-12-15,2025-12-22,1,Naive,4.86913189396206,5.06837796393937,5.29256409281223,5.52443453854503,5.78900777200601,4.49569008536927
2025-12-22,2025-12-29,1,Naive,4.06178746573819,4.25711486921641,4.48631933436611,4.71636488478853,4.98243502111528,4.5921862584298
2025-12-29,2026-01-05,1,Naive,4.15843712272778,4.35530840891721,4.58288927107063,4.8109623988947,5.0785294380872,5.3198831444626
2026-01-05,2026-01-12,1,Naive,4.88628749268963,5.08470266159029,5.31287002116887,5.54259912607138,5.80959280414633,5.01708114157965
2026-01-12,2026-01-19,1,Naive,4.58363897373574,4.77680855878651,5.00778415422048,5.23965459995328,5.50663836994589,5.13855932816283
2026-01-19,2026-01-26,1,Naive,4.70523599059135,4.89998411200997,5.1315462048691,5.3592341275821,5.62771480044047,5.02847521222459
2026-01-26,2026-02-02,1,Naive,4.59527070492554,4.79159736271201,5.01917822486542,5.24725135268949,5.51722892841362,4.88944646530504
2026-02-02,2026-02-09,1,Naive,4.45636078827841,4.65426598243273,4.88007571430188,5.10632394681558,5.37779842540547,4.41920198827394
2026-02-09,2026-02-16,1,Naive,3.98483891685569,4.1789294054808,4.40975747362679,4.63418081083011,4.90715219228576,4.12033714249635
2026-02-16,2026-02-23,1,Naive,3.68612755500716,3.87968001988527,4.11048718293022,4.33498226639423,4.60788559041957,3.96024157769862
2026-02-23,2026-03-02,1,Naive,3.52618547413848,3.71971263502685,3.94998617321351,4.1745530029382,4.44738826953323,3.83254680392635
2026-03-02,2026-03-09,1,Naive,3.39864418429527,3.5921460411939,3.82208967372075,4.04652453050764,4.31929173967236,3.5004392163118
2026-03-09,2026-03-16,1,Naive,3.06669008060978,3.2596539137614,3.4897803603857,3.7140832442348,3.9867823959692,3.23553626576131
2026-03-16,2026-03-23,1,Naive,2.80194061398834,2.99320076887107,3.22409322451348,3.44878003828736,3.72147768933011,2.98921105656373
2026-03-23,2026-03-30,1,Naive,2.55576888871982,2.74462233779651,2.97698382999417,3.20205457369283,3.47475072404392,2.95178038602481
2026-03-30,2026-04-06,1,Naive,2.51845704845333,2.70805991247277,2.93812304556918,3.16422364775695,3.43679580916698,2.98618686071046
2026-04-06,2026-04-13,1,Naive,2.55298235341141,2.7433346323736,2.9739596341409,3.19822986704565,3.47067803951461,2.99172425215645
2026-04-13,2026-04-20,1,Naive,2.55863857512982,2.74938875526621,2.98028121090862,3.20361730789442,3.47569118662257,2.53131302260216
2023-10-02,2023-10-16,2,Naive,2.67304072726614,3.08132241790901,3.47756640553518,3.94244763735403,4.23012955070264,3.82472067702535
2023-10-09,2023-10-23,2,Naive,2.82034909507538,3.22863078571826,3.62487477334442,4.08975600516327,4.37743791851188,4.0926765051214
2023-10-16,2023-10-30,2,Naive,2.98590819338224,3.39870615536816,3.79208566182055,4.25395217942341,4.54153298533752,3.82624722840674
2023-10-23,2023-11-06,2,Naive,3.25415308618291,3.66789484503132,4.0606130154653,4.52490377699462,4.80831384665699,4.27402374212223
2023-10-30,2023-11-13,2,Naive,2.98801287417288,3.40269842988377,3.79475526429935,4.25747591045491,4.54070960316574,4.29796544704745
2023-11-06,2023-11-20,2,Naive,3.43771321561051,3.85170780516636,4.25010319106777,4.70425383434534,4.98757732011828,4.35606759550379
2023-11-13,2023-11-27,2,Naive,3.46357874825787,3.87688237165869,4.28161630904592,4.73119130874573,5.01061022828055,4.40354347813613
2023-11-20,2023-12-04,2,Naive,3.52360472443635,3.93508628006197,4.34131861856407,4.78829486737701,5.06780357997394,4.34730578194549
2023-11-27,2023-12-11,2,Naive,3.57300443479083,3.98266392264125,4.39039466225822,4.8347721601843,5.11437066584333,4.46083781509817
2023-12-04,2023-12-18,2,Naive,3.51869056632234,3.92652798639756,4.3342236899505,4.7775358741686,5.05722417288974,4.59552380893629
2023-12-11,2023-12-25,2,Naive,3.63414642719716,4.04016177949718,4.4478224469861,4.89006931749623,5.16984740927947,4.22009576752766
2023-12-18,2024-01-01,2,Naive,3.77075624875742,4.17782346010399,4.58324586515422,5.01880502753198,5.30362460635464,4.28757858313017
2023-12-25,2024-01-08,2,Naive,3.39725203507093,3.80537110546404,4.20708039941559,4.63742670232097,4.92728776818306,4.73400305783106
2024-01-01,2024-01-15,2,Naive,3.46665867839558,3.87582960783523,4.27449649113518,4.69895923412111,4.99386178702262,4.86283109932786
2024-01-08,2024-01-22,2,Naive,3.91500698081861,4.32522976930481,4.72098768971899,5.16323456022912,5.43937746496056,4.87489193306288
2024-01-15,2024-01-29,2,Naive,4.0463284732153,4.45424953154896,4.85055315554579,5.29505837120108,5.5674480692389,4.97990113472639
2024-01-22,2024-02-05,2,Naive,4.0608827578502,4.46650208603134,4.8633514136108,5.30612061511105,5.57875146575546,4.90215881776017
2024-01-29,2024-02-12,2,Naive,4.1683854104136,4.57170300844221,4.9697499682212,5.4101312269495,5.68300323020051,4.54425177101868
2024-02-05,2024-02-19,2,Naive,4.09313654434726,4.49415241222334,4.89339700420187,5.33139032015823,5.60450347601583,4.53399636653357
2024-02-12,2024-02-26,2,Naive,3.73772294850566,4.13567020323979,4.53410060451349,4.96753298961437,5.24583899205588,4.29114413819671
2024-02-19,2024-03-04,2,Naive,3.72996099492044,4.12560651950203,4.52245584708149,4.95132730132688,5.23482615035231,4.16945203470891
2024-02-26,2024-03-11,2,Naive,3.48960221748346,3.88294601191253,4.27886619441464,4.70252478918765,4.99121648479698,3.98192213280781
2024-03-04,2024-03-18,2,Naive,3.37040356489555,3.76144562917208,4.15643666659684,4.57488240189748,4.86876694409072,3.9471970804358
2024-03-11,2024-03-25,2,Naive,3.18536711389433,3.57544668754412,3.96884004081282,4.37856417272421,4.68047960497116,3.73169945129686
2024-03-18,2024-04-01,2,Naive,3.15313551242221,3.54225259544525,3.93404826455789,4.33505079308004,4.64499711538069,3.85608737309784
2024-03-25,2024-04-08,2,Naive,2.93907993441518,3.32828592657945,3.71695047435714,4.11076483666894,4.42915796319529,3.40485734249364
2024-04-01,2024-04-15,2,Naive,3.06490990734807,3.45420480865357,3.83973823509631,4.22636443119775,4.55320436194981,3.40684805317097
2024-04-08,2024-04-22,2,Naive,2.61512192787578,3.00357727395741,3.38093679143918,3.76911558822308,4.10163280829915,3.36141651165031
2024-04-15,2024-04-29,2,Naive,2.61855468968502,3.00190356818042,3.37535608906358,3.76508748652993,4.10328199593002,2.95021175825218
2024-09-30,2024-10-14,2,Naive,2.88403249899932,3.26143535468463,3.63680674501666,4.01564356883947,4.3651926568876,3.63837532194017
2024-10-07,2024-10-21,2,Naive,2.85401730917227,3.23142016485758,3.60679155518961,3.98562837901242,4.33517746706055,3.83341260484623
2024-10-14,2024-10-28,2,Naive,2.85440811184994,3.23189987667648,3.60631183228408,3.98428541641985,4.33378469555985,3.76560898697261
2024-10-21,2024-11-04,2,Naive,3.05088744588791,3.42846811985568,3.80192064073884,4.17903098518758,4.52848045541945,3.83384522436412
2024-10-28,2024-11-11,2,Naive,2.9845258791462,3.3621954622552,3.73432978577827,4.11093565317563,4.46033531449937,4.04882404692029
2024-11-04,2024-11-18,2,Naive,3.05420416766962,3.43196265991985,3.80277878608283,4.17888017642881,4.52823002884442,4.08378904828258
2024-11-11,2024-11-25,2,Naive,3.26968172405634,3.64754397838406,4.02511625877888,4.39086560611911,4.74289333439563,3.89914037959713
2024-11-18,2024-12-02,2,Naive,3.30514545924917,3.6831114756544,4.06743991028105,4.42283721461554,4.77754281875296,4.21049663895813
2024-11-25,2024-12-09,2,Naive,3.12099552439427,3.49906530287699,3.87543259145572,4.23519515306422,4.59257863306254,4.29278550089594
2024-12-02,2024-12-16,2,Naive,3.43285051758581,3.81102405814603,4.1941475009566,4.54355801955936,4.90361937541858,4.40133894570625
2024-12-09,2024-12-23,2,Naive,3.51563811335417,3.8935283519941,4.27803652395622,4.63482706009477,4.98559272035143,4.03229183781909
2024-12-16,2024-12-30,2,Naive,3.62469029199503,4.00229722871466,4.38819012982834,4.74038711203921,5.09383064815677,4.93425808249849
2024-12-23,2025-01-06,2,Naive,3.25614191793841,3.63346555273776,4.01754286087937,4.36834661128619,4.72446802326465,5.19689353641007
2024-12-30,2025-01-13,2,Naive,4.15860689644836,4.53564722932741,4.92110926662058,5.27929303456318,5.62611875093909,5.26289742131678
2025-01-06,2025-01-20,2,Naive,4.42174108419048,4.80589478372511,5.18381144441508,5.54280363088975,5.89161986393683,5.47218663652701
2025-01-13,2025-01-27,2,Naive,4.48824370292774,4.87951076911794,5.24988205320471,5.60851580165813,5.95728222579708,5.62419799531336
2025-01-20,2025-02-03,2,Naive,4.6976570070948,5.09641208481429,5.45990869274494,5.81751330273003,6.16625592400235,5.72652196162569
2025-01-27,2025-02-10,2,Naive,4.84979245483798,5.25603554408676,5.61265747586128,5.97039980393137,6.31795176578374,5.3963511068194
2025-02-03,2025-02-17,2,Naive,4.95224051010714,5.35878631656436,5.7163707951205,6.07243205610537,6.4199602150911,5.29325457220558
2025-02-10,2025-02-24,2,Naive,4.62219374425768,5.02904226792333,5.38481058736732,5.74196948716075,6.08947384327985,4.85981240436167
2025-02-17,2025-03-03,2,Naive,4.51922129860069,4.91748002049286,5.28097662842351,5.6385812384086,5.98606179166107,4.78222791310695
2025-02-24,2025-03-10,2,Naive,4.08590321971361,4.46120155119059,4.8467970362496,5.20484735642636,5.55230410681219,4.51426031062825
2025-03-03,2025-03-17,2,Naive,4.00844281741572,4.38297076420511,4.76914582111196,5.12426947230578,5.47440409855251,4.17914516391457
2025-03-10,2025-03-24,2,Naive,3.74059930389385,4.11521859363666,4.50111149475034,4.85330847696121,5.20612097906885,3.80332358850481
2025-03-17,2025-03-31,2,Naive,3.405608246137,3.77907008719443,4.16439618697485,4.51519993738167,4.8706903153502,3.81374843615981
2025-03-24,2025-04-07,2,Naive,3.02991075968407,3.40144102406054,3.78697445050328,4.13638496910604,4.49455322293548,3.39819287264186
2025-03-31,2025-04-14,2,Naive,3.042701758695,3.41246836762358,3.7900406480184,4.14570430631531,4.50435634777607,3.37108175775753
2025-04-07,2025-04-21,2,Naive,2.62951234653297,2.99468623248825,3.36712643436057,3.72904323235162,4.08817906144371,3.2092294478164
2025-04-14,2025-04-28,2,Naive,2.60476738300457,2.96523211947611,3.33980255656319,3.70082660702156,4.06044622374498,3.24649099190117
2025-09-29,2025-10-13,2,Naive,2.76035692731718,3.11762032135,3.48987550970219,3.84806221322543,4.21006001971691,3.54443154974806
2025-10-06,2025-10-20,2,Naive,2.54640292789887,2.9036663219317,3.27592151028389,3.63410821380713,3.99610602029861,3.34286180464919
2025-10-13,2025-10-27,2,Naive,2.78521562906288,3.14092490959445,3.51293958564067,3.86803863866406,4.23193084729228,3.58823004596401
2025-10-20,2025-11-03,2,Naive,2.58601203531994,2.94016720235025,3.31158260345485,3.66395276861405,4.029739379379,3.57878553131686
2025-10-27,2025-11-10,2,Naive,2.83374642799069,3.18634748151974,3.55716360768272,3.90680488497772,4.27448589787942,4.0683427596831
2025-11-03,2025-11-17,2,Naive,2.82666806469946,3.17750546278063,3.55507774317545,3.89690690239665,4.26441966041786,4.10082352831981
2025-11-10,2025-11-24,2,Naive,3.31859144442163,3.66766518705492,4.05199362168157,4.3919498485991,4.75335516596969,4.09634256488477
2025-11-17,2025-12-01,2,Naive,3.35154890645771,3.70074845159967,4.08607455138009,4.43056837758384,4.7855648027028,4.59895088617417
2025-11-24,2025-12-08,2,Naive,3.34754463642205,3.69686998407267,4.08319374900686,4.42498190370306,4.78081270736415,5.11421422367165
2025-12-01,2025-12-15,2,Naive,3.85062965111082,4.19969373727233,4.58586879417918,4.93090675632967,5.28314989674995,5.3018610801714
2025-12-08,2025-12-22,2,Naive,4.36636968200767,4.71517250668006,5.10119885555958,5.45326239000461,5.80295696684469,4.49569008536927
2025-12-15,2025-12-29,2,Naive,4.5544932319068,4.90303479509007,5.28958313638933,5.64718774637442,5.99466829962689,4.5921862584298
2025-12-22,2026-01-05,2,Naive,3.74879893050404,4.09621750455717,4.4826747172572,4.84072503743396,5.18818178781979,5.3198831444626
2025-12-29,2026-01-12,2,Naive,3.84577179696394,4.19090618989357,4.57910416643481,4.93422781762863,5.28436244387536,5.01708114157965
2026-01-05,2026-01-19,2,Naive,4.57394537639611,4.91920557183442,5.30686777635053,5.66550152480395,6.01495099503582,5.13855932816283
2026-01-12,2026-01-26,2,Naive,4.27162006691254,4.61700606485951,5.00480319779758,5.3670576415423,5.71180746910641,5.02847521222459
2026-01-19,2026-02-02,2,Naive,4.39357494689509,4.73908674735073,5.12554396005076,5.48476113678084,5.83294413264313,4.88944646530504
2026-01-26,2026-02-09,2,Naive,4.28362050075265,4.62921806332275,5.01619726844252,5.37438530670427,5.72254449969993,4.41920198827394
2026-02-02,2026-02-16,2,Naive,4.1447214236289,4.49040474831345,4.87643109719297,5.23506484564639,5.58320023577542,4.12033714249635
2026-02-09,2026-02-23,2,Naive,3.6746066163936,4.0191269115538,4.40611989627895,4.76452865447696,5.11264024173935,3.96024157769862
2026-02-16,2026-03-02,2,Naive,3.37249260083237,3.71845457805208,4.10718832661844,4.46537209456104,4.8134598789568,3.83254680392635
2026-02-23,2026-03-09,2,Naive,3.21287372943402,3.55592289969034,3.9454926007589,4.30228313689745,4.65304879715411,3.5004392163118
2026-03-02,2026-03-16,2,Naive,3.08565564906112,3.42904016377274,3.81619766592482,4.17159497025931,4.52503850637687,3.23553626576131
2026-03-09,2026-03-23,2,Naive,2.75402475484594,3.09458957803038,3.47673142817039,3.8364939897789,4.19261540175736,2.98921105656373
2026-03-16,2026-03-30,2,Naive,2.48959849769482,2.82752986022448,3.20446982748002,3.56859764636254,3.92739693420191,2.95178038602481
2026-03-23,2026-04-06,2,Naive,2.24374998189662,2.58062948878484,2.95793185536939,3.32116692671923,3.68075620799936,2.98618686071046
2026-03-30,2026-04-13,2,Naive,2.20679600475707,2.54339053899327,2.92028842191742,3.28263074573457,3.64301002045548,2.99172425215645
2026-04-06,2026-04-20,2,Naive,2.24133214923852,2.57798873442628,2.95490765951612,3.31593170997449,3.67679477232672,2.53131302260216
2026-04-13,2026-04-27,2,Naive,2.24699921048031,2.58371784661962,2.96065781387516,3.32036359097474,3.6817104409583,2.64546532591059
2023-10-02,2023-10-23,3,Naive,2.25045960829883,2.89167806287142,3.47507585837458,4.07272798943836,4.53614731566151,4.0926765051214
2023-10-09,2023-10-30,3,Naive,2.39776797610808,3.03898643068066,3.62238422618382,4.2200363572476,4.68345568347075,3.82624722840674
2023-10-16,2023-11-06,3,Naive,2.5630380097103,3.20425646428289,3.78765425978605,4.38530639084983,4.84872571707298,4.27402374212223
2023-10-23,2023-11-13,3,Naive,2.83285248561724,3.4750368770696,4.06631394691149,4.66028491555972,5.11285530451532,4.29796544704745
2023-10-30,2023-11-20,3,Naive,2.56828185671347,3.20889258959692,3.80047909661029,4.39151473997378,4.84259978714696,4.35606759550379
2023-11-06,2023-11-27,3,Naive,3.01791701823984,3.65695409255439,4.24885003673924,4.83695035481799,5.28655006020874,4.40354347813613
2023-11-13,2023-12-04,3,Naive,3.04926510395194,3.6811807867216,4.2792710185618,4.85855116087193,5.30988380987964,4.34730578194549
2023-11-20,2023-12-11,3,Naive,3.11477363319516,3.73956792441992,4.34385244391548,4.91431241045699,5.36737800308165,4.46083781509817
2023-11-27,2023-12-18,3,Naive,3.16965589661438,3.78744163698696,4.39211883413618,4.95777621521687,5.41424593045966,4.59552380893629
2023-12-04,2023-12-25,3,Naive,3.12082458121062,3.73160177073102,4.33667164553389,4.89752644115377,5.3574002790147,4.22009576752766
2023-12-11,2024-01-01,3,Naive,3.24176299515019,3.84553163381841,4.45238133373298,5.00704639643399,5.47032435691306,4.28757858313017
2023-12-18,2024-01-08,3,Naive,3.38385536977519,3.98061545759123,4.58924498261751,5.13772031239965,5.60440239549685,4.73400305783106
2023-12-25,2024-01-15,3,Naive,3.01583370915344,3.60551586680437,4.21163928616247,4.76129251001007,5.2283663988339,4.86283109932786
2024-01-01,2024-01-22,3,Naive,3.09072290554283,3.67332713302864,4.27694444671857,4.82777556463163,5.29524125918208,4.87489193306288
2024-01-08,2024-01-29,3,Naive,3.5445537610306,4.1200800583513,4.72554657646587,5.27320027835156,5.74105777862865,4.97990113472639
2024-01-15,2024-02-05,3,Naive,3.68078818331428,4.24923655046987,4.85655227300908,5.40502760279122,5.86927786487112,4.90215881776017
2024-01-22,2024-02-12,3,Naive,3.69339555706908,4.26132468323853,4.87050024238185,5.42912467014362,5.8796071304725,4.54425177101868
2024-01-29,2024-02-19,3,Naive,3.79895129875236,4.36636118393568,4.97739657968311,5.53012179393467,5.98288476400238,4.53399636653357
2024-02-05,2024-02-26,3,Naive,3.72175552180592,4.2886461660031,4.90036098644736,5.44836739909599,5.90341087890252,4.29114413819671
2024-02-12,2024-03-04,3,Naive,3.3643950150842,3.93076641829525,4.5417472159754,5.08644827448204,5.54377226402739,4.16945203470891
2024-02-19,2024-03-11,3,Naive,3.35468615061887,3.92557296781228,4.52960467585254,5.07519310901598,5.53178529140865,3.98192213280781
2024-02-26,2024-03-18,3,Naive,3.11238046230178,3.67889412205327,4.28486531187793,4.83134111969817,5.28720149493815,3.9471970804358
2024-03-04,2024-03-25,3,Naive,2.99123489883376,3.55781968685546,4.16099555334372,4.70864925522941,5.16377782331671,3.73169945129686
2024-03-11,2024-04-01,3,Naive,2.80425153695243,3.37090745324435,3.97128799639621,4.52011959234736,4.97451635328197,3.85608737309784
2024-03-18,2024-04-08,3,Naive,2.7700730246002,3.34062668658449,3.93577243643585,4.48330026686473,4.93805973277633,3.40485734249364
2024-03-25,2024-04-15,3,Naive,2.55512193548103,3.1295733431577,3.71948429970855,4.26570836461516,4.72083053550375,3.40684805317097
2024-04-01,2024-04-22,3,Naive,2.68040709284809,3.25840555067082,3.83739294461219,4.38800201330552,4.84502974107826,3.36141651165031
2024-04-08,2024-04-29,3,Naive,2.23007429780996,2.81161980577877,3.37968363711065,3.93467770959069,4.39361099424758,2.95021175825218
2024-04-15,2024-05-06,3,Naive,2.23296224405337,2.81378997288828,3.38107992137452,3.93508896263995,4.39541298869844,3.54008938052877
2024-09-30,2024-10-21,3,Naive,2.49824765780209,3.07692204923531,3.64307920201155,4.19294429680624,4.65744054706951,3.83341260484623
2024-10-07,2024-10-28,3,Naive,2.46823246797504,3.04690685940826,3.6130640121845,4.16292910697919,4.62742535724246,3.76560898697261
2024-10-14,2024-11-04,3,Naive,2.4671812195208,3.04585561095402,3.61201276373026,4.16187785852495,4.62637410878822,3.83384522436412
2024-10-21,2024-11-11,3,Naive,2.66311573799294,3.24262097536144,3.80764447304978,4.35681787092473,4.8212226754678,4.04882404692029
2024-10-28,2024-11-18,3,Naive,2.5962093556854,3.17654543898918,3.74043528158962,4.28891698254484,4.75323034136771,4.08378904828258
2024-11-04,2024-11-25,3,Naive,2.66534282864298,3.24650975788204,3.81515079587847,4.35705594943008,4.82127786253274,3.89914037959713
2024-11-11,2024-12-02,3,Naive,2.88121888676523,3.46321666193957,4.03660889533198,4.57193750147997,5.03606796886244,4.21049663895813
2024-11-18,2024-12-09,3,Naive,2.91732619009407,3.50020737521656,4.07236440428263,4.60475050938344,5.06821299062712,4.29278550089594
2024-11-25,2024-12-16,3,Naive,2.73381982337516,3.3175844184458,3.88850624318553,4.41794984723916,4.88074434234406,4.40133894570625
2024-12-02,2024-12-23,3,Naive,3.04631838470271,3.6309663897215,4.20204015759294,4.72715411314134,5.18928062210746,4.03229183781909
2024-12-09,2024-12-30,3,Naive,3.12974954860707,3.71528096357401,4.28650667457716,4.80729098162033,5.26874950444766,4.93425808249849
2024-12-16,2025-01-06,3,Naive,3.23944529538393,3.82671119743701,4.39694725502522,4.91443618078582,5.37448296966036,5.19689353641007
2024-12-23,2025-01-13,3,Naive,2.87154048946331,3.46054087860254,4.02601301150031,4.54398082725384,5.00261588217559,5.26289742131678
2024-12-30,2025-01-20,3,Naive,3.77464903610926,4.36538391233463,4.92986639181746,5.4509155566817,5.90176214725738,5.47218663652701
2025-01-06,2025-01-27,3,Naive,4.03842679198739,4.6308961552989,5.19438898136679,5.72000699096975,6.16157762157136,5.62419799531336
2025-01-13,2025-02-03,3,Naive,4.10557297886064,4.70038082705196,5.26109959000397,5.78630268739529,6.2503300594854,5.72652196162569
2025-01-20,2025-02-10,3,Naive,4.31600449603742,4.91315082910855,5.47109552894467,5.99884808836793,6.45943055846916,5.3963511068194
2025-01-27,2025-02-17,3,Naive,4.46817081348022,5.06864297474125,5.62311335791202,6.14927998952621,6.6086219376579,5.29325457220558
2025-02-03,2025-02-24,3,Naive,4.570649738449,5.17444772789993,5.72544379440535,6.25002449821047,6.70812592437262,4.85981240436167
2025-02-10,2025-03-03,3,Naive,4.24063384229915,4.84671049703954,5.39526646941806,5.9197563728979,6.37513508996873,4.78222791310695
2025-02-17,2025-03-10,3,Naive,4.13769226634178,4.74604758637162,5.29216346462324,5.81656256777781,6.2692185757573,4.51426031062825
2025-02-24,2025-03-17,3,Naive,3.70440505715432,4.30425738378956,4.85801457304886,5.38302312942763,5.83295642831578,4.17914516391457
2025-03-03,2025-03-24,3,Naive,3.62697552455605,4.21623053199578,4.77972335806367,5.30534136766663,5.75255195746345,3.80332358850481
2025-03-10,2025-03-31,3,Naive,3.3591628807338,3.93963256235901,4.50986861994722,5.03522177172911,5.48176437538715,3.81374843615981
2025-03-17,2025-04-07,3,Naive,3.02420269267656,3.59758920276324,4.17286633759579,4.69795463155661,5.14382924907586,3.39819287264186
2025-03-24,2025-04-14,3,Naive,2.64853607592325,3.21598812202273,3.79486710713962,4.31998106268802,4.76518769406849,3.37108175775753
2025-03-31,2025-04-21,3,Naive,2.6591158822347,3.22122872517366,3.80311429974821,4.3282539168842,4.77279256212588,3.2092294478164
2025-04-07,2025-04-28,3,Naive,2.2463778746114,2.80513479235917,3.38676822864191,3.91129010772143,4.35609917145551,3.24649099190117
2025-04-14,2025-05-05,3,Naive,2.22208431562172,2.77820313390702,3.35886660616922,3.88277074719228,4.32785022941877,3.2699490950522
2025-09-29,2025-10-20,3,Naive,2.38139422490643,2.92888091907559,3.49617086756183,4.02914301449439,4.47529398956227,3.34286180464919
2025-10-06,2025-10-27,3,Naive,2.16744022548813,2.71492691965729,3.28221686814353,3.81518901507609,4.26133999014397,3.58823004596401
2025-10-13,2025-11-03,3,Naive,2.40388677529621,2.95137346946537,3.51866341795161,4.05163556488417,4.49778653995205,3.57878553131686
2025-10-20,2025-11-10,3,Naive,2.20513458609199,2.74998318079868,3.31649924643928,3.84839733677631,4.29507896770076,4.0683427596831
2025-10-27,2025-11-17,3,Naive,2.45332038330146,2.99553087854568,3.56246191416756,4.09209709508213,4.53930938186317,4.10082352831981
2025-11-03,2025-11-24,3,Naive,2.44669342454896,2.98626582033071,3.55361182593387,4.08098409742598,4.5287270400636,4.09634256488477
2025-11-10,2025-12-01,3,Naive,2.93906820880985,3.47755113019831,4.04964833119745,4.57554677481921,5.01714644127743,4.59895088617417
2025-11-17,2025-12-08,3,Naive,2.97436653334121,3.51175998033638,4.0886083767315,4.61155651857027,5.04848938276172,5.11421422367165
2025-11-24,2025-12-15,3,Naive,2.97066335134999,3.50900709840269,4.08491792088481,4.60941404683272,5.04361037309071,5.3018610801714
2025-12-01,2025-12-22,3,Naive,3.47404945408322,4.01334350119345,4.58831674976257,5.11345636689856,5.54582064814413,4.49569008536927
2025-12-08,2025-12-29,3,Naive,3.99009057302452,4.53063255060563,5.10575774230646,5.63100836902868,6.06984486818047,4.5921862584298
2025-12-15,2026-01-05,3,Naive,4.1785152109681,4.72030511902007,5.29558225385262,5.8221963242352,6.27782508372312,5.3198831444626
2025-12-22,2026-01-12,3,Naive,3.37312199760979,3.91615983613264,4.48723360400408,5.01463622418512,5.46883410932338,5.01708114157965
2025-12-29,2026-01-19,3,Naive,3.47039595211414,4.01468172110787,4.5815521220182,5.10974329199771,5.5625103027863,5.13855932816283
2026-01-05,2026-01-26,3,Naive,4.19887061959077,4.74525539619336,5.31142666309741,5.83667728981963,6.28738720922149,5.02847521222459
2026-01-12,2026-02-02,3,Naive,3.89684639815164,4.4453301823631,5.01080231526087,5.5365551864688,5.98176522674094,4.88944646530504
2026-01-19,2026-02-09,3,Naive,4.01910236617865,4.56968515799897,5.1341676374818,5.66038098396054,6.10042343372651,4.41920198827394
2026-01-26,2026-02-16,3,Naive,3.90979603168423,4.46247783111342,5.02219638590581,5.54986626843497,5.98751933819066,4.12033714249635
2026-02-02,2026-02-23,3,Naive,3.77359608594454,4.32692987104022,4.88098998393985,5.4098790158548,5.84735276411869,3.96024157769862
2026-02-09,2026-03-02,3,Naive,3.3061804100933,3.84745102905739,4.40856785186234,4.93867603316309,5.37597045993518,3.83254680392635
2026-02-16,2026-03-09,3,Naive,3.01014436549557,3.54080689325972,4.10891249849639,4.63885268172488,5.07596778700517,3.5004392163118
2026-02-23,2026-03-16,3,Naive,2.8528776018777,3.3746341927179,3.94802642611031,4.47779861126653,4.91473439505503,3.23553626576131
2026-03-02,2026-03-23,3,Naive,2.72801162928529,3.24615356942048,3.8138523754407,4.34934094928338,4.78590179413034,2.98921105656373
2026-03-09,2026-03-30,3,Naive,2.39873284285059,2.91085176864493,3.47526551092881,4.01647047345795,4.45265637936337,2.95178038602481
2026-03-16,2026-04-06,3,Naive,2.13665869347996,2.64283709834298,3.20976813396486,3.75080463469658,4.18661560166047,2.98618686071046
2026-03-23,2026-04-13,3,Naive,1.89316228546224,2.39597351984886,2.96284849835382,3.50371653728812,3.93915256531047,2.99172425215645
2026-03-30,2026-04-20,3,Naive,1.85856041610318,2.35872230574212,2.91471396878551,3.46580786715705,3.90058406761914,2.53131302260216
2026-04-06,2026-04-27,3,Naive,1.89579569196869,2.39330823685995,2.93841658444177,3.49973634225055,3.93385271515237,2.64546532591059
2026-04-13,2026-05-04,3,Naive,1.90180737536164,2.39902508473812,2.95465783491715,3.5047957341044,3.93899206036239,2.6159349121944
2023-10-02,2023-10-30,4,Naive,1.91911181348671,2.76593791246866,3.42547186783646,4.1502472393073,4.78215913014521,3.82624722840674
2023-10-09,2023-11-06,4,Naive,2.06642018129595,2.9132462802779,3.5727802356457,4.29755560711654,4.92946749795445,4.27402374212223
2023-10-16,2023-11-13,4,Naive,2.23169021489818,3.07851631388013,3.73805026924793,4.46282564071877,5.09473753155668,4.29796544704745
2023-10-23,2023-11-20,4,Naive,2.49964604299423,3.34647214197618,4.00600609734398,4.73078146881482,5.36269335965273,4.35606759550379
2023-10-30,2023-11-27,4,Naive,2.23484168816776,3.08045631436137,3.74027158429064,4.4630173977842,5.09582733772513,4.40354347813613
2023-11-06,2023-12-04,4,Naive,2.68424312377145,3.53095537970863,4.18862485086027,4.9069584050014,5.54316710622767,4.34730578194549
2023-11-13,2023-12-11,4,Naive,2.70980975058486,3.55761963626561,4.21314330863962,4.92706460342833,5.56667206593995,4.46083781509817
2023-11-20,2023-12-18,4,Naive,2.77152961211747,3.61844433635372,4.27948836629625,4.98133124538638,5.62146529693495,4.59552380893629
2023-11-27,2023-12-25,4,Naive,2.82262320782608,3.66864277061782,4.33520715812888,5.02497162152043,5.66563226210594,4.22009576752766
2023-12-04,2024-01-01,4,Naive,2.7700032247117,3.61259597467141,4.27907174464054,4.96823514140109,5.60608564845395,4.28757858313017
2023-12-11,2024-01-08,4,Naive,2.88715297094065,3.72631890806832,4.39270606049552,5.08126839062506,5.71630876414529,4.73400305783106
2023-12-18,2024-01-15,4,Naive,3.02545667785504,3.86119580215066,4.52890576276134,5.21545560053448,5.84768584052206,4.86283109932786
2023-12-25,2024-01-22,4,Naive,2.65364634952268,3.48595866098626,4.15196401292501,4.83952877519714,5.46894888165209,4.87489193306288
2024-01-01,2024-01-29,4,Naive,2.72474687820146,3.55581889549152,4.22096053695521,4.90612508284254,5.53312277979325,4.97990113472639
2024-01-08,2024-02-05,4,Naive,3.17478906597861,4.00462078909516,4.6688987200838,5.35166304958632,5.97623833703279,4.90215881776017
2024-01-15,2024-02-12,4,Naive,3.30723482055168,4.13582624949471,4.80041533104657,5.47960458312601,6.10175746106825,4.54425177101868
2024-01-22,2024-02-19,4,Naive,3.32291336736297,4.15026450213248,4.81516473424756,5.49432494073236,6.11050937734192,4.53399636653357
2024-01-29,2024-02-26,4,Naive,3.42944413897206,4.25592418120393,4.93051628509257,5.60083049418198,6.21042559555009,4.29114413819671
2024-02-05,2024-03-04,4,Naive,3.35322339195141,4.17883234164566,4.86311631730784,5.52258939328706,6.12759029512852,4.16945203470891
2024-02-12,2024-03-11,4,Naive,2.9968379151555,3.82157577231211,4.49486692138485,5.16418356261687,5.76459026493168,3.98192213280781
2024-02-19,2024-03-18,4,Naive,2.98810408061596,3.81197084523494,4.47426916771825,5.15342937420305,5.74924187699123,3.9471970804358
2024-02-26,2024-03-25,4,Naive,2.74677342222468,3.57128956524538,4.22872836991542,4.90969063790908,5.50129666519902,3.73169945129686
2024-03-04,2024-04-01,4,Naive,2.62660288868246,3.4461255585944,4.10434769696165,4.78711202646417,5.37451157825588,3.85608737309784
2024-03-11,2024-04-08,4,Naive,2.44059455672693,3.25924613410124,3.91530408663286,4.59869561660596,5.18188869289943,3.40485734249364
2024-03-18,2024-04-15,4,Naive,2.4073910743005,3.22517155913717,3.87906532583315,4.56308405627684,5.14207065707207,3.40684805317097
2024-03-25,2024-04-22,4,Naive,2.19341501510713,3.01184487834553,3.66346541399191,4.34725795785242,4.92148004447779,3.36141651165031
2024-04-01,2024-04-29,4,Naive,2.31932450685369,3.1384037484938,3.78775105309059,4.47131741036792,5.04077498282342,2.95021175825218
2024-04-08,2024-05-06,4,Naive,1.86921665190304,2.6893446662369,3.3282781132861,4.01975891047823,4.58850905371253,3.54008938052877
2024-04-15,2024-05-13,4,Naive,1.87232953823393,2.69350632526152,3.32202591476314,4.02142115187008,4.58946386588317,3.07731226054641
2024-09-30,2024-10-28,4,Naive,2.13941194789863,2.95610003231201,3.58346611610536,4.28392101739364,4.84791397890691,3.76560898697261
2024-10-07,2024-11-04,4,Naive,2.10939675807158,2.92608484248496,3.55345092627831,4.25390582756659,4.81789878907986,3.83384522436412
2024-10-14,2024-11-11,4,Naive,2.10834550961734,2.92503359403072,3.55239967782407,4.25285457911235,4.81684754062562,4.04882404692029
2024-10-21,2024-11-18,4,Naive,2.3033827925234,3.12007087693678,3.74743696073013,4.44789186201841,5.01188482353168,4.08378904828258
2024-10-28,2024-11-25,4,Naive,2.23670135030334,3.05251246548819,3.68021009571065,4.37821312003018,4.94304530715137,3.89914037959713
2024-11-04,2024-12-02,4,Naive,2.3060597633484,3.12099390930474,3.74902308595629,4.44457423330707,5.0102456460362,4.21049663895813
2024-11-11,2024-12-09,4,Naive,2.52216076155813,3.33621793828594,3.97224481771275,4.65767793174863,5.22418857008568,4.29278550089594
2024-11-18,2024-12-16,4,Naive,2.55824793857397,3.37142814607326,4.01545272827533,4.6907678089963,5.25811767294128,4.40133894570625
2024-11-25,2024-12-23,4,Naive,2.37551560431214,3.18710105943006,3.83090634229218,4.49869851256477,5.07147827219152,4.03229183781909
2024-12-02,2024-12-30,4,Naive,2.68878819809676,3.4987789008333,4.14236488435548,4.80263414417968,5.3808437994882,4.93425808249849
2024-12-09,2025-01-06,4,Naive,2.7729933944582,3.58138934481336,4.22616745472098,4.87750237837141,5.4611419293617,5.19689353641007
2024-12-16,2025-01-13,4,Naive,2.88346317369213,3.69026437166592,4.33623460795899,4.97863519543564,5.5677046421077,5.26289742131678
2024-12-23,2025-01-20,4,Naive,2.51633240022859,3.32205422401106,3.9698760695378,4.60679460446521,5.19666680215622,5.47218663652701
2024-12-30,2025-01-27,4,Naive,3.42021497933161,4.22485742892276,4.87453088368317,5.52639558772004,6.09664231477131,5.62419799531336
2025-01-06,2025-02-03,4,Naive,3.68476676766681,4.48832984306665,5.14750868677625,5.80574742123841,6.35728703661857,5.72652196162569
2025-01-13,2025-02-10,4,Naive,3.75268698699715,4.55517068820566,5.22385492086445,5.87737667848896,6.42130018946097,5.3963511068194
2025-01-20,2025-02-17,4,Naive,3.963892536631,4.76741108901383,5.44142264169436,6.08673627484439,6.6475511596924,5.29325457220558
2025-01-27,2025-02-24,4,Naive,4.11782022984097,4.92237363339812,5.60171250610039,6.23942803258344,6.79852661997206,4.85981240436167
2025-02-03,2025-03-03,4,Naive,4.22063712347962,5.02764878530839,5.70762356506699,6.34142352961028,6.89885985422008,4.78222791310695
2025-02-10,2025-03-10,4,Naive,3.89095919599965,4.70042911610004,5.38103980291496,6.01092420551851,6.56669826734947,4.51426031062825
2025-02-17,2025-03-17,4,Naive,3.78835558871214,4.59912383003364,5.27435617564688,5.90780421052296,6.46161100067134,4.17914516391457
2025-02-24,2025-03-24,4,Naive,3.35540634819455,4.15798804244643,4.8373269151487,5.47433858229732,6.02617810076312,3.80332358850481
2025-03-03,2025-03-31,4,Naive,3.27831478426615,4.07366421976353,4.7514639182743,5.39673063066086,5.94660287744408,3.81374843615981
2025-03-10,2025-04-07,4,Naive,3.01084010911377,3.80318573658792,4.47521781017592,5.12873956780043,5.67664454290107,3.39819287264186
2025-03-17,2025-04-14,4,Naive,2.67621788972641,3.4671058437475,4.12976031428074,4.79174929697214,5.33953866412307,3.37108175775753
2025-03-24,2025-04-21,4,Naive,2.30088924164296,3.09047227344542,3.74359638968949,4.41405259744776,4.961726356649,3.2092294478164
2025-03-31,2025-04-28,4,Naive,2.31180701662428,3.09823575990307,3.75133266787852,4.42260232098815,4.97016047223969,3.24649099190117
2025-04-07,2025-05-05,4,Naive,1.89674438043265,2.67616735134323,3.3330885348946,4.00517163335558,4.55261417665742,3.2699490950522
2025-04-14,2025-05-12,4,Naive,1.87043421491212,2.64710480423507,3.30446371158258,3.97063989072517,4.520349345354,2.74534598584591
2025-09-29,2025-10-27,4,Naive,2.02449525396807,2.80208442640695,3.44535977015074,4.09644176600439,4.65059172127837,3.58823004596401
2025-10-06,2025-11-03,4,Naive,1.81054125454977,2.58813042698865,3.23140577073244,3.8824877665861,4.43663772186007,3.57878553131686
2025-10-13,2025-11-10,4,Naive,2.04698780435785,2.82457697679673,3.46785232054052,4.11893431639417,4.67308427166815,4.0683427596831
2025-10-20,2025-11-17,4,Naive,1.84541805925898,2.62300723169786,3.26628257544165,3.91736457129531,4.47151452656928,4.10082352831981
2025-10-27,2025-11-24,4,Naive,2.09158724993759,2.87054642135997,3.51989372595676,4.15993932952685,4.711729051465,4.09634256488477
2025-11-03,2025-12-01,4,Naive,2.08294368465424,2.86327285506012,3.51055149401191,4.14770133179643,4.69713082039876,4.59895088617417
2025-11-10,2025-12-08,4,Naive,2.57330186238428,3.35500103177365,4.00021100508045,4.63446507707939,5.1815343323459,5.11421422367165
2025-11-17,2025-12-15,4,Naive,2.60658358038479,3.38772700683539,4.03420548214486,4.67532629496593,5.20886138456352,5.3018610801714
2025-11-24,2025-12-22,4,Naive,2.60290356631355,3.38349124982538,4.03123822713751,4.66805184844761,5.19922670470938,4.49569008536927
2025-12-01,2025-12-29,4,Naive,3.10588048051126,3.88634477753982,4.53653511789288,5.18366776364964,5.70085640788454,4.5921862584298
2025-12-08,2026-01-05,4,Naive,3.62151241091705,4.40185332146233,5.05448702485633,5.72119298438537,6.21514112726778,5.3198831444626
2025-12-15,2026-01-12,4,Naive,3.80952786032511,4.58982176000433,5.25247623053758,5.91446521322897,6.44082123492968,5.01708114157965
2025-12-22,2026-01-19,4,Naive,3.00372545843129,3.78397234724444,4.45664758491694,5.10641909431222,5.62949652370845,5.13855932816283
2025-12-29,2026-01-26,4,Naive,3.10059022440013,3.88079010234722,4.56142226359715,5.20104014325814,5.72083898034989,5.02847521222459
2026-01-05,2026-02-02,4,Naive,3.82865570334124,4.60880857042227,5.29739765524963,5.92686190517632,6.44338214996359,4.88944646530504
2026-01-12,2026-02-09,4,Naive,3.5262222933666,4.30684352777162,4.986317146747,5.61663927454729,6.13542643066155,4.41920198827394
2026-01-19,2026-02-16,4,Naive,3.64806907285809,4.4291586745871,5.11607383894986,5.74928833710578,6.25175090082563,4.12033714249635
2026-01-26,2026-02-23,4,Naive,3.53835354982816,4.31991151888117,5.00957681566589,5.63732909705293,6.1365130684683,3.96024157769862
2026-02-02,2026-03-02,4,Naive,3.39969339581692,4.18171973219392,4.86696097609207,5.49642522601876,5.99233060512965,3.83254680392635
2026-02-09,2026-03-09,4,Naive,2.93033927816872,3.71442644076076,4.38843799344129,5.01876012124158,5.52110750998431,3.5004392163118
2026-02-16,2026-03-16,4,Naive,2.63236479177403,3.41093648892062,4.08129464204402,4.7124746477179,5.22126404609248,3.23553626576131
2026-02-23,2026-03-23,4,Naive,2.47315958635921,3.24884542161604,3.91085672806479,4.54495845517409,5.0601898631805,2.98921105656373
2026-03-02,2026-03-30,4,Naive,2.34635517196984,3.12018590171703,3.77281960511103,4.40984305365574,4.93151647129399,2.95178038602481
2026-03-09,2026-04-06,4,Naive,2.01513794373819,2.78734269482738,3.43802344803051,4.07494198295792,4.5984302655652,2.98618686071046
2026-03-16,2026-04-13,4,Naive,1.7511253525706,2.51785264115727,3.17043192801405,3.80724554932415,4.33254869690047,2.99172425215645
2026-03-23,2026-04-20,4,Naive,1.50569050275592,2.26653505785716,2.92259301038878,3.5581268570433,4.08524486958865,2.53131302260216
2026-03-30,2026-04-27,4,Naive,1.46915019159991,2.22715295509441,2.88364863142216,3.5179027034211,4.04683558093548,2.64546532591059
2026-04-06,2026-05-04,4,Naive,1.50444702566846,2.262209907188,2.91795282340551,3.54318570506158,4.08026343750689,2.6159349121944
2026-04-13,2026-05-11,4,Naive,1.51087477649735,2.26839777604194,2.9233879321492,3.53959962346241,4.08482221083864,2.67896462020711
2023-10-02,2023-10-09,1,Quantile forest,3.10521379641517,3.31908861216763,3.49850022908569,3.69697516200198,3.91016054079759,3.65945064342312
2023-10-09,2023-10-16,1,Quantile forest,3.43453874505217,3.56617863878109,3.7122278892475,3.85959873631262,4.12007752269676,3.82472067702535
2023-10-16,2023-10-23,1,Quantile forest,3.5998087786544,3.76335173064906,3.94353188584434,4.03836470494835,4.1757399910781,4.0926765051214
2023-10-23,2023-10-30,1,Quantile forest,3.87041228557175,3.98697923243059,4.17526611322705,4.34233484046922,4.43644804422423,3.82624722840674
2023-10-30,2023-11-06,1,Quantile forest,3.60398300885709,3.72054995571593,3.91491556058874,4.07590556375456,4.35364018923035,4.27402374212223
2023-11-06,2023-11-13,1,Quantile forest,3.94481760721224,4.06678203909814,4.27830368841934,4.44495736202387,4.67002505719944,4.29796544704745
2023-11-13,2023-11-20,1,Quantile forest,4.02057551917964,4.12161881342602,4.28866845968828,4.48104601716058,4.60824560232534,4.35606759550379
2023-11-20,2023-11-27,1,Quantile forest,4.07121437925249,4.17972096188236,4.39478782554141,4.580522521249,4.83636481960376,4.40354347813613
2023-11-27,2023-12-04,1,Quantile forest,4.18127925858648,4.26461355947542,4.45101936076847,4.61718750605913,4.8838407022361,4.34730578194549
2023-12-04,2023-12-11,1,Quantile forest,4.13389385536533,4.29106808575485,4.39478166457783,4.59094677325868,4.83838732348666,4.46083781509817
2023-12-11,2023-12-18,1,Quantile forest,4.0652342079905,4.40460011890753,4.62662567610371,5.00563429506892,5.21788741336199,4.59552380893629
2023-12-18,2023-12-25,1,Quantile forest,4.16054680180181,4.5012066677387,4.68419214111829,4.8199787346815,5.08660535047746,4.22009576752766
2023-12-25,2024-01-01,1,Quantile forest,4.02473440558157,4.17291922170861,4.46171939831997,4.70563543500785,5.00855312789193,4.28757858313017
2024-01-01,2024-01-08,1,Quantile forest,3.95151415606755,4.1317799011321,4.32501329794942,4.44022858737191,4.76787580723014,4.73400305783106
2024-01-08,2024-01-15,1,Quantile forest,4.43848029118763,4.57131565728784,4.7921052062874,4.96305646538487,5.11128398599643,4.86283109932786
2024-01-15,2024-01-22,1,Quantile forest,4.61256005773786,4.75161509915933,4.95149943150986,4.9929473310026,5.20660263843069,4.87489193306288
2024-01-22,2024-01-29,1,Quantile forest,4.6062066728113,4.71220453251966,4.84648356902215,4.96356026524488,5.09746539143651,4.97990113472639
2024-01-29,2024-02-05,1,Quantile forest,4.63715928509159,4.72693698043596,4.82674112563895,5.01733584954564,5.13255113896813,4.90215881776017
2024-02-05,2024-02-12,1,Quantile forest,4.63347355750859,4.66867570152814,4.77528046912313,4.89834881346359,5.1088168617846,4.54425177101868
2024-02-12,2024-02-19,1,Quantile forest,4.03233578323571,4.18558464936026,4.32493606076062,4.53359291509258,4.75569497496497,4.53399636653357
2024-02-19,2024-02-26,1,Quantile forest,4.10616896700488,4.2791869735469,4.39079090761548,4.52374096204846,4.68664637077531,4.29114413819671
2024-02-26,2024-03-04,1,Quantile forest,3.77134269710223,3.93247701653829,4.07182842793865,4.24260384284745,4.33637704044013,4.16945203470891
2024-03-04,2024-03-11,1,Quantile forest,3.65753604692594,3.79590844256744,3.9740354390138,4.06098194858205,4.18804594146057,3.98192213280781
2024-03-11,2024-03-18,1,Quantile forest,3.52862404637019,3.60837854066634,3.81699078342808,3.93338183745855,4.00051603955947,3.9471970804358
2024-03-18,2024-03-25,1,Quantile forest,3.26160559854907,3.51381780850573,3.58514638158668,3.78808096246419,3.91247202806379,3.73169945129686
2024-03-25,2024-04-01,1,Quantile forest,3.2763036324702,3.39784267490429,3.56575678658695,3.6831591559476,3.72697019206856,3.85608737309784
2024-04-01,2024-04-08,1,Quantile forest,3.3357127310121,3.47112303086436,3.67376581630388,3.82188329532698,3.98967912121624,3.40485734249364
2024-04-08,2024-04-15,1,Quantile forest,2.94387215799984,3.18308431023526,3.33769320819952,3.589328859804,3.86565958831687,3.40684805317097
2024-04-15,2024-04-22,1,Quantile forest,2.85915584547073,3.01169433316825,3.22452649637701,3.35715949079373,3.45208095541439,3.36141651165031
2024-09-30,2024-10-07,1,Quantile forest,3.44452986185051,3.53051184156075,3.73571488717124,3.88193612367627,4.02046107427421,3.63942657039441
2024-10-07,2024-10-14,1,Quantile forest,3.489797375286,3.62578452386622,3.74954894851017,3.85192093384922,4.06028356227015,3.63837532194017
2024-10-14,2024-10-21,1,Quantile forest,3.26464328487198,3.54174458299715,3.70155819642341,3.83852341482967,4.05597458051245,3.83341260484623
2024-10-21,2024-10-28,1,Quantile forest,3.5867086775781,3.77204365846994,3.91337625176154,4.05786753059144,4.22941391992344,3.76560898697261
2024-10-28,2024-11-04,1,Quantile forest,3.6159797918642,3.76455773851837,3.87914102012529,3.9776519933078,4.2133855006881,3.83384522436412
2024-11-04,2024-11-11,1,Quantile forest,3.61070167304991,3.82020317783593,3.96189936267157,4.03399331725362,4.22984653944133,4.04882404692029
2024-11-11,2024-11-18,1,Quantile forest,3.76397083066899,3.99258635072965,4.21409408052252,4.52912127102026,4.53990558846146,4.08378904828258
2024-11-18,2024-11-25,1,Quantile forest,3.86152482873293,4.07449206092341,4.13126493091492,4.24905908188481,4.54441592755622,3.89914037959713
2024-11-25,2024-12-02,1,Quantile forest,3.71348666205261,3.90342032589424,4.01267241274981,4.09417766250319,4.25581532353586,4.21049663895813
2024-12-02,2024-12-09,1,Quantile forest,3.9969607335196,4.18048144913108,4.33932468045493,4.48167881672074,4.65692111365902,4.29278550089594
2024-12-09,2024-12-16,1,Quantile forest,4.07937357431578,4.19951349625391,4.37507436283375,4.50482850723113,4.77832516837613,4.40133894570625
2024-12-16,2024-12-23,1,Quantile forest,3.77615555390962,3.96636193857177,4.29833856631534,4.44005917574387,4.62495247527367,4.03229183781909
2024-12-23,2024-12-30,1,Quantile forest,3.85594520419766,4.05330311603168,4.0997746534216,4.42110057109958,4.5596847986427,4.93425808249849
2024-12-30,2025-01-06,1,Quantile forest,4.30907469070186,4.717956063001,5.0428115273088,5.18288823754838,5.69011349174743,5.19689353641007
2025-01-06,2025-01-13,1,Quantile forest,5.01081465874505,5.2088177969398,5.54006834712335,5.71189377373491,5.76588218208526,5.26289742131678
2025-01-13,2025-01-20,1,Quantile forest,5.07681854365176,5.15168142114825,5.2749582550518,5.37145086612709,5.50602463720064,5.47218663652701
2025-01-20,2025-01-27,1,Quantile forest,5.0318980055412,5.30949923598379,5.51090686656463,5.68147585173724,5.80188814296419,5.62419799531336
2025-01-27,2025-02-03,1,Quantile forest,5.35551273506178,5.45839917519371,5.54645567834714,5.72920719697687,5.84927596425366,5.72652196162569
2025-02-03,2025-02-10,1,Quantile forest,5.45783670137411,5.54774226699336,5.61809268250684,5.72271195732911,5.84533317044468,5.3963511068194
2025-02-10,2025-02-17,1,Quantile forest,5.03844406007791,5.09034391424174,5.24319109773196,5.39834181749673,5.63919995979901,5.29325457220558
2025-02-17,2025-02-24,1,Quantile forest,4.89152008162739,5.04029041791515,5.15004911328749,5.28259571627948,5.45776951035007,4.85981240436167
2025-02-24,2025-03-03,1,Quantile forest,4.35914651965481,4.51914853635725,4.66439580866656,4.79264827006755,4.90504530660509,4.78222791310695
2025-03-03,2025-03-10,1,Quantile forest,4.03617517646061,4.34325072441687,4.43872971941192,4.59990635631299,4.73253935072971,4.51426031062825
2025-03-10,2025-03-17,1,Quantile forest,3.82866882874152,4.14071671848678,4.31871201486319,4.38496906766675,4.47953525825624,4.17914516391457
2025-03-17,2025-03-24,1,Quantile forest,3.48999252246199,3.58104282905754,3.77271433868645,3.845288387522,4.04985392095307,3.80332358850481
2025-03-24,2025-03-31,1,Quantile forest,3.11417094705223,3.20522125364778,3.42750201309505,3.61302668714804,3.83023475503829,3.81374843615981
2025-03-31,2025-04-07,1,Quantile forest,2.91723290338656,3.12815695427308,3.43097912449096,3.63142687936585,3.79756030442574,3.39819287264186
2025-04-07,2025-04-14,1,Quantile forest,2.9427970538152,3.10284222223823,3.20789597128509,3.40861772029686,3.65032396082932,3.37108175775753
2025-04-14,2025-04-21,1,Quantile forest,2.916552850234,3.0362013020961,3.24961547668485,3.35489362602346,3.44429891085563,3.2092294478164
2025-09-29,2025-10-06,1,Quantile forest,3.29879544804407,3.3852761098826,3.50924352984964,3.71400917269001,3.78989482745433,3.30798499993998
2025-10-06,2025-10-13,1,Quantile forest,3.15835580483157,3.33881415795988,3.4610407709832,3.57726328466509,3.77355403211785,3.54443154974806
2025-10-13,2025-10-20,1,Quantile forest,3.32128799843385,3.44780081080504,3.66933206033819,3.75829624916668,3.99227626490623,3.34286180464919
2025-10-20,2025-10-27,1,Quantile forest,3.19323260954078,3.37369096266909,3.48323049295432,3.57930835445727,3.76356878797147,3.58823004596401
2025-10-27,2025-11-03,1,Quantile forest,3.3650864946498,3.38666030086514,3.66733001295546,3.79400326379301,4.06344202031689,3.57878553131686
2025-11-03,2025-11-10,1,Quantile forest,3.40160869418903,3.56948854395769,3.64702176870837,3.77382281422292,3.86689070510772,4.0683427596831
2025-11-10,2025-11-17,1,Quantile forest,3.82163883241497,3.94449124771129,4.09228446460832,4.2531756460712,4.46392541614915,4.10082352831981
2025-11-17,2025-11-24,1,Quantile forest,3.823433600452,3.92447689469838,4.11288436205483,4.28390409843294,4.4170563364846,4.09634256488477
2025-11-24,2025-12-01,1,Quantile forest,3.91169389619932,4.04010486869413,4.12882333352148,4.26213042589031,4.40769882424577,4.59895088617417
2025-12-01,2025-12-08,1,Quantile forest,4.26974475126418,4.54271318998353,4.75096224496052,4.91855086890706,5.16793953184936,5.11421422367165
2025-12-08,2025-12-15,1,Quantile forest,4.96587525203988,5.3075653841811,5.50975036251424,5.68320286934684,5.7399381475433,5.3018610801714
2025-12-15,2025-12-22,1,Quantile forest,4.6654281256415,4.73735172530025,5.15381278887844,5.52547460973882,5.81686131749624,4.49569008536927
2025-12-22,2025-12-29,1,Quantile forest,4.31934345174784,4.52982946822163,4.74782117355673,5.23086358840529,5.39765633004867,4.5921862584298
2025-12-29,2026-01-05,1,Quantile forest,4.26298012351981,4.52408728685675,4.70571829158248,5.03861073313069,5.34804166767874,5.3198831444626
2026-01-05,2026-01-12,1,Quantile forest,5.05119788421102,5.29147478042187,5.4487111859594,5.56352413577579,5.71541928330519,5.01708114157965
2026-01-12,2026-01-19,1,Quantile forest,4.69338863160484,4.9496832979658,5.17888344815184,5.46485765529514,5.62823158165083,5.13855932816283
2026-01-19,2026-01-26,1,Quantile forest,4.83575732527988,4.97587192761961,5.16201743131386,5.40156089985457,5.6188565522628,5.02847521222459
2026-01-26,2026-02-02,1,Quantile forest,4.69241078516197,4.87531520313715,5.06365665541482,5.27154534194963,5.48956578110804,4.88944646530504
2026-02-02,2026-02-09,1,Quantile forest,4.365063788506,4.53153941856355,4.72451511592531,4.87878760937894,4.93467936754846,4.41920198827394
2026-02-09,2026-02-16,1,Quantile forest,3.90728600049097,3.98511127420793,4.29750988478614,4.41447272904564,4.6631295790598,4.12033714249635
2026-02-16,2026-02-23,1,Quantile forest,3.60842115471338,3.76167002083793,3.90052908319597,4.01186705636949,4.13076199015135,3.96024157769862
2026-02-23,2026-03-02,1,Quantile forest,3.44832558991565,3.6015744560402,3.74551576342,3.86345429275129,3.97883548445028,3.83254680392635
2026-03-02,2026-03-09,1,Quantile forest,3.32063081614338,3.48980495429155,3.67245123912862,3.79642807077107,3.8680107602946,3.5004392163118
2026-03-09,2026-03-16,1,Quantile forest,2.98852322852883,3.15977534830738,3.30489092054674,3.46571416393979,3.5736563694099,3.23553626576131
2026-03-16,2026-03-23,1,Quantile forest,2.63743393090428,2.82223866400988,2.97063331521082,3.2008112133893,3.26244743229479,2.98921105656373
2026-03-23,2026-03-30,1,Quantile forest,2.43017321980752,2.6457128628687,2.74288584736615,2.95309232340845,3.01612222309721,2.95178038602481
2026-03-30,2026-04-06,1,Quantile forest,2.49871538096375,2.56681604379133,2.78992807608368,2.93559225429074,2.97869155255829,2.98618686071046
2026-04-06,2026-04-13,1,Quantile forest,2.57498210731233,2.71981677422103,2.94941215886336,3.02344840479523,3.1656451370944,2.99172425215645
2026-04-13,2026-04-20,1,Quantile forest,2.54652915954575,2.67876202303159,2.92759373532713,3.01031815890811,3.11647879560808,2.53131302260216
2023-10-02,2023-10-16,2,Quantile forest,3.22832786383234,3.46814305788555,3.63011178450257,3.82890324289189,4.15552794661476,3.82472067702535
2023-10-09,2023-10-23,2,Quantile forest,3.46713625012881,3.54917785795191,3.65817431906352,3.90696120381872,4.1425778026094,4.0926765051214
2023-10-16,2023-10-30,2,Quantile forest,3.63240628373104,3.68154077262645,3.82198607571553,4.05378181252457,4.35126595470691,3.82624722840674
2023-10-23,2023-11-06,2,Quantile forest,3.69406565195032,3.90300263331032,4.0914001807618,4.32173764062062,4.70763022198684,4.27402374212223
2023-10-30,2023-11-13,2,Quantile forest,3.4625813754173,3.63591322622485,3.82777377978813,4.09902170770742,4.38519710435112,4.29796544704745
2023-11-06,2023-11-20,2,Quantile forest,3.87541288895115,4.12688849445332,4.27189526587337,4.50308487762145,4.88897745898767,4.35606759550379
2023-11-13,2023-11-27,2,Quantile forest,3.97183802805539,4.12589875972313,4.42758983236334,4.76968366568816,4.91978784678546,4.40354347813613
2023-11-20,2023-12-04,2,Quantile forest,4.08288897901065,4.22279877344662,4.51650172167051,4.79256552758419,5.08227963802865,4.34730578194549
2023-11-27,2023-12-11,2,Quantile forest,4.23147679081181,4.34213945031182,4.57361128543878,4.91464135101596,5.12975552066099,4.46083781509817
2023-12-04,2023-12-18,2,Quantile forest,4.21473405805639,4.34602945758589,4.78380371402589,5.15445351525587,5.36291306337883,4.59552380893629
2023-12-11,2023-12-25,2,Quantile forest,4.05206452657192,4.26698044184205,4.51140047544388,4.74225569166912,5.15206744952884,4.22009576752766
2023-12-18,2024-01-01,2,Quantile forest,4.1004566488144,4.40320941564198,4.646086469282,4.80300334993728,5.2173462086743,4.28757858313017
2023-12-25,2024-01-08,2,Quantile forest,3.97935371995715,4.08752404363856,4.31125084088074,4.84191816726567,5.0138456693033,4.73400305783106
2024-01-01,2024-01-15,2,Quantile forest,3.87880529460392,4.10602453179482,4.27881676957187,4.51252964756999,5.03905798499275,4.86283109932786
2024-01-08,2024-01-22,2,Quantile forest,4.33539220465998,4.47473876636957,4.81105309069102,4.95895412227088,5.47261682472332,4.87489193306288
2024-01-15,2024-01-29,2,Quantile forest,4.5367036803358,4.62553797879925,4.91339375967357,5.07031064032885,5.41533311527956,4.97990113472639
2024-01-22,2024-02-05,2,Quantile forest,4.25866716570333,4.51541076582993,4.64492690284892,4.90868045151109,5.24516899116279,4.90215881776017
2024-01-29,2024-02-12,2,Quantile forest,4.31100689218129,4.5346652688785,4.74993610451243,4.97862481036679,5.18519126452793,4.54425177101868
2024-02-05,2024-02-19,2,Quantile forest,4.23326457521507,4.41386630854147,4.66486569723156,4.84272337296416,4.97920885062013,4.53399636653357
2024-02-12,2024-02-26,2,Quantile forest,3.87535752847358,4.06223809275035,4.33030401202911,4.55528059549124,4.88928672308337,4.29114413819671
2024-02-19,2024-03-04,2,Quantile forest,3.88538306570745,3.97861622921289,4.31203997193181,4.47456092173756,4.96801302885349,4.16945203470891
2024-02-26,2024-03-11,2,Quantile forest,3.2548454736147,3.54615975692897,3.80365085188046,4.05928227067312,4.4399534474162,3.98192213280781
2024-03-04,2024-03-18,2,Quantile forest,3.21268257819346,3.37539046669532,3.60663813075582,3.85121979876568,4.19764917252462,3.9471970804358
2024-03-11,2024-03-25,2,Quantile forest,2.9456234682258,3.18786056479422,3.51045276137702,3.66368989686458,3.77311745245896,3.73169945129686
2024-03-18,2024-04-01,2,Quantile forest,2.88629907977918,3.2783028378907,3.46518340216747,3.62896484449257,3.73839240008695,3.85608737309784
2024-03-25,2024-04-08,2,Quantile forest,2.79330783144252,3.15131851336827,3.40699161264025,3.48147676978591,3.59461079674632,3.40485734249364
2024-04-01,2024-04-15,2,Quantile forest,3.22845693423598,3.43500429770908,3.6730981852565,3.95483892007195,4.29010403541776,3.40684805317097
2024-04-08,2024-04-22,2,Quantile forest,2.67313329541029,3.03669489126704,3.15537165140556,3.29763406705225,3.52860919955702,3.36141651165031
2024-04-15,2024-04-29,2,Quantile forest,2.6333111353934,2.85146791585029,3.1303166284387,3.26975939862043,3.40925382818856,2.95021175825218
2024-09-30,2024-10-14,2,Quantile forest,3.51264268227761,3.57456769032374,3.76137925554714,3.98202016163293,4.10714717967376,3.63837532194017
2024-10-07,2024-10-21,2,Quantile forest,3.4338765853664,3.53904487145347,3.79830986672176,3.96751106276857,4.11710988631438,3.83341260484623
2024-10-14,2024-10-28,2,Quantile forest,3.32819342528369,3.48580335675127,3.70253546630955,3.89023359795712,4.10492702414594,3.76560898697261
2024-10-21,2024-11-04,2,Quantile forest,3.67661352690238,3.80057087980701,3.83493915622762,4.06247374034545,4.45279813507023,3.83384522436412
2024-10-28,2024-11-11,2,Quantile forest,3.60880990902876,3.75259361886054,3.94966257438637,4.09744397733262,4.35402976730498,4.04882404692029
2024-11-04,2024-11-18,2,Quantile forest,3.67704614642027,3.80267240462631,3.97156117522971,4.4870059665793,4.52507485879479,4.08378904828258
2024-11-11,2024-11-25,2,Quantile forest,3.94844234797935,4.04006223336199,4.1545442101274,4.35829347355697,4.71608164084039,3.89914037959713
2024-11-18,2024-12-02,2,Quantile forest,3.91172236095826,4.07502723472428,4.21341343359847,4.51701490998086,4.74855778969291,4.21049663895813
2024-11-25,2024-12-09,2,Quantile forest,3.72707369227281,3.86650536439233,4.06920818689978,4.33563831167753,4.56390912100746,4.29278550089594
2024-12-02,2024-12-16,2,Quantile forest,4.01663926570201,4.17943020067684,4.38056444626078,4.64699457103853,4.96197604082071,4.40133894570625
2024-12-09,2024-12-23,2,Quantile forest,3.79771834077405,4.023596354767,4.35007983785798,4.50129738994209,4.91460790063395,4.03229183781909
2024-12-16,2024-12-30,2,Quantile forest,4.09339371990013,4.1159253052291,4.39466424464742,4.56665998939913,4.91524623600965,4.93425808249849
2024-12-23,2025-01-06,2,Quantile forest,3.89972011392999,4.0828544981648,4.4259369591179,4.6541142375571,4.97032468557257,5.19689353641007
2024-12-30,2025-01-13,2,Quantile forest,4.49860871879078,4.75828087073758,5.10432588980114,5.67287184939075,6.08882243428615,5.26289742131678
2025-01-06,2025-01-20,2,Quantile forest,4.93762924494858,5.20137282721411,5.9605239287848,6.11190957085222,6.11190957085222,5.47218663652701
2025-01-13,2025-01-27,2,Quantile forest,4.97333167213652,5.12327305710752,5.27979157372882,5.42042886017339,5.77680471162018,5.62419799531336
2025-01-20,2025-02-03,2,Quantile forest,5.0365372728193,5.19523142971294,5.46568931181725,5.73785681474579,5.95239399098352,5.72652196162569
2025-01-27,2025-02-10,2,Quantile forest,5.00797322795381,5.26053214232392,5.44602011270181,5.6286772861174,5.83167753631435,5.3963511068194
2025-02-03,2025-02-17,2,Quantile forest,5.23822945240699,5.32704938081359,5.44956675481162,5.58957131777442,5.80357199448565,5.29325457220558
2025-02-10,2025-02-24,2,Quantile forest,4.80547728677011,4.9968785260073,5.11253669503786,5.25881390225626,5.36217117277427,4.85981240436167
2025-02-17,2025-03-03,2,Quantile forest,4.67702980484603,4.90770870115779,5.06139270468199,5.19926355194832,5.28244814196062,4.78222791310695
2025-02-24,2025-03-10,2,Quantile forest,3.79891440370505,4.08017134766717,4.30443226704099,4.6067047715397,4.80024000809916,4.51426031062825
2025-03-03,2025-03-17,2,Quantile forest,3.8254584565915,3.90633952986345,4.13361461228083,4.46399567716372,4.58933389181162,4.17914516391457
2025-03-10,2025-03-24,2,Quantile forest,3.30530622808119,3.63837192738475,4.01265501021793,4.19602807468502,4.2654127895608,3.80332358850481
2025-03-17,2025-03-31,2,Quantile forest,2.97019108136751,3.24279552591146,3.33802016263445,3.57606241472219,3.91833742832538,3.81374843615981
2025-03-24,2025-04-07,2,Quantile forest,2.73778447659508,2.92743520526131,3.08766822326978,3.24050968455172,3.48509135256158,3.39819287264186
2025-03-31,2025-04-14,2,Quantile forest,2.60479435361275,2.9504488013703,3.22790059954411,3.36450911623294,3.65567361787642,3.37108175775753
2025-04-07,2025-04-21,2,Quantile forest,2.47932481975341,2.82133077274252,3.08897086725296,3.33862047637935,3.52529337493609,3.2092294478164
2025-04-14,2025-04-28,2,Quantile forest,2.57702018974394,2.84663679479331,2.92841507935525,3.15713399876796,3.36523378787511,3.24649099190117
2025-09-29,2025-10-13,2,Quantile forest,3.36936703416938,3.49087256107699,3.58609914372766,3.75468262440151,3.95516486105656,3.54443154974806
2025-10-06,2025-10-20,2,Quantile forest,3.15118592199613,3.33266020321114,3.55792882385844,3.76631654008416,3.88389122906088,3.34286180464919
2025-10-13,2025-10-27,2,Quantile forest,3.38763247180421,3.51336511146677,3.6716652147805,3.85700995115953,3.98359798928897,3.58823004596401
2025-10-20,2025-11-03,2,Quantile forest,3.23258901917798,3.36753700792035,3.50174510097654,3.66990785558986,3.80941350685496,3.57878553131686
2025-10-27,2025-11-10,2,Quantile forest,3.43143096802016,3.5750812300861,3.71546371099645,3.90080844737548,4.06066578017836,4.0683427596831
2025-11-03,2025-11-17,2,Quantile forest,3.47840383237592,3.63838812968736,3.81470925798453,3.86200059126454,4.193030255182,4.10082352831981
2025-11-10,2025-11-24,2,Quantile forest,3.80684680499422,3.95107665347736,4.16892462344003,4.33716008167462,4.68329647654854,4.09634256488477
2025-11-17,2025-12-01,2,Quantile forest,3.92875684099549,4.09647380419334,4.23117189438421,4.54235357134877,4.8407238587091,4.59895088617417
2025-11-24,2025-12-08,2,Quantile forest,3.94377059969587,4.08758075132647,4.22596695020066,4.44254437350278,4.67159508108246,5.11421422367165
2025-12-01,2025-12-15,2,Quantile forest,4.29100566036805,4.60343017697821,4.78979319292229,5.21390460303961,5.51171107095219,5.3018610801714
2025-12-08,2025-12-22,2,Quantile forest,4.18614273498919,4.8288005831945,5.11869351447569,5.72916794053709,5.98337333426177,4.49569008536927
2025-12-15,2025-12-29,2,Quantile forest,4.57922513751051,5.04259678870991,5.52207963459591,6.04047484706366,6.21462126494942,4.5921862584298
2025-12-22,2026-01-05,2,Quantile forest,4.29014010034126,4.54625274571498,5.28943998714491,5.66029178396025,6.11111006948092,5.3198831444626
2025-12-29,2026-01-12,2,Quantile forest,4.28424103262368,4.41620904666889,4.71015576731849,5.16743877462749,5.46238098868846,5.01708114157965
2026-01-05,2026-01-19,2,Quantile forest,4.91110985593635,5.17019947713944,5.46077201969442,5.74835700655859,6.05849691135486,5.13855932816283
2026-01-12,2026-01-26,2,Quantile forest,4.65694149084023,4.90985786613826,5.28985562088033,5.56958315753135,5.86410633666182,5.02847521222459
2026-01-19,2026-02-02,2,Quantile forest,4.72978603963658,4.8598799225321,5.25562936356136,5.57772576770374,5.81843660908382,4.88944646530504
2026-01-26,2026-02-09,2,Quantile forest,4.29675116514124,4.59282584851688,4.81673878472546,5.055454437944,5.24974317686831,4.41920198827394
2026-02-02,2026-02-16,2,Quantile forest,3.85314780072303,4.24083316447892,4.58022445991614,4.80270394866212,5.04832976163239,4.12033714249635
2026-02-09,2026-02-23,2,Quantile forest,3.46243253175849,3.68747794119059,4.07364989454052,4.28593316621677,4.76423694033863,3.96024157769862
2026-02-16,2026-03-02,2,Quantile forest,3.1635676859809,3.388613095413,3.55752323854326,3.92744312120102,4.26914645171584,3.83254680392635
2026-02-23,2026-03-09,2,Quantile forest,3.00347212118317,3.22851753061527,3.53956554209763,3.7663842044425,4.05407809460526,3.5004392163118
2026-03-02,2026-03-16,2,Quantile forest,2.95665842068285,3.26973289997326,3.52332479853745,3.62081037642722,3.83495257894394,3.23553626576131
2026-03-09,2026-03-23,2,Quantile forest,2.6245508330683,2.86143066774091,3.13504248855704,3.28870278881267,3.52315003198972,2.98921105656373
2026-03-16,2026-03-30,2,Quantile forest,2.35964788251781,2.57329479084221,2.79030039991342,3.02379983826218,3.2379420407789,2.95178038602481
2026-03-23,2026-04-06,2,Quantile forest,2.12591142177422,2.39220051839869,2.52940869517691,2.76784074057961,2.99161683158132,2.98618686071046
2026-03-30,2026-04-13,2,Quantile forest,2.13278430901236,2.37731917571984,2.65741206365161,2.78119777547937,2.9541861610424,2.99172425215645
2026-04-06,2026-04-20,2,Quantile forest,2.40685454509617,2.52955056579167,2.77445043321133,2.98859263572805,3.24893955011971,2.53131302260216
2026-04-13,2026-04-27,2,Quantile forest,2.41239193654216,2.53865224432649,2.80873506431511,3.03166811828809,3.17039712103491,2.64546532591059
2023-10-02,2023-10-23,3,Quantile forest,3.22296431657052,3.31263203553748,3.71101404414378,3.9811076904949,4.15346438830924,4.0926765051214
2023-10-09,2023-10-30,3,Quantile forest,3.25263800782362,3.43742191942615,3.6757111642949,3.96426375580508,4.27848985182935,3.82624722840674
2023-10-16,2023-11-06,3,Quantile forest,3.56506040075854,3.71236993064635,3.84098119789713,4.15030235117219,4.46450416908343,4.27402374212223
2023-10-23,2023-11-13,3,Quantile forest,3.43752272100067,3.75204753862929,4.10893702599318,4.29534760133063,4.71532262558417,4.29796544704745
2023-10-30,2023-11-20,3,Quantile forest,3.43191632153277,3.71389648202774,3.9818015331187,4.34075270913113,4.5775694848541,4.35606759550379
2023-11-06,2023-11-27,3,Quantile forest,3.93266561855722,4.27529681676903,4.61778601538104,4.91534585481759,5.45796610466286,4.40354347813613
2023-11-13,2023-12-04,3,Quantile forest,3.90363454017348,4.29168662072867,4.46111035465643,4.88105641680197,5.37310561152606,4.34730578194549
2023-11-20,2023-12-11,3,Quantile forest,3.97538156288848,4.29180734051693,4.57241811685504,5.0015964210831,5.4513185364692,4.46083781509817
2023-11-27,2023-12-18,3,Quantile forest,4.28128662490905,4.66715334738416,5.11319125017801,5.59282951875436,5.9184669682218,4.59552380893629
2023-12-04,2023-12-25,3,Quantile forest,3.96661974933018,4.22133586202154,4.55225283399756,4.95049414601505,5.4425567229109,4.22009576752766
2023-12-11,2024-01-01,3,Quantile forest,3.70308269941244,4.08949924139117,4.59035755111207,4.85061378453626,5.17999438784435,4.28757858313017
2023-12-18,2024-01-08,3,Quantile forest,3.83776869325056,4.20119290206232,4.70029402853067,5.17531214819049,5.6907747499017,4.73400305783106
2023-12-25,2024-01-15,3,Quantile forest,3.84875719382066,4.09412584760371,4.49346338694892,4.93466687383807,5.52266155850685,4.86283109932786
2024-01-01,2024-01-22,3,Quantile forest,3.91624000942317,4.11431935116217,4.41709831914407,4.6674941082892,5.38282952409558,4.87489193306288
2024-01-08,2024-01-29,3,Quantile forest,4.0221020858254,4.36266448412406,4.77745598432416,5.1773700751945,5.8155324682533,4.97990113472639
2024-01-15,2024-02-05,3,Quantile forest,4.20767731520713,4.4729356935286,4.75167727793289,5.10663617692268,5.61415335577522,4.90215881776017
2024-01-22,2024-02-12,3,Quantile forest,4.07182985063311,4.29738739574095,4.47778946001072,4.76490773683788,5.12109170410149,4.54425177101868
2024-01-29,2024-02-19,3,Quantile forest,4.15554419844507,4.28613327660548,4.56654671935971,4.91676379845599,5.22579921162172,4.53399636653357
2024-02-05,2024-02-26,3,Quantile forest,4.07780188147885,4.16913405838575,4.46656750379279,4.76455713545623,4.94148653619248,4.29114413819671
2024-02-12,2024-03-04,3,Quantile forest,3.28814504713629,3.64537344000297,4.18365825661875,4.60411143615695,5.111860181457,4.16945203470891
2024-02-19,2024-03-11,3,Quantile forest,3.4436051977918,3.76413603335975,4.18198622726663,4.75102884625347,5.17200698295585,3.98192213280781
2024-02-26,2024-03-18,3,Quantile forest,3.03503741431432,3.29319560263854,3.62634270563652,4.14173099301925,4.60262043179966,3.9471970804358
2024-03-04,2024-03-25,3,Quantile forest,2.61699975846682,3.0148194807838,3.4536015985932,3.70023570375866,4.43849372455554,3.73169945129686
2024-03-11,2024-04-01,3,Quantile forest,2.519289641573,2.97228397518121,3.29770358299216,3.51270580185756,4.10092709376086,3.85608737309784
2024-03-18,2024-04-08,3,Quantile forest,2.33649899743798,2.96283861106544,3.24062687954372,3.46984872652096,3.7759043481144,3.40485734249364
2024-03-25,2024-04-15,3,Quantile forest,2.17924717505477,2.9543351226249,3.06689801873667,3.38775239353595,3.66856211502646,3.40684805317097
2024-04-01,2024-04-22,3,Quantile forest,2.94995036020682,3.14641519220775,3.40485956323172,3.85531271136766,4.34657003837452,3.36141651165031
2024-04-08,2024-04-29,3,Quantile forest,2.68499578383431,2.78721771444184,3.20060455364898,3.27812081193701,3.71633363609659,2.95021175825218
2024-04-15,2024-05-06,3,Quantile forest,2.53400743822334,2.70027785227889,2.95562024330485,3.23555532084957,3.43172399402438,3.54008938052877
2024-09-30,2024-10-21,3,Quantile forest,3.3802638011781,3.44741303622449,3.83062706648736,4.04027137166687,4.24997598972898,3.83341260484623
2024-10-07,2024-10-28,3,Quantile forest,3.23261393479491,3.51345665047046,3.79055152930513,4.08872963549129,4.23018776088993,3.76560898697261
2024-10-14,2024-11-04,3,Quantile forest,3.38366487222672,3.57411506695331,3.8410464181494,4.16187785852495,4.33261361008245,3.83384522436412
2024-10-21,2024-11-11,3,Quantile forest,3.70744268492228,3.92588329321632,4.03228437337613,4.22318857428432,4.37560910830959,4.04882404692029
2024-10-28,2024-11-18,3,Quantile forest,3.63839897255478,3.80138959898338,4.06449117650392,4.36879735104217,4.51693124341997,4.08378904828258
2024-11-04,2024-11-25,3,Quantile forest,3.76958496937726,3.96002764094232,4.21376074952315,4.36666449313379,4.53941492492262,3.89914037959713
2024-11-11,2024-12-02,3,Quantile forest,3.98456379193343,4.14129473529038,4.18730329581506,4.49812711201717,4.75439374747879,4.21049663895813
2024-11-18,2024-12-09,3,Quantile forest,3.88311835282043,4.13312938318062,4.23934335299454,4.6745502387781,5.17903998924799,4.29278550089594
2024-11-25,2024-12-16,3,Quantile forest,3.69846968413498,3.92681281896364,4.1201259994428,4.49042248306405,4.8581845055632,4.40133894570625
2024-12-02,2024-12-23,3,Quantile forest,3.9455874391263,4.0832866245403,4.42684716030938,4.88009079202459,5.39443900149876,4.03229183781909
2024-12-09,2024-12-30,3,Quantile forest,4.02787630106411,4.28650667457716,4.4483398056079,4.82260586799299,5.47672786343657,4.93425808249849
2024-12-16,2025-01-06,3,Quantile forest,4.2006682502441,4.42887667496794,4.53981819460102,4.72784679432261,5.16599357828739,5.19689353641007
2024-12-23,2025-01-13,3,Quantile forest,3.83162114235694,4.17077108671386,4.53449040392821,4.96824275699203,5.59604860944422,5.26289742131678
2024-12-30,2025-01-20,3,Quantile forest,4.31934973115343,4.63403347739213,5.18015615939382,6.09272326694986,6.60512952618958,5.47218663652701
2025-01-06,2025-01-27,3,Quantile forest,4.8025626295361,5.03747898218099,5.81247563749184,6.18602462061696,6.38921547471026,5.62419799531336
2025-01-13,2025-02-03,3,Quantile forest,4.72335807574456,4.87300201551752,5.0937126960638,5.30090348949098,5.7060773166387,5.72652196162569
2025-01-20,2025-02-10,3,Quantile forest,4.84324866971258,4.97751577507948,5.17196203142065,5.53075408112116,5.91524178382125,5.3963511068194
2025-01-27,2025-02-17,3,Quantile forest,4.99526002849893,5.14156497607221,5.28897133543635,5.44231280029591,5.66193973343594,5.29325457220558
2025-02-03,2025-02-24,3,Quantile forest,4.99349720225127,5.09758399481126,5.29754466313448,5.45031210364779,5.61653776540069,4.85981240436167
2025-02-10,2025-03-03,3,Quantile forest,4.56536618677989,4.77985143573553,4.98299669145272,5.21446591180195,5.39384655177612,4.78222791310695
2025-02-17,2025-03-10,3,Quantile forest,4.20760632293342,4.60061529343616,4.92533377388511,5.04610354286088,5.22316027148347,4.51426031062825
2025-02-24,2025-03-17,3,Quantile forest,3.53758774111713,3.69220724420661,3.87545393499131,4.42205982094962,4.65555961551701,4.17914516391457
2025-03-03,2025-03-24,3,Quantile forest,3.16028679321711,3.22977563686486,3.62759535918184,4.23988817516479,4.41430711478648,3.80332358850481
2025-03-10,2025-03-31,3,Quantile forest,2.96180803438616,3.33221739461467,3.52990184125789,4.03691195671341,4.32111778988078,3.81374843615981
2025-03-17,2025-04-07,3,Quantile forest,2.58600514670223,2.90445196192333,3.01154000375951,3.19478669454421,3.74139258050252,3.39819287264186
2025-03-24,2025-04-14,3,Quantile forest,2.21018357129247,2.44394039391839,2.72070824345724,3.18972903964682,3.60018182646987,3.37108175775753
2025-03-31,2025-04-21,3,Quantile forest,2.19180731626997,2.60169151343391,3.11323656169137,3.36252062629369,3.94698976351761,3.2092294478164
2025-04-07,2025-04-28,3,Quantile forest,2.18613594991596,2.67833131398253,2.9435472884004,3.1939400837972,3.33505553637146,3.24649099190117
2025-04-14,2025-05-05,3,Quantile forest,2.6512201990982,2.78547437277681,3.02713469999662,3.20166701626039,3.50432308511533,3.2699490950522
2025-09-29,2025-10-20,3,Quantile forest,3.29991027536131,3.6124979379059,3.7033669245318,3.95018784320251,4.1024732288658,3.34286180464919
2025-10-06,2025-10-27,3,Quantile forest,3.14381382431651,3.40968033672829,3.52783277487762,3.88276758041889,4.01847573185999,3.58823004596401
2025-10-13,2025-11-03,3,Quantile forest,3.41289152850847,3.67061396632626,3.84924466213002,4.12496577925558,4.18101282129949,3.57878553131686
2025-10-20,2025-11-10,3,Quantile forest,3.21689188472524,3.53703845147267,3.67806366210315,3.94605016871875,4.0611080259733,4.0683427596831
2025-10-27,2025-11-17,3,Quantile forest,3.40915285125492,3.65352520119702,3.85350792266194,4.16876427547153,4.33955230241137,4.10082352831981
2025-11-03,2025-11-24,3,Quantile forest,3.51320299397013,3.67125621968695,3.77781077318218,3.96856150075495,4.24837968438332,4.09634256488477
2025-11-10,2025-12-01,3,Quantile forest,3.84631403568613,4.16081344805319,4.23001535172094,4.44825828484213,5.16359370064851,4.59895088617417
2025-11-17,2025-12-08,3,Quantile forest,3.90595749287113,4.15016386321785,4.29984877018513,4.63064389541686,5.04247459112083,5.11421422367165
2025-11-24,2025-12-15,3,Quantile forest,3.9321713892613,4.18881325325486,4.30533901749813,4.63454002442432,5.17077281314742,5.3018610801714
2025-12-01,2025-12-22,3,Quantile forest,3.98404253482911,4.2398680431669,4.63651640426233,4.94720171608104,5.75860489781179,4.49569008536927
2025-12-08,2025-12-29,3,Quantile forest,4.57467487809943,4.77898756379464,5.50399019310974,6.1014581456138,6.32654814497505,4.5921862584298
2025-12-15,2026-01-05,3,Quantile forest,4.78347165659804,5.15880617988618,5.6559403912325,5.94333366177395,6.37629132843405,5.3198831444626
2025-12-22,2026-01-12,3,Quantile forest,4.12435151166227,4.55426904759195,5.13842541716947,5.72629566886696,6.40375001029349,5.01708114157965
2025-12-29,2026-01-19,3,Quantile forest,4.22050156846252,4.4682619089701,4.83808433532513,5.39897480907278,5.8278310769685,5.13855932816283
2026-01-05,2026-01-26,3,Quantile forest,4.92555223758863,5.20872932306763,5.56578122135793,5.92755416857322,6.4945476981787,5.02847521222459
2026-01-12,2026-02-02,3,Quantile forest,4.56711601650346,4.89425201377266,5.42381770567601,5.78173577416079,6.09861055200189,4.88944646530504
2026-01-19,2026-02-09,3,Quantile forest,4.33549724573306,4.5610547908409,4.88935662403091,5.36825936526453,5.66242224991565,4.41920198827394
2026-01-26,2026-02-16,3,Quantile forest,4.16176565496057,4.41746053266113,4.68055467500352,5.08833487736286,5.24550769194449,4.12033714249635
2026-02-02,2026-02-23,3,Quantile forest,3.60287675913303,3.79905529656327,4.39734395178976,4.67411961945011,5.11914650240674,3.96024157769862
2026-02-09,2026-03-02,3,Quantile forest,3.24262447245811,3.35236604017436,4.04440225196417,4.39402828289095,4.98681039871226,3.83254680392635
2026-02-16,2026-03-09,3,Quantile forest,2.73574028645221,2.94375962668052,3.4116456074986,3.92719462174888,4.41402037233301,3.5004392163118
2026-02-23,2026-03-16,3,Quantile forest,2.52101424156147,2.87762623265105,3.40816734397286,3.74465033641749,4.02010124283689,3.23553626576131
2026-03-02,2026-03-23,3,Quantile forest,2.44794994788221,2.92640979103533,3.35519845001151,3.52199034981908,3.73141414122102,2.98921105656373
2026-03-09,2026-03-30,3,Quantile forest,2.31839630029822,2.71948692503909,2.93970080744917,3.35102607113434,3.7174716960317,2.95178038602481
2026-03-16,2026-04-06,3,Quantile forest,1.79630892962416,2.4545839744886,2.61563833957676,2.92497981165404,3.13440360305598,2.98618686071046
2026-03-23,2026-04-13,3,Quantile forest,1.80716814055015,2.20825876529102,2.36931313037918,2.67865460245646,3.03552634957013,2.99172425215645
2026-03-30,2026-04-20,3,Quantile forest,1.88494443792523,2.24308885102706,2.36617300104409,2.64122393191754,2.85064772331948,2.53131302260216
2026-04-06,2026-04-27,3,Quantile forest,2.26632530205113,2.42544845184783,2.58631282148011,2.88505419800513,3.2060346356481,2.64546532591059
2026-04-13,2026-05-04,3,Quantile forest,2.27066828347943,2.46776319754685,2.66770676916315,2.92858691588605,3.21666301212789,2.6159349121944
2023-10-02,2023-10-30,4,Quantile forest,3.16080108695741,3.58611256677424,3.88614456902265,4.15425162225516,4.37409060380018,3.82624722840674
2023-10-09,2023-11-06,4,Quantile forest,3.23899596129543,3.67029673673251,3.92046446879274,4.31054834634476,4.5052403152001,4.27402374212223
2023-10-16,2023-11-13,4,Quantile forest,3.28724047681062,3.59588955877844,3.8404240689538,4.27988545368579,4.63697640962235,4.29796544704745
2023-10-23,2023-11-20,4,Quantile forest,3.55519630490667,3.84363222537504,4.02454475051875,4.42604983899435,4.73743666604469,4.35606759550379
2023-10-30,2023-11-27,4,Quantile forest,3.66104048931284,4.05385832946805,4.35530526530445,4.66652628475606,5.10596968668251,4.40354347813613
2023-11-06,2023-12-04,4,Quantile forest,4.0454806962538,4.37077437678943,4.6266569957313,4.9639770521933,5.69947330443763,4.34730578194549
2023-11-13,2023-12-11,4,Quantile forest,4.06913432880054,4.39471608171465,4.80233154796069,5.0935107444243,5.57768790532322,4.46083781509817
2023-11-20,2023-12-18,4,Quantile forest,4.12723647725688,4.45281823017099,4.86043369641703,5.359274758457,6.02030718214439,4.59552380893629
2023-11-27,2023-12-25,4,Quantile forest,3.96228764468287,4.4815497356113,4.91506633044702,5.28106819309422,6.06778306477673,4.22009576752766
2023-12-04,2024-01-01,4,Quantile forest,3.7196668979345,4.23811642630639,4.62281950673102,5.10815041023005,5.98009528491034,4.28757858313017
2023-12-11,2024-01-08,4,Quantile forest,3.63498372783939,4.11172434386001,4.62371018314889,5.11193551801981,6.09362731806302,4.73400305783106
2023-12-18,2024-01-15,4,Quantile forest,3.76966972167751,4.13683048043335,4.53041947118903,4.87103753372182,5.23906224525619,4.86283109932786
2023-12-25,2024-01-22,4,Quantile forest,3.48519506000935,3.99126464928075,4.44072623517602,5.04939770826666,5.49981822580343,4.87489193306288
2024-01-01,2024-01-29,4,Quantile forest,3.9360209764216,4.20275644472234,4.31797173414483,4.79194468404341,5.66842249082848,4.97990113472639
2024-01-08,2024-02-05,4,Quantile forest,3.99910235031275,4.27530972932812,4.69496055737873,4.99739414821345,5.57319868848025,4.90215881776017
2024-01-15,2024-02-12,4,Quantile forest,4.03466415874996,4.32488740223564,4.56676802543784,4.84034561011489,5.24531360262429,4.54425177101868
2024-01-22,2024-02-19,4,Quantile forest,3.55991386285014,4.05433627686202,4.50000843935235,4.85240644384991,5.14219922345445,4.53399636653357
2024-01-29,2024-02-26,4,Quantile forest,3.5612213626162,4.15173419414849,4.53864530127313,4.75135808885796,5.05790739220156,4.29114413819671
2024-02-05,2024-03-04,4,Quantile forest,3.56354641419758,4.04538656388316,4.32968828442188,4.67597057886064,5.07031457768928,4.16945203470891
2024-02-12,2024-03-11,4,Quantile forest,2.92947792547787,3.3905640470163,4.08555844251574,4.76432067434903,5.31851822548143,3.98192213280781
2024-02-19,2024-03-18,4,Quantile forest,3.11531659442338,3.70652457054272,4.1655095115912,4.75462683418193,5.05691586408281,3.9471970804358
2024-02-26,2024-03-25,4,Quantile forest,2.56073293218001,2.68673922285219,3.54535322415134,4.30619246013451,4.66599445259425,3.73169945129686
2024-03-04,2024-04-01,4,Quantile forest,2.43741812611342,2.5045137517523,3.3285433687863,3.81162772540672,4.69237153225815,3.85608737309784
2024-03-11,2024-04-08,4,Quantile forest,2.25151092679111,2.37751721746329,3.15707808591294,3.47079587556925,4.22713313734991,3.40485734249364
2024-03-18,2024-04-15,4,Quantile forest,2.22323792661307,2.58929501892397,3.13599195012839,3.42016016414372,3.70173818737144,3.40684805317097
2024-03-25,2024-04-22,4,Quantile forest,2.05487780448003,2.80941811528555,3.01835772338741,3.22559470142453,3.49324258468134,3.36141651165031
2024-04-01,2024-04-29,4,Quantile forest,2.75440206444176,3.11029645905247,3.34631079217655,3.63478036959093,4.14851096185348,2.95021175825218
2024-04-08,2024-05-06,4,Quantile forest,2.56950229921486,2.75821293693241,2.89875259262131,3.16640047587812,3.62492624582399,3.54008938052877
2024-04-15,2024-05-13,4,Quantile forest,2.30202215227816,2.64101113924275,2.89707147224968,3.16138916010661,3.49503537191406,3.07731226054641
2024-09-30,2024-10-28,4,Quantile forest,2.98756036153225,3.46359495068114,3.90804547117609,4.17130732404314,4.3205394631431,3.76560898697261
2024-10-07,2024-11-04,4,Quantile forest,3.35656079307493,3.80229893844513,4.13581660403652,4.36183894134865,4.53098397223687,3.83384522436412
2024-10-14,2024-11-11,4,Quantile forest,3.28926185070201,3.71165736176343,4.00169309544909,4.28947302486181,4.47865437828949,4.04882404692029
2024-10-21,2024-11-18,4,Quantile forest,3.83186700948445,3.96594308713442,4.32980263848834,4.5233659149173,4.72497000668869,4.08378904828258
2024-10-28,2024-11-25,4,Quantile forest,3.82411058435902,4.03249473615895,4.29466702387032,4.43950950082581,4.65716638881507,3.89914037959713
2024-11-04,2024-12-02,4,Quantile forest,3.7487687826532,4.10073097355046,4.25880263699244,4.48494292728576,5.06946266864316,4.21049663895813
2024-11-11,2024-12-09,4,Quantile forest,3.98909684810497,4.14557468158749,4.28828026035279,4.69992174984193,5.45073956831195,4.29278550089594
2024-11-18,2024-12-16,4,Quantile forest,3.90034133767411,4.2466614163333,4.37640782954217,4.84463367656714,5.71657855124743,4.40133894570625
2024-11-25,2024-12-23,4,Quantile forest,3.71569266898866,3.99076736402929,4.32409779222545,4.63378025738132,5.56337996623773,4.03229183781909
2024-12-02,2024-12-30,4,Quantile forest,3.86138316771997,4.28377867878139,4.48366188169102,4.90281919055435,5.84328614192298,4.93425808249849
2024-12-09,2025-01-06,4,Quantile forest,4.10933779028747,4.45565786894666,4.78917553453805,5.3583759212591,5.92557500386079,5.19689353641007
2024-12-16,2025-01-13,4,Quantile forest,4.21789123509778,4.37885345649328,4.67450418843914,5.18859152277213,5.87447813650762,5.26289742131678
2024-12-23,2025-01-20,4,Quantile forest,3.86708509872519,3.97256463900377,4.4089432524131,5.00476061482235,5.68440261840839,5.47218663652701
2024-12-30,2025-01-27,4,Quantile forest,4.10840399523971,4.60779809472515,5.1024138424276,5.89486780197296,6.3220981092441,5.62419799531336
2025-01-06,2025-02-03,4,Quantile forest,4.48581896236974,4.85507871262292,5.20773962971946,6.15750325588454,6.15750325588454,5.72652196162569
2025-01-13,2025-02-10,4,Quantile forest,4.4214025758155,4.78930864936824,4.92200185478747,5.14225436916568,5.28706385657325,5.3963511068194
2025-01-20,2025-02-17,4,Quantile forest,4.64633254926823,4.99859786457847,5.1312910699977,5.40385031651976,5.78089632869615,5.29325457220558
2025-01-27,2025-02-24,4,Quantile forest,4.8036423391125,4.94557146612169,5.27962539975269,5.35717345073838,5.50355494316226,4.85981240436167
2025-02-03,2025-03-03,4,Quantile forest,4.68284931508631,4.99238485508429,5.1731754388632,5.42296121495352,5.52954931226654,4.78222791310695
2025-02-10,2025-03-10,4,Quantile forest,4.03844904530757,4.55485626131812,4.82388057348111,5.05296429877535,5.28408063445129,4.51426031062825
2025-02-17,2025-03-17,4,Quantile forest,3.80350150271746,4.18687675752856,4.72779418051753,4.91175808773578,5.00638585830158,4.17914516391457
2025-02-24,2025-03-24,4,Quantile forest,2.7902430715866,3.12940119834497,3.37896292870257,4.21316799880044,4.33277548806959,3.80332358850481
2025-03-03,2025-03-31,4,Quantile forest,3.0104599266068,3.11728963015034,3.41241788140457,4.2227832262071,4.46886325149588,3.81374843615981
2025-03-10,2025-04-07,4,Quantile forest,2.40131885232143,2.78222640203276,2.98871920091964,3.69370465442739,3.97391128336342,3.39819287264186
2025-03-17,2025-04-14,4,Quantile forest,2.08105149916792,2.44873395789787,2.78675316624777,3.63879613664974,4.17343354062241,3.37108175775753
2025-03-24,2025-04-21,4,Quantile forest,1.75478775246581,2.19891867316029,3.08998186059536,3.34888447580019,3.93855562653994,3.2092294478164
2025-03-31,2025-04-28,4,Quantile forest,2.1488101532032,2.44393840445743,3.02764017063226,3.28624844625145,3.56828954309545,3.24649099190117
2025-04-07,2025-05-05,4,Quantile forest,2.28212543465547,2.68485114473241,2.89208812276953,3.53342491067699,3.71378373321072,3.2699490950522
2025-04-14,2025-05-12,4,Quantile forest,2.53572671447875,2.724874231949,2.98980162527884,3.04154596513297,3.3882541255946,2.74534598584591
2025-09-29,2025-10-27,4,Quantile forest,3.5203934039965,3.61810622610943,3.83604395215114,3.9631974020724,4.13651209805739,3.58823004596401
2025-10-06,2025-11-03,4,Quantile forest,3.36648659732639,3.50240365390969,3.81595466340646,4.17603943085465,4.19954240178244,3.57878553131686
2025-10-13,2025-11-10,4,Quantile forest,3.54288595438628,3.79480799318441,3.92089675782764,4.05378115848593,4.33168412681394,4.0683427596831
2025-10-20,2025-11-17,4,Quantile forest,3.40108231931088,3.47639319727371,3.78201430874103,4.12964779723694,4.29446407262244,4.10082352831981
2025-10-27,2025-11-24,4,Quantile forest,3.65452109256974,3.83219149993966,3.96488146055802,4.20280314466312,4.40048577856101,4.09634256488477
2025-11-03,2025-12-01,4,Quantile forest,3.71231692394138,3.77320418528657,3.95525073939644,4.15608178104625,4.44034400692739,4.59895088617417
2025-11-10,2025-12-08,4,Quantile forest,4.00861556086778,4.14162479950636,4.31230421365875,4.68777576735258,4.85636401014076,5.11421422367165
2025-11-17,2025-12-15,4,Quantile forest,4.04109632950449,4.26369589637053,4.42159565305793,4.82458497186017,5.52627309063521,5.3018610801714
2025-11-24,2025-12-22,4,Quantile forest,3.65508673143151,3.99810706989442,4.31697303253313,4.71577557255425,4.97386727984286,4.49569008536927
2025-12-01,2025-12-29,4,Quantile forest,4.4155031755657,4.58363958226973,5.02390829880249,5.60215804912738,6.23174038913902,4.5921862584298
2025-12-08,2026-01-05,4,Quantile forest,4.63578210487655,5.09890291976721,5.61858032458489,6.01832225918578,6.58735341447302,5.3198831444626
2025-12-15,2026-01-12,4,Quantile forest,4.3875829975731,4.76391738307918,5.26281857971907,5.83148950538702,6.14105671082059,5.01708114157965
2025-12-22,2026-01-19,4,Quantile forest,4.3122423747608,4.48037878146483,5.28294266243515,5.93558488407719,6.44581706717109,5.13855932816283
2025-12-29,2026-01-26,4,Quantile forest,4.27360693012062,4.50736412002197,5.00101959938765,5.59539342138301,6.14325187950333,5.02847521222459
2026-01-05,2026-02-02,4,Quantile forest,5.1546764053687,5.46175090493629,6.00982305727747,6.30416241549256,6.70772317120821,4.88944646530504
2026-01-12,2026-02-09,4,Quantile forest,4.19652548537879,4.85187440248575,5.52144724249289,5.8333384381769,6.29015521260158,4.41920198827394
2026-01-19,2026-02-16,4,Quantile forest,3.82358125795009,4.6946465389593,5.07022300815558,5.43718832629573,5.80710890994341,4.12033714249635
2026-01-26,2026-02-23,4,Quantile forest,3.5220974467522,4.18698036672331,4.33971821569491,4.75728539692973,4.96013889221734,3.96024157769862
2026-02-02,2026-03-02,4,Quantile forest,3.27467261976423,3.38306869983265,4.17659515024566,4.54579312700221,5.00398492881185,3.83254680392635
2026-02-09,2026-03-09,4,Quantile forest,2.73070848467514,2.80442814273313,3.83240270217617,4.33437984986611,4.93541846067481,3.5004392163118
2026-02-16,2026-03-16,4,Quantile forest,2.34595650886666,2.50556329695554,3.47391117681147,4.03297197105761,4.64325664004559,3.23553626576131
2026-02-23,2026-03-23,4,Quantile forest,2.29530329474201,3.03796024168731,3.38317678738445,3.64687691608755,4.47645805009949,2.98921105656373
2026-03-02,2026-03-30,4,Quantile forest,2.16760852096974,2.91026546791504,3.25548201361218,3.51918214231528,4.07775780846845,2.95178038602481
2026-03-09,2026-04-06,4,Quantile forest,1.83550093335519,2.57815788030049,2.92337442599763,3.04600010360718,3.66805818998345,2.98618686071046
2026-03-16,2026-04-13,4,Quantile forest,1.5705979828047,2.17863660438262,2.52219453785186,2.75168714536009,3.44657121954069,2.99172425215645
2026-03-23,2026-04-20,4,Quantile forest,1.32427277360712,2.05480857474652,2.3430035307552,2.61892811691718,3.26517097413689,2.53131302260216
2026-03-30,2026-04-27,4,Quantile forest,1.49377576044147,2.07101396812327,2.38452294176617,2.82353660843515,3.28519899090745,2.64546532591059
2026-04-06,2026-05-04,4,Quantile forest,2.10542044280892,2.40926032011376,2.6566510680859,3.04536599940917,3.28145562749794,2.6159349121944
2026-04-13,2026-05-11,4,Quantile forest,2.04704649719998,2.24593333811108,2.61044411967776,2.74414936160466,3.10626271566326,2.67896462020711
2023-10-02,2023-10-09,1,Seasonal naive,2.84536454003703,3.36234518186871,3.89892596456144,4.56293829615028,5.06628516306115,3.65945064342312
2023-10-09,2023-10-16,1,Seasonal naive,2.92834979713225,3.44233495280656,3.97618882161604,4.64165463158984,5.14412565116364,3.82472067702535
2023-10-16,2023-10-23,1,Seasonal naive,2.70948293232665,3.22086624274202,3.75018002770208,4.41841937210411,4.92076273587299,4.0926765051214
2023-10-23,2023-10-30,1,Seasonal naive,2.74458877685516,3.2533702420116,3.78387442832173,4.4491568219525,4.95137252991645,3.82624722840674
2023-10-30,2023-11-06,1,Seasonal naive,2.87691960167122,3.38309922156873,3.91462935648989,4.57711925208843,5.07920730424746,4.27402374212223
2023-11-06,2023-11-13,1,Seasonal naive,2.59634307192853,3.0999208465671,3.63247693009929,4.29217432766561,4.79413472401972,4.29796544704745
2023-11-13,2023-11-20,1,Seasonal naive,2.78509127574751,3.28490988899433,3.82136491649252,4.47692096949052,4.97838687735365,4.35606759550379
2023-11-20,2023-11-27,1,Seasonal naive,3.26966518635609,3.76572463821116,4.30607860967536,4.95712648541898,5.45846473747718,4.40354347813613
2023-11-27,2023-12-04,1,Seasonal naive,3.54512405062731,4.03742434109063,4.58000694377156,5.22821695501007,5.72942755126335,4.34730578194549
2023-12-04,2023-12-11,1,Seasonal naive,3.89317227623875,4.38171340531033,4.9210323265408,5.57189678594138,6.07297972638974,4.46083781509817
2023-12-11,2023-12-18,1,Seasonal naive,4.46643760842255,4.95229615784897,5.48560450313312,6.13796142167577,6.64174900808849,4.59552380893629
2023-12-18,2023-12-25,1,Seasonal naive,3.90620494006001,4.38515764588064,4.9166786791791,5.57052805686382,6.0770202892409,4.22009576752766
2023-12-25,2024-01-01,1,Seasonal naive,3.54469550190931,4.01888562058593,4.55041575550709,5.20404191311171,5.7111729365038,4.28757858313017
2024-01-01,2024-01-08,1,Seasonal naive,3.58418291238917,4.05799517665485,4.58514968046563,5.23855261799016,5.74632243239726,4.73400305783106
2024-01-08,2024-01-15,1,Seasonal naive,3.37282368146963,3.84510077519156,4.37443854374618,5.02234146495392,5.5306252868913,4.86283109932786
2024-01-15,2024-01-22,1,Seasonal naive,3.17951501518415,3.65025693836233,4.18177797166079,4.82418087655175,5.33297870601942,4.87489193306288
2024-01-22,2024-01-29,1,Seasonal naive,3.46808414614393,3.93729089877836,4.47271087604283,5.11921977470388,5.6172099223928,4.97990113472639
2024-01-29,2024-02-05,1,Seasonal naive,3.62278684604628,4.09045842813697,4.62977734936744,5.26894576900482,5.76757470770875,4.90215881776017
2024-02-05,2024-02-12,1,Seasonal naive,3.45904072158724,3.92625371488077,4.46672468558138,5.10034772242909,5.59949066866331,4.54425177101868
2024-02-12,2024-02-19,1,Seasonal naive,3.70394227022747,4.17069667472384,4.71231969489458,5.34039734895262,5.84005430271712,4.53399636653357
2024-02-19,2024-02-26,1,Seasonal naive,3.49134325072418,3.9576390664234,4.49492182339709,5.12294640733263,5.62311736862743,4.29114413819671
2024-02-26,2024-03-04,1,Seasonal naive,3.52505847370735,3.99089570060941,4.52383819438606,5.15180970819911,5.6524946770242,4.16945203470891
2024-03-04,2024-03-11,1,Seasonal naive,3.36180287161952,3.82679686507212,4.35449037592346,4.98527819990324,5.48729734303178,3.98192213280781
2024-03-11,2024-03-18,1,Seasonal naive,3.34733429579112,3.81148505579427,4.3339295837203,4.96753371786681,5.4708870352988,3.9471970804358
2024-03-18,2024-03-25,1,Seasonal naive,2.94447833060232,3.40778585715601,3.9266970813789,4.56140184646997,5.06608933820541,3.73169945129686
2024-03-25,2024-04-01,1,Seasonal naive,2.89761378254495,3.36007807564919,3.87545599616893,4.51126139220457,5.01728305824346,3.85608737309784
2024-04-01,2024-04-08,1,Seasonal naive,2.44622452477579,2.90886224324108,3.41952574850812,4.05616144154845,4.56395206856971,3.40485734249364
2024-04-08,2024-04-15,1,Seasonal naive,2.25235197630263,2.71516312012897,3.22111221014331,3.85857820018834,4.36813778819196,3.40684805317097
2024-04-15,2024-04-22,1,Seasonal naive,2.23783959186045,2.70082416104786,3.20778932100899,3.84035512285921,4.3516836718452,3.36141651165031
2024-09-30,2024-10-07,1,Seasonal naive,2.69988478503545,3.16304277958391,3.67102400949184,4.29868962314725,4.81178713311561,3.63942657039441
2024-10-07,2024-10-14,1,Seasonal naive,2.86683056592957,3.33107179555901,3.83342880049432,4.45993278738616,4.97679118210515,3.63837532194017
2024-10-14,2024-10-21,1,Seasonal naive,3.13646214131752,3.60178660602792,4.09851938599062,4.72386174611889,5.24448102558851,3.83341260484623
2024-10-21,2024-10-28,1,Seasonal naive,2.87172117390958,3.33811631168613,3.83099981339014,4.4534056000409,4.97446591167196,3.76560898697261
2024-10-28,2024-11-04,1,Seasonal naive,3.32118599693178,3.78865180777448,4.2776860312198,4.89715524439307,5.41865658818556,3.83384522436412
2024-11-04,2024-11-11,1,Seasonal naive,3.34681601116372,3.81469790308036,4.29681645032348,4.9097024459061,5.43901245590888,4.04882404692029
2024-11-11,2024-11-18,1,Seasonal naive,3.40660646892678,3.87490444191737,4.35010731295828,4.95641009095026,5.49352876716333,4.08378904828258
2024-11-18,2024-11-25,1,Seasonal naive,3.45577066086584,3.92448471493037,4.39666570836219,4.99249147017041,5.53741881259378,3.89914037959713
2024-11-25,2024-12-02,1,Seasonal naive,3.40122127398191,3.86193384759774,4.33951052494312,4.92485927056758,5.47759527920125,4.21049663895813
2024-12-02,2024-12-09,1,Seasonal naive,3.51644161644131,3.97757027113108,4.45299212008066,5.03302645503581,5.58754147515204,4.29278550089594
2024-12-09,2024-12-16,1,Seasonal naive,3.65281591958615,4.11436065534987,4.58762767590363,5.16234760018947,5.71864163178826,4.40133894570625
2024-12-16,2024-12-23,1,Seasonal naive,3.27907618748423,3.7410370043219,4.20918454616223,4.78155471009638,5.33962775317774,4.03229183781909
2024-12-23,2024-12-30,1,Seasonal naive,3.34824731239346,3.81062421030507,4.27365227343198,4.84367267701444,5.40352473157836,4.93425808249849
2024-12-30,2025-01-06,1,Seasonal naive,3.79537067007956,4.25823502515966,4.72309183646564,5.3061916977687,5.84731778481248,5.19689353641007
2025-01-06,2025-01-13,1,Seasonal naive,3.92489759456156,4.38824940681015,4.8549349662952,5.42965489058104,5.97351440484251,5.26289742131678
2025-01-13,2025-01-20,1,Seasonal naive,3.93765731128179,4.40149658069887,4.86704623804537,5.43635087563161,5.98294381711076,5.47218663652701
2025-01-20,2025-01-27,1,Seasonal naive,4.0433653959305,4.50769212251608,4.97210587772402,5.55745462334848,6.0853215973075,5.62419799531336
2025-01-27,2025-02-03,1,Seasonal naive,3.96632196194949,4.43080566564917,4.89528104798623,5.49451821751379,6.00494785887451,5.72652196162569
2025-02-03,2025-02-10,1,Seasonal naive,3.6091137981932,4.07375447900699,4.53829148847317,5.15446487388617,5.64440939066625,5.3963511068194
2025-02-10,2025-02-17,1,Seasonal naive,3.5995572766933,4.06435493462119,4.5328473698096,5.16115473816773,5.63152256471437,5.29325457220558
2025-02-17,2025-02-24,1,Seasonal naive,3.35740393134164,3.82235856638364,4.29480642729428,4.93038311792084,5.38603891491074,4.85981240436167
2025-02-24,2025-03-03,1,Seasonal naive,3.23641071083905,3.70158564163186,4.17420461969231,4.80466414506972,5.26171538995617,4.78222791310695
2025-03-03,2025-03-10,1,Seasonal naive,3.04957969192315,3.51497491846678,3.98776501367703,4.6131073738053,5.0715540665883,4.51426031062825
2025-03-10,2025-03-17,1,Seasonal naive,3.01577461921161,3.48116904483078,3.95590520390477,4.57435545206996,5.03656128058287,4.17914516391457
2025-03-17,2025-03-24,1,Seasonal naive,2.80119696973314,3.26659059442786,3.74327281736558,4.3548309535677,4.82079591781051,3.80332358850481
2025-03-24,2025-03-31,1,Seasonal naive,2.92650487119459,3.39262614272739,3.87036152902727,4.47662996940048,4.94491610597807,3.81374843615981
2025-03-31,2025-04-07,1,Seasonal naive,2.47619482025086,2.94304373862173,3.41643070856236,4.02281103282808,4.49341834174045,3.39819287264186
2025-04-07,2025-04-14,1,Seasonal naive,2.47910551058866,2.94668207579761,3.41555617663994,4.02221283753721,4.49514131878436,3.37108175775753
2025-04-14,2025-04-21,1,Seasonal naive,2.43459394872847,2.90289816077549,3.36725939251953,3.97419239004835,4.44944204363028,3.2092294478164
2025-09-29,2025-10-06,1,Seasonal naive,2.71352398713304,3.18549317779877,3.64417915537781,4.24833215505897,4.72718436874096,3.30798499993998
2025-10-06,2025-10-13,1,Seasonal naive,2.71339271833927,3.18902688762371,3.64203761103774,4.24341061287126,4.7258653866533,3.54443154974806
2025-10-13,2025-10-20,1,Seasonal naive,2.9093499809058,3.38864912880894,3.83226360812226,4.43457760204384,4.92063493592594,3.34286180464919
2025-10-20,2025-10-27,1,Seasonal naive,2.84246634269265,3.30709063609779,3.7596487044271,4.36290369043674,4.8525635844189,3.58823004596401
2025-10-27,2025-11-03,1,Seasonal naive,2.91078305910645,3.37991183176848,3.82753284816548,4.42620462411774,4.91746765545206,3.57878553131686
2025-11-03,2025-11-10,1,Seasonal naive,3.1258423606849,3.59947561260382,4.04215957706851,4.6362481429634,5.12911431164987,4.0683427596831
2025-11-10,2025-11-17,1,Seasonal naive,3.16088784106948,3.63902557224529,4.07747667208394,4.66627784061518,5.16074714665381,4.10082352831981
2025-11-17,2025-11-24,1,Seasonal naive,2.97631965140631,3.45896186183902,3.89318009705162,4.47669386821922,4.97276631161001,4.09634256488477
2025-11-24,2025-12-01,1,Seasonal naive,3.2877563897896,3.77047462430867,4.20934764223416,4.78582882196594,5.28079040461266,4.59895088617417
2025-12-01,2025-12-08,1,Seasonal naive,3.3701257307497,3.85291998935513,4.29644778999351,4.86589637828947,5.35974710019211,5.11421422367165
2025-12-08,2025-12-15,1,Seasonal naive,3.47875965458229,3.96162993727409,4.40609153068965,4.98382773803885,5.46496837864407,5.3018610801714
2025-12-15,2025-12-22,1,Seasonal naive,3.10979302571742,3.59273933249558,4.03813471868831,4.62958654128322,5.09258910439856,4.49569008536927
2025-12-22,2025-12-29,1,Seasonal naive,4.0118397494191,4.49581872519639,4.94296620596746,5.52661748225211,5.9912231827196,4.5921862584298
2025-12-29,2026-01-05,1,Seasonal naive,4.27455568235297,4.75956732712939,5.20273641727929,5.78431763245318,6.25052647027283,5.3198831444626
2026-01-05,2026-01-12,1,Seasonal naive,4.34245247582712,4.82668436005751,5.27160554478575,5.84538621364938,6.31640871556984,5.01708114157965
2026-01-12,2026-01-19,1,Seasonal naive,4.55363459960478,5.03708672328915,5.47802951739623,6.0497401251491,6.52557629117038,5.13855932816283
2026-01-19,2026-01-26,1,Seasonal naive,4.70753886695857,5.18927640351328,5.62895058029676,6.19953017832117,6.67746601034703,5.02847521222459
2026-01-26,2026-02-02,1,Seasonal naive,4.81175574183834,5.28919575234501,5.73018425072326,6.29963283901922,6.77966833704966,4.88944646530504
2026-02-02,2026-02-09,1,Seasonal naive,4.48347779559948,4.95664209838724,5.39520211009543,5.96724067859864,6.44937584263367,4.41920198827394
2026-02-09,2026-02-16,1,Seasonal naive,4.37059480205934,4.85307605444747,5.28729428966007,5.86192283837054,6.34615766841015,4.12033714249635
2026-02-16,2026-02-23,1,Seasonal naive,3.9339098211003,4.40587901176603,4.85350002816303,5.42533712745646,5.91259386095654,3.96024157769862
2026-02-23,2026-03-02,1,Seasonal naive,3.85724530950605,4.32041430923504,4.77556344325517,5.34460909313157,5.83488773009213,3.83254680392635
2026-03-02,2026-03-09,1,Seasonal naive,3.58121898675839,4.04823227502323,4.50703044720118,5.07349794758269,5.56679848800373,3.5004392163118
2026-03-09,2026-03-16,1,Seasonal naive,3.23981389317786,3.7103595921015,4.1713499069122,4.73523925779884,5.23156170168035,3.23553626576131
2026-03-16,2026-03-23,1,Seasonal naive,2.86014245309321,3.33197043639381,3.7954778934873,4.35347870337312,4.85559163170082,2.98921105656373
2026-03-23,2026-03-30,1,Seasonal naive,2.87099506348986,3.33916674364211,3.80585230312715,4.35796457201216,4.86586798478605,2.95178038602481
2026-03-30,2026-04-06,1,Seasonal naive,2.45586726271357,2.9191341094361,3.38728165127644,3.93647002947826,4.45016392669834,2.98618686071046
2026-04-06,2026-04-13,1,Seasonal naive,2.42918391057089,2.89412738493243,3.35715544805934,3.90341993557797,4.42290431724424,2.99172425215645
2026-04-13,2026-04-20,1,Seasonal naive,2.26775936337142,2.733461415145,3.19360214548677,3.74062849957087,4.26090351273334,2.53131302260216
2023-10-02,2023-10-16,2,Seasonal naive,2.92834979713225,3.44903431780526,3.99591565217037,4.64664387749284,5.14193201139925,3.82472067702535
2023-10-09,2023-10-23,2,Seasonal naive,2.70520624581804,3.22589076649105,3.77277210085616,4.42350032617863,4.91878846008504,4.0926765051214
2023-10-16,2023-10-30,2,Seasonal naive,2.74031209034655,3.25723744962782,3.80085510254247,4.45299046455126,4.94733239917915,3.82624722840674
2023-10-23,2023-11-06,2,Seasonal naive,2.87264291516261,3.38580911305213,3.93165539718351,4.57970558321145,5.07310131856081,4.27402374212223
2023-10-30,2023-11-13,2,Seasonal naive,2.59206638541992,3.10147342191769,3.6504000328031,4.29351334731288,4.78596288338371,4.29796544704745
2023-11-06,2023-11-20,2,Seasonal naive,2.78081458923889,3.28646246434492,3.83846940198436,4.47664584497597,4.96814918176828,4.35606759550379
2023-11-13,2023-11-27,2,Seasonal naive,3.26538849984747,3.76835379530834,4.32010205723546,4.96096012801774,5.44616118694246,4.40354347813613
2023-11-20,2023-12-04,2,Seasonal naive,3.5408473641187,4.04113007993441,4.5926196661492,5.23080328613309,5.71505814577928,4.34730578194549
2023-11-27,2023-12-11,2,Seasonal naive,3.88889558973014,4.3864957259007,4.9366542616533,5.57323580558865,6.05654446595632,4.46083781509817
2023-12-04,2023-12-18,2,Seasonal naive,4.46216092191394,4.95707847843934,5.50537985092722,6.14088543161657,6.62324789270571,4.59552380893629
2023-12-11,2023-12-25,2,Seasonal naive,3.9019282535514,4.39340163741063,4.93953506490494,5.57345206680462,6.05645331890877,4.22009576752766
2023-12-18,2024-01-01,2,Seasonal naive,3.5426428062487,4.02581877602997,4.5746374999425,5.20696592305251,5.69060596617167,4.28757858313017
2023-12-25,2024-01-08,2,Seasonal naive,3.58213021672856,4.05954775200545,4.60847436289086,5.24147662793096,5.72777469637823,4.73400305783106
2024-01-01,2024-01-15,2,Seasonal naive,3.37077098580901,3.84665335054215,4.3914645844398,5.02514069141,5.51409678518538,4.86283109932786
2024-01-08,2024-01-22,2,Seasonal naive,3.17746231952354,3.65288609545952,4.19970107436461,4.82698010300783,5.3184694386266,4.87489193306288
2024-01-15,2024-01-29,2,Seasonal naive,3.46603145048332,3.94099663762214,4.48981536153467,5.11069731185092,5.60471988931308,4.97990113472639
2024-01-22,2024-02-05,2,Seasonal naive,3.62073415038567,4.09524074872734,4.64380079692754,5.27186977894562,5.75710390894213,4.90215881776017
2024-01-29,2024-02-12,2,Seasonal naive,3.45698802592663,3.93103603547114,4.47933740795902,5.10314694888517,5.59103910420979,4.54425177101868
2024-02-05,2024-02-19,2,Seasonal naive,3.70188957456685,4.17471740229319,4.7224493173399,5.3431965754087,5.83362197257671,4.53399636653357
2024-02-12,2024-02-26,2,Seasonal naive,3.48929055506357,3.96089820097173,4.50806065857726,5.12574563378872,5.61870427280012,4.29114413819671
2024-02-19,2024-03-04,2,Seasonal naive,3.52300577804674,3.99339324213673,4.53946012949856,5.15460893465519,5.65010081550999,4.16945203470891
2024-02-26,2024-03-11,2,Seasonal naive,3.36012712432762,3.82929440659944,4.37426572371756,4.98687835881938,5.48490348151757,3.98192213280781
2024-03-04,2024-03-18,2,Seasonal naive,3.34445122577775,3.8149992561321,4.35678596944614,4.96913387678295,5.46517332119539,3.9471970804358
2024-03-11,2024-03-25,2,Seasonal naive,2.94038793786746,3.41231671630435,3.95091882581431,4.56300200538611,5.0570557715128,3.73169945129686
2024-03-18,2024-04-01,2,Seasonal naive,2.89231606708862,3.36562559360805,3.89878067859415,4.51286155112071,5.00492963896164,3.85608737309784
2024-03-25,2024-04-08,2,Seasonal naive,2.43971948659797,2.91440976119994,3.4421178216622,4.05819638714351,4.54827879669869,3.40485734249364
2024-04-01,2024-04-15,2,Seasonal naive,2.24463961540333,2.72162044780774,3.24382336956355,3.86213643848954,4.34914466373174,3.40684805317097
2024-04-08,2024-04-22,2,Seasonal naive,2.22891990823968,2.70819129844654,3.22488908149589,3.84543665386656,4.32937069479578,3.36141651165031
2024-04-15,2024-04-29,2,Seasonal naive,2.24798223956175,2.72954418757107,3.24622914458114,3.86351890772931,4.34437876434555,2.95021175825218
2024-09-30,2024-10-14,2,Seasonal naive,2.85596466143625,3.34145313305826,3.85327471731481,4.46852953486792,4.94425266267543,3.63837532194017
2024-10-07,2024-10-21,2,Seasonal naive,3.1239204895323,3.60940896115431,4.12123054541086,4.73648536296397,5.21220849077148,3.83341260484623
2024-10-14,2024-10-28,2,Seasonal naive,2.85795963738806,3.34508407482032,3.85205511236261,4.46853279354317,4.94219337685493,3.76560898697261
2024-10-21,2024-11-04,2,Seasonal naive,3.30694347382503,3.79496497891647,4.29541515699523,4.91478601455251,5.38733846910365,3.83384522436412
2024-10-28,2024-11-11,2,Seasonal naive,3.33209250147173,3.82101107422235,4.31494039283758,4.93720442677158,5.4086487525621,4.04882404692029
2024-11-04,2024-11-18,2,Seasonal naive,3.39140197264955,3.88029956283239,4.37034175143322,4.9912797058646,5.46411947955167,4.08378904828258
2024-11-11,2024-11-25,2,Seasonal naive,3.44008517800337,3.92896178561842,4.41511684420485,5.03472871913362,5.50896394071724,3.89914037959713
2024-11-18,2024-12-02,2,Seasonal naive,3.38505480453421,3.87391042958148,4.35601390541446,4.97446415357965,5.45009482305983,4.21049663895813
2024-11-25,2024-12-09,2,Seasonal naive,3.49979416040837,3.98388344227307,4.46668069596739,5.08396931736901,5.56099543474574,4.29278550089594
2024-12-02,2024-12-16,2,Seasonal naive,3.63568747696797,4.11975577626489,4.60027639391969,5.20726080779494,5.69305000711709,4.40133894570625
2024-12-09,2024-12-23,2,Seasonal naive,3.26146675828082,3.74551407500995,4.22375805662523,4.82043826297413,5.31499054424169,4.03229183781909
2024-12-16,2024-12-30,2,Seasonal naive,3.33015689660481,3.81418323076616,4.2864295864062,4.87652657516445,5.37984193837743,4.93425808249849
2024-12-23,2025-01-06,2,Seasonal naive,3.77778869402718,4.26179404562075,4.72804277528555,5.31155654645315,5.82363499161155,5.19689353641007
2024-12-30,2025-01-13,2,Seasonal naive,3.9083050448307,4.39147794721686,4.86168210260389,5.47456809818651,5.95219529947493,5.26289742131678
2025-01-06,2025-01-20,2,Seasonal naive,3.92205418787243,4.40439464105119,4.87855422216045,5.47523442850935,5.96398839957653,5.47218663652701
2025-01-13,2025-01-27,2,Seasonal naive,4.02875169884266,4.51025970281401,4.98465371970979,5.56884912676067,6.06872986760662,5.62419799531336
2025-01-20,2025-02-03,2,Seasonal naive,3.95269769118316,4.4333732459471,4.90800169862939,5.4994535212243,5.99071981700698,5.72652196162569
2025-01-27,2025-02-10,2,Seasonal naive,3.59647895374839,4.07638537794163,4.55295989448765,5.16092407358784,5.63254503663207,5.3963511068194
2025-02-03,2025-02-17,2,Seasonal naive,3.58791185856999,4.06704915219254,4.54556973260229,5.16518160753106,5.62202189851354,5.29325457220558
2025-02-10,2025-02-24,2,Seasonal naive,3.34674793953985,3.82511610259169,4.30541829412614,4.93164758813655,5.37890193654326,4.85981240436167
2025-02-17,2025-03-03,2,Seasonal naive,3.22674414535877,3.70434317783991,4.18642698049904,4.81374889529588,5.25694209942204,4.78222791310695
2025-02-24,2025-03-10,2,Seasonal naive,3.04090255276438,3.51846090243736,4.00331354768081,4.62495452317907,5.06914446388752,4.51426031062825
2025-03-03,2025-03-17,2,Seasonal naive,3.00786580969909,3.48538347656389,3.97300496439167,4.58896500059135,5.03415167788209,4.17914516391457
2025-03-10,2025-03-24,2,Seasonal naive,2.79398704320583,3.2715334739235,3.76025349158632,4.3722029012367,4.8153218823848,3.80332358850481
2025-03-17,2025-03-31,2,Seasonal naive,2.91999382765248,3.39756902222302,3.88738756972089,4.49532635282197,4.93637763782742,3.81374843615981
2025-03-24,2025-04-07,2,Seasonal naive,2.47038265969396,2.950923949898,3.43975539098758,4.04006945285445,4.48181544086487,3.39819287264186
2025-03-31,2025-04-14,2,Seasonal naive,2.47399223301696,2.95749961885451,3.43814824979402,4.03803329416846,4.48047398518385,3.37108175775753
2025-04-07,2025-04-21,2,Seasonal naive,2.43017955414198,2.91665303561302,3.38997055193977,3.98857488328447,4.43171027730484,3.2092294478164
2025-04-14,2025-04-28,2,Seasonal naive,2.02059366338952,2.51003324049407,2.97601964220805,3.57334326052302,4.01717335754835,3.24649099190117
2025-09-29,2025-10-13,2,Seasonal naive,2.71199495236886,3.19850981039936,3.66418320589604,4.25632901227461,4.69867258851964,3.54443154974806
2025-10-06,2025-10-20,2,Seasonal naive,2.90703223527492,3.39354709330542,3.8592204888021,4.45136629518067,4.8937098714257,3.34286180464919
2025-10-13,2025-10-27,2,Seasonal naive,2.84084748004698,3.32589997854045,3.78700040184561,4.38097377133885,4.82257408719372,3.58823004596401
2025-10-20,2025-11-03,2,Seasonal naive,2.91070258008416,3.39366670660601,3.85082017015425,4.44662110276216,4.88747815822688,3.57878553131686
2025-10-27,2025-11-10,2,Seasonal naive,3.12576188166262,3.60880203227083,4.06309820284972,4.65772963158485,5.10233534117335,4.0683427596831
2025-11-03,2025-11-17,2,Seasonal naive,3.16080736204719,3.64392353674177,4.0953624143513,4.68882433921367,5.13717870292595,4.10082352831981
2025-11-10,2025-11-24,2,Seasonal naive,2.97623917238403,3.45943137116497,3.91341453552656,4.50030537679474,4.9524083946308,4.09634256488477
2025-11-17,2025-12-01,2,Seasonal naive,3.28767591076731,3.77094413363462,4.22747158474826,4.80779134242226,5.2636430143821,4.59895088617417
2025-11-24,2025-12-08,2,Seasonal naive,3.37004525172741,3.8541830971427,4.30979021380962,4.88514490064956,5.34581023671021,5.11421422367165
2025-12-01,2025-12-15,2,Seasonal naive,3.47867917556001,3.96368664352328,4.41837342574348,4.98876304174936,5.45424204191082,5.3018610801714
2025-12-08,2025-12-22,2,Seasonal naive,3.10971254669513,3.59558963720638,4.05056843421911,4.6334568350167,5.08507329441397,4.49569008536927
2025-12-15,2025-12-29,2,Seasonal naive,4.01175927039682,4.49850598345605,4.9537767952613,5.54703396089653,5.98691789948367,4.5921862584298
2025-12-22,2026-01-05,2,Seasonal naive,4.27447520333068,4.76148280525655,5.21955683476941,5.80579912107463,6.24943171378555,5.3198831444626
2025-12-29,2026-01-12,2,Seasonal naive,4.34055956725968,4.82782805805218,5.28241613407959,5.86793271224787,6.31531395908256,5.01708114157965
2026-01-05,2026-01-19,2,Seasonal naive,4.55174169103735,5.03745864115133,5.49484993488635,6.07335163372462,6.52445467972302,5.13855932816283
2026-01-12,2026-01-26,2,Seasonal naive,4.70564595839113,5.1898113678266,5.64371670807617,6.22149269877749,6.6763175439396,5.02847521222459
2026-01-19,2026-02-02,2,Seasonal naive,4.8098628332709,5.29213996905784,5.74479855802571,6.31888136137931,6.77849301568217,4.88944646530504
2026-01-26,2026-02-09,2,Seasonal naive,4.48158488703204,4.9612817435548,5.41338558685663,5.98377520286251,6.44817366630611,4.41920198827394
2026-02-02,2026-02-16,2,Seasonal naive,4.38038126098566,4.85655237159287,5.31025928511926,5.87574336453818,6.34492863712252,4.12033714249635
2026-02-09,2026-02-23,2,Seasonal naive,3.93715263421543,4.42025989903816,4.8767873501518,5.43736589298376,5.91133797470884,3.96024157769862
2026-02-16,2026-03-02,2,Seasonal naive,3.85422868088997,4.34220589845749,4.79650206903638,5.35756009611476,5.83360498888435,3.83254680392635
2026-02-23,2026-03-09,2,Seasonal naive,3.58787994105694,4.06491187631179,4.52583367669697,5.08737118802178,5.56548889183589,3.5004392163118
2026-03-02,2026-03-16,2,Seasonal naive,3.23877890933347,3.71897918654121,4.18785328738354,4.75003473569381,5.23022525055244,3.23553626576131
2026-03-09,2026-03-23,2,Seasonal naive,2.85364247932421,3.33821473163581,3.80916646937403,4.37199185466977,4.85425518057291,2.98921105656373
2026-03-16,2026-03-30,2,Seasonal naive,2.86467454808194,3.34588204308276,3.81850102114321,4.3792731592546,4.86426424191063,2.95178038602481
2026-03-23,2026-04-06,2,Seasonal naive,2.44972620566673,2.92769558063017,3.40185516173943,3.96057405266648,4.4482928920754,2.98618686071046
2026-03-30,2026-04-13,2,Seasonal naive,2.42322231188513,2.89768640539352,3.36993276103356,3.93031939471197,4.42076599087379,2.99172425215645
2026-04-06,2026-04-20,2,Seasonal naive,2.26197722304674,2.73702043560609,3.20326916527089,3.76532354170067,4.25849789461538,2.53131302260216
2026-04-13,2026-04-27,2,Seasonal naive,2.29984598823424,2.77513783979017,3.24017861570253,3.79664610676948,4.29534365238287,2.64546532591059
2023-10-02,2023-10-23,3,Seasonal naive,2.75002580656476,3.23516980825477,3.76286331910611,4.44969168451471,4.91650324115925,4.0926765051214
2023-10-09,2023-10-30,3,Seasonal naive,2.78085496458466,3.26599896627467,3.79369247712601,4.48052084253461,4.94733239917915,3.82624722840674
2023-10-16,2023-11-06,3,Seasonal naive,2.90890910289211,3.39405310458212,3.92174661543346,4.60857498084206,5.0753865374866,4.27402374212223
2023-10-23,2023-11-13,3,Seasonal naive,2.62610858230142,3.11003240217326,3.64130986826503,4.31499131181207,4.78824810230951,4.29796544704745
2023-10-30,2023-11-20,3,Seasonal naive,2.8126327952724,3.29533643332606,3.82852754190898,4.49073237634373,4.97043440069407,4.35606759550379
2023-11-06,2023-11-27,3,Seasonal naive,3.29498271503298,3.77646617126847,4.31157092234254,4.96229914766501,5.44844640586825,4.40354347813613
2023-11-13,2023-12-04,3,Seasonal naive,3.5682175884562,4.04949752168403,4.58635095197605,5.2338076060222,5.71734336470507,4.34730578194549
2023-11-20,2023-12-11,3,Seasonal naive,3.91404182321964,4.39511823343982,4.93372034294977,5.57747038492684,6.05882968488211,4.46083781509817
2023-11-27,2023-12-18,3,Seasonal naive,4.48508316455544,4.96595605176796,5.50404441977609,6.14635027040383,6.62553311163151,4.59552380893629
2023-12-04,2023-12-25,3,Seasonal naive,3.92262650534491,4.40329586954976,4.93819963375381,5.58173215533449,6.05873853783456,4.22009576752766
2023-12-11,2024-01-01,3,Seasonal naive,3.56111706719421,4.04249271811131,4.57103964807161,5.21683100187591,5.69289118509746,4.28757858313017
2023-12-18,2024-01-08,3,Seasonal naive,3.60060447767407,4.0734701052518,4.60487651101996,5.2529266970479,5.72804068099092,4.73400305783106
2023-12-25,2024-01-15,3,Seasonal naive,3.38766097566433,3.85552731952329,4.38871842810621,5.03817575082047,5.51436276979807,4.86283109932786
2024-01-01,2024-01-22,3,Seasonal naive,3.19276803828865,3.66099847141964,4.19061090982653,4.84147536922711,5.31873542323929,4.87489193306288
2024-01-08,2024-01-29,3,Seasonal naive,3.47975289815824,3.94936407937176,4.47987350145929,5.12506779458548,5.60498587392577,4.97990113472639
2024-01-15,2024-02-05,3,Seasonal naive,3.63287132697039,4.10386325626645,4.63526966203462,5.27479378888642,5.75736989355482,4.90215881776017
2024-01-22,2024-02-12,3,Seasonal naive,3.46754093142116,3.93991360879976,4.47306869378587,5.11618200829564,5.59130508882248,4.54425177101868
2024-01-29,2024-02-19,3,Seasonal naive,3.71085820897119,4.18461163443232,4.71951539863637,5.35769184162798,5.8338879571894,4.53399636653357
2024-02-05,2024-02-26,3,Seasonal naive,3.4966749183777,3.97271890164128,4.5061991146236,5.14011611652328,5.61897025741281,4.29114413819671
2024-02-12,2024-03-04,3,Seasonal naive,3.52880587027068,4.00714041133671,4.53919707309729,5.16885463390504,5.65036680012268,4.16945203470891
2024-02-19,2024-03-11,3,Seasonal naive,3.36434294546136,3.84496804432985,4.37293029256643,5.00099927458451,5.48516946613026,3.98192213280781
2024-02-26,2024-03-18,3,Seasonal naive,3.34866704691149,3.83158270358242,4.35545053829501,4.98193094152342,5.46875915839728,3.9471970804358
2024-03-04,2024-03-25,3,Seasonal naive,2.94534265715227,3.42915538148238,3.94732097394341,4.57460000258664,5.06064160871469,3.73169945129686
2024-03-11,2024-04-01,3,Seasonal naive,2.89800968452449,3.38271947651378,3.89518282672326,4.52326048078129,5.00851547616354,3.85608737309784
2024-03-18,2024-04-08,3,Seasonal naive,2.44615200218491,2.93175886183339,3.43937166532861,4.06739624926415,4.55186463390058,3.40485734249364
2024-03-25,2024-04-15,3,Seasonal naive,2.25181102914133,2.73831495644899,3.24107721322996,3.86904872704301,4.35273050093363,3.40684805317097
2024-04-01,2024-04-22,3,Seasonal naive,2.23683022012874,2.72331316486862,3.22047261241302,3.8512604363928,4.33295653199767,3.36141651165031
2024-04-08,2024-04-29,3,Seasonal naive,2.25663144960188,2.74309341177398,3.23465005008181,3.86825418422832,4.34796460154744,2.95021175825218
2024-04-15,2024-05-06,3,Seasonal naive,1.9448765431985,2.43131752280281,2.92610429003982,3.55369179618732,4.03141653522069,3.54008938052877
2024-09-30,2024-10-21,3,Seasonal naive,3.13646214131752,3.62217921310971,4.11848438907727,4.73903196144794,5.20862265356959,3.83341260484623
2024-10-07,2024-10-28,3,Seasonal naive,2.87003286460286,3.35574993639505,3.85205511236261,4.47260268473328,4.94219337685493,3.76560898697261
2024-10-14,2024-11-04,3,Seasonal naive,3.31780937831835,3.80352645011054,4.2998316260781,4.92037919844877,5.38996989057042,3.83384522436412
2024-10-21,2024-11-11,3,Seasonal naive,3.34343939255029,3.82832401513507,4.31935686192045,4.94380925048508,5.41128017402887,4.04882404692029
2024-10-28,2024-11-18,3,Seasonal naive,3.40322985031334,3.88728202369072,4.37304254129392,5.00139974605251,5.46675090101844,4.08378904828258
2024-11-04,2024-11-25,3,Seasonal naive,3.4523940422524,3.93567708505908,4.41781763406556,5.0473523359787,5.51159536218401,3.89914037959713
2024-11-11,2024-12-02,3,Seasonal naive,3.39784465536848,3.88035856760446,4.35887914801421,4.98959134708192,5.4527262445266,4.21049663895813
2024-11-18,2024-12-09,3,Seasonal naive,3.51306499782788,3.99480977949315,4.46954593856714,5.10160008752845,5.56362685621251,4.29278550089594
2024-11-25,2024-12-16,3,Seasonal naive,3.64943930097271,4.12673823712322,4.60136668980551,5.23476278866042,5.69568142858386,4.40133894570625
2024-12-02,2024-12-23,3,Seasonal naive,3.2756995688708,3.75222937445061,4.22484835251105,4.85836912866125,5.31762196570846,4.03229183781909
2024-12-09,2024-12-30,3,Seasonal naive,3.34487069378003,3.82063136878914,4.29124087222774,4.92488632567321,5.3824733598442,4.93425808249849
2024-12-16,2025-01-06,3,Seasonal naive,3.79298347778763,4.26797502222604,4.73285406110709,5.37034518178356,5.82626641307832,5.19689353641007
2024-12-23,2025-01-13,3,Seasonal naive,3.92349982859115,4.39772224245886,4.85687081678235,5.49820760468981,5.95246303310835,5.26289742131678
2024-12-30,2025-01-20,3,Seasonal naive,3.93717952497185,4.41143070269243,4.87374293633891,5.51316529419647,5.96425613320995,5.47218663652701
2025-01-06,2025-01-27,3,Seasonal naive,4.04380758928103,4.51808753085448,4.98356342382396,5.61720887726943,6.06899760124004,5.62419799531336
2025-01-13,2025-02-03,3,Seasonal naive,3.96768413496049,4.44199284038681,4.90691140274357,5.53850094171267,5.9909875506404,5.72652196162569
2025-01-20,2025-02-10,3,Seasonal naive,3.61139595086467,4.08573342014386,4.5500946518879,5.17962827638063,5.63281277026549,5.3963511068194
2025-01-27,2025-02-17,3,Seasonal naive,3.60275940902524,4.08006297393793,4.54270449000254,5.17226972766716,5.62228963214696,5.29325457220558
2025-02-03,2025-02-24,3,Seasonal naive,3.36152604333405,3.84179570388025,4.30271750426543,4.93291205835226,5.37916967017668,4.85981240436167
2025-02-10,2025-03-03,3,Seasonal naive,3.24145280249193,3.72468855867162,4.18372619063834,4.81400771778632,5.25720983305546,4.78222791310695
2025-02-17,2025-03-10,3,Seasonal naive,3.0555417632365,3.5417436150497,3.99889707859794,4.62725428335653,5.06941219752094,4.51426031062825
2025-02-24,2025-03-17,3,Seasonal naive,3.02243557351017,3.50717506578634,3.9685884953088,4.59227040849408,5.03441941151551,4.17914516391457
2025-03-03,2025-03-24,3,Seasonal naive,2.8085568070169,3.29183393975605,3.75750733525273,4.37651395686471,4.81865404874315,3.80332358850481
2025-03-10,2025-03-31,3,Seasonal naive,2.93302520784017,3.41637836466568,3.8846414133873,4.50064305617525,4.94155783652667,3.81374843615981
2025-03-17,2025-04-07,3,Seasonal naive,2.48187565625825,2.96530483717013,3.43615753911669,4.04915420308061,4.488843671905,3.39819287264186
2025-03-24,2025-04-14,3,Seasonal naive,2.48394684595787,2.96824564941773,3.44174610166492,4.04988044354223,4.48935024856487,3.37108175775753
2025-03-31,2025-04-21,3,Seasonal naive,2.43859578345949,2.92376420946734,3.39271670827336,4.00318443180586,4.44243457302675,3.2092294478164
2025-04-07,2025-04-28,3,Seasonal naive,2.02747150908365,2.51350955763947,2.97876579854164,3.59071520819202,4.02974568561115,3.24649099190117
2025-04-14,2025-05-05,3,Seasonal naive,2.61742961038253,3.10433728148633,3.56589726448464,4.1793283602529,4.61813917387028,3.2699490950522
2025-09-29,2025-10-20,3,Seasonal naive,2.91099427176684,3.39868460947055,3.85480401971923,4.46975472879873,4.90700999613535,3.34286180464919
2025-10-06,2025-10-27,3,Seasonal naive,2.84319065389323,3.33088099159693,3.78700040184561,4.40195111092511,4.83920637826173,3.58823004596401
2025-10-13,2025-11-03,3,Seasonal naive,2.91142689128473,3.39911722898844,3.85523663923712,4.47018734831662,4.90744261565324,3.57878553131686
2025-10-20,2025-11-10,3,Seasonal naive,3.12648619286319,3.61307194787785,4.06579899271042,4.68420055228224,5.12093730419195,4.0683427596831
2025-10-27,2025-11-17,3,Seasonal naive,3.16334410279292,3.64837831712906,4.09806320421201,4.71610430287175,5.15573512099722,4.10082352831981
2025-11-03,2025-11-24,3,Seasonal naive,2.9805883426749,3.46407101633253,3.91071374566585,4.52839438341353,4.97091926775474,4.09634256488477
2025-11-10,2025-12-01,3,Seasonal naive,3.29383751060334,3.77576864358245,4.22477079488756,4.83668939200175,5.28210834255872,4.59895088617417
2025-11-17,2025-12-08,3,Seasonal naive,3.37801928110858,3.85839887340918,4.30976044668607,4.91591700316678,5.3642300199395,5.11421422367165
2025-11-24,2025-12-15,3,Seasonal naive,3.48846563448633,3.9669569531384,4.41834365861993,5.02188154200889,5.47261628019279,5.3018610801714
2025-12-01,2025-12-22,3,Seasonal naive,3.12131143516661,3.59791448017016,4.04932631785632,4.65024552815353,5.1034019877486,4.49569008536927
2025-12-08,2025-12-29,3,Seasonal naive,4.02517058841344,4.49988535976847,4.95253467889851,5.56045083554211,6.00520104787097,4.5921862584298
2025-12-15,2026-01-05,3,Seasonal naive,4.28969895089246,4.76252544859896,5.21641224917288,5.83227004177202,6.26766931722553,5.3198831444626
2025-12-22,2026-01-12,3,Seasonal naive,4.3575957443666,4.82879885876891,5.28556071967612,5.89521267590595,6.33350601757522,5.01708114157965
2025-12-29,2026-01-19,3,Seasonal naive,4.56877786814427,5.03835759924238,5.49170534928982,6.10144064034341,6.54262804822842,5.13855932816283
2026-01-05,2026-01-26,3,Seasonal naive,4.72215790000065,5.19063848329197,5.6468612936727,6.25039074835698,6.69295855923091,5.02847521222459
2026-01-12,2026-02-02,3,Seasonal naive,4.825850539383,5.29323197486754,5.7460406743885,6.34965346389653,6.79360167775937,4.88944646530504
2026-01-19,2026-02-09,3,Seasonal naive,4.49704835764674,4.96566898698325,5.41462770321942,6.01689370312204,6.46174997516922,4.41920198827394
2026-01-26,2026-02-16,3,Seasonal naive,4.39532049610294,4.85942553492095,5.31028905224281,5.91120826254002,6.35697259277153,4.12033714249635
2026-02-02,2026-02-23,3,Seasonal naive,3.96324700132906,4.42543968163165,4.87681711727535,5.47517718872791,5.92184957714376,3.96024157769862
2026-02-09,2026-03-02,3,Seasonal naive,3.87124751045447,4.34784128562019,4.79920285889708,5.39500379150499,5.84258423810517,3.83254680392635
2026-02-16,2026-03-09,3,Seasonal naive,3.59168101950429,4.07884957947473,4.52853446655768,5.12316589529281,5.57293578784261,3.5004392163118
2026-02-23,2026-03-16,3,Seasonal naive,3.2566463518129,3.7414928617316,4.19071852998329,4.78418045484566,5.23613979334506,3.23553626576131
2026-03-02,2026-03-23,3,Seasonal naive,2.87856208157918,3.36361458007265,3.81203171197378,4.40448858570242,4.85863737015144,2.98921105656373
2026-03-09,2026-03-30,3,Seasonal naive,2.8744171654231,3.3735699184017,3.81959131702903,4.41104313962394,4.86738137002257,2.95178038602481
2026-03-16,2026-04-06,3,Seasonal naive,2.45501173723026,2.94425948004622,3.40294545762526,3.99055227239548,4.45170416689492,2.98618686071046
2026-03-23,2026-04-13,3,Seasonal naive,2.42832838508758,2.90926815388562,3.3747440468551,3.95850585380064,4.42447141240089,2.99172425215645
2026-03-30,2026-04-20,3,Seasonal naive,2.26690383788811,2.74320141221138,3.20808045109243,3.791718240149,4.26249746285007,2.53131302260216
2026-04-06,2026-04-27,3,Seasonal naive,2.30459314471453,2.78138213503217,3.24053070935566,3.82404448052326,4.29963736732514,2.64546532591059
2026-04-13,2026-05-04,3,Seasonal naive,2.32847901060722,2.80648786468175,3.26363671885356,3.84528127806001,4.32297383086647,2.6159349121944
2023-10-02,2023-10-30,4,Seasonal naive,2.74868346249985,3.25775497474468,3.80360125887606,4.48947179160559,4.92623345962164,3.82624722840674
2023-10-09,2023-11-06,4,Seasonal naive,2.8767376008073,3.38580911305213,3.93165539718351,4.61752592991304,5.05428759792909,4.27402374212223
2023-10-16,2023-11-13,4,Seasonal naive,2.591884384556,3.10095589680083,3.64680218093221,4.33267271366174,4.76943438167779,4.29796544704745
2023-10-23,2023-11-20,4,Seasonal naive,2.77635590186636,3.28542741411119,3.83127369824257,4.5171442309721,4.95390589898815,4.35606759550379
2023-10-30,2023-11-27,4,Seasonal naive,3.26041797676935,3.76624216332802,4.31516877421343,4.99733120692592,5.43393713847543,4.40354347813613
2023-11-06,2023-12-04,4,Seasonal naive,3.53536500533499,4.0379418662075,4.58994880384694,5.26840313654239,5.70485333162535,4.34730578194549
2023-11-13,2023-12-11,4,Seasonal naive,3.88290139524085,4.38330751217378,4.9350557741009,5.60375000558158,6.04835888611549,4.46083781509817
2023-11-20,2023-12-18,4,Seasonal naive,4.45565489171906,4.95389026471243,5.50537985092722,6.16431398119313,6.61708154717799,4.59552380893629
2023-11-27,2023-12-25,4,Seasonal naive,3.89491038765093,4.39097501670473,4.94113355245734,5.59137995625833,6.05230620769415,4.22009576752766
2023-12-04,2024-01-01,4,Seasonal naive,3.53511310464265,4.02900698975688,4.57730836224476,5.21939315238338,5.68847808927015,4.28757858313017
2023-12-11,2024-01-08,4,Seasonal naive,3.57631267026493,4.06727421841857,4.61340764591288,5.25663084468577,5.72564681947671,4.73400305783106
2023-12-18,2024-01-15,4,Seasonal naive,3.36666559448779,3.84984156426906,4.39866028818159,5.04302189558876,5.51196890828386,4.86283109932786
2023-12-25,2024-01-22,4,Seasonal naive,3.17335692820231,3.6507744634792,4.19970107436461,4.84746351112581,5.31302170913588,4.87489193306288
2024-01-01,2024-01-29,4,Seasonal naive,3.46192605916209,3.93780842389523,4.48261965779288,5.13378292390812,5.59595230723316,4.97990113472639
2024-01-08,2024-02-05,4,Seasonal naive,3.61662875906445,4.09205253500042,4.63886751390552,5.28632416795167,5.745016474273,4.90215881776017
2024-01-15,2024-02-12,4,Seasonal naive,3.45288263460541,3.92784782174423,4.47666654565676,5.12041658763383,5.57563181695146,4.54425177101868
2024-01-22,2024-02-19,4,Seasonal naive,3.69778418324563,4.17229078158729,4.7208508297875,5.36367998352668,5.81489483272918,4.53399636653357
2024-01-29,2024-02-26,4,Seasonal naive,3.48518516374234,3.95923317328685,4.50753454577473,5.14883124584592,5.59665728036339,4.29114413819671
2024-02-05,2024-03-04,4,Seasonal naive,3.51890038672551,3.99172821445185,4.53946012949856,5.18038501297029,5.62473397048406,4.16945203470891
2024-02-12,2024-03-11,4,Seasonal naive,3.3560217330064,3.82762937891456,4.37479183652009,5.01534490339237,5.45621678390243,3.98192213280781
2024-02-19,2024-03-18,4,Seasonal naive,3.34193010554672,3.81231756963671,4.35838445699854,4.99909182007388,5.43648662358025,3.9471970804358
2024-02-26,2024-03-25,4,Seasonal naive,2.93945108872663,3.40861837099845,3.95358968811657,4.59445134739499,5.02836907389766,3.73169945129686
2024-03-04,2024-04-01,4,Seasonal naive,2.89137921794779,3.36192724830214,3.90371396161618,4.54457203239846,4.97719735708163,3.85608737309784
2024-03-11,2024-04-08,4,Seasonal naive,2.43878263745714,2.91071141589403,3.44931352540399,4.09016800769014,4.5215009305538,3.40485734249364
2024-03-18,2024-04-15,4,Seasonal naive,2.2437027662625,2.71701229278193,3.25016737776804,3.89328069227781,4.32332121332197,3.40684805317097
2024-03-25,2024-04-22,4,Seasonal naive,2.22798305909884,2.70267333370081,3.23038139416307,3.87575354089647,4.30450166012113,3.36141651165031
2024-04-01,2024-04-29,4,Seasonal naive,2.24704539042092,2.72402622282533,3.24622914458114,3.89142343770733,4.32046414540602,2.95021175825218
2024-04-08,2024-05-06,4,Seasonal naive,1.93455158586648,2.41382297607334,2.93052075912269,3.57553719864167,4.00487049481439,3.54008938052877
2024-04-15,2024-05-13,4,Seasonal naive,1.66864992394746,2.15021187195678,2.66689682896685,3.30624310221144,3.73586898685819,3.07731226054641
2024-09-30,2024-10-28,4,Seasonal naive,2.86085526941626,3.34718846520098,3.86114527690069,4.48282585263174,4.91561142855381,3.76560898697261
2024-10-07,2024-11-04,4,Seasonal naive,3.30863178313175,3.79496497891647,4.30892179061618,4.93060236634723,5.3633879422693,3.83384522436412
2024-10-14,2024-11-11,4,Seasonal naive,3.33257348805697,3.81890668384169,4.3328634955414,4.95454407127245,5.38732964719452,4.04882404692029
2024-10-21,2024-11-18,4,Seasonal naive,3.39067563651331,3.87700883229803,4.39096564399773,5.01264621972879,5.44543179565086,4.08378904828258
2024-10-28,2024-11-25,4,Seasonal naive,3.44104715117384,3.92658910531103,4.43484367475918,5.05732287590505,5.49263994464978,3.89914037959713
2024-11-04,2024-12-02,4,Seasonal naive,3.3877050870114,3.87153774927409,4.37585982223495,4.99948502079827,5.43613451482572,4.21049663895813
2024-11-11,2024-12-09,4,Seasonal naive,3.50413275219228,3.98625612258047,4.48664569905404,5.11141689503481,5.54939881434498,4.29278550089594
2024-11-18,2024-12-16,4,Seasonal naive,3.6417143780586,4.12212845657228,4.61691522380929,5.24450272995679,5.68381707454968,4.40133894570625
2024-11-25,2024-12-23,4,Seasonal naive,3.26918196867816,3.74314139470256,4.23707071331779,4.86747452963202,5.30812129950763,4.03229183781909
2024-12-02,2024-12-30,4,Seasonal naive,3.33956041630887,3.81181055045877,4.3018527390596,4.93444569234562,5.37533638147672,4.93425808249849
2024-12-09,2025-01-06,4,Seasonal naive,3.78888052303796,4.25942136531336,4.74557642389978,5.3803585141576,5.82149312254419,5.19689353641007
2024-12-16,2025-01-13,4,Seasonal naive,3.92060419656295,4.38943574696385,4.87153922279683,5.50867490276549,5.95005343040757,5.26289742131678
2024-12-23,2025-01-20,4,Seasonal naive,3.93556066232617,4.40268292085257,4.8807348139321,5.5202240836116,5.96184653050917,5.47218663652701
2024-12-30,2025-01-27,4,Seasonal naive,4.04218872663536,4.50854798261539,4.98860925819536,5.62624379688981,6.06638480354844,5.62419799531336
2025-01-06,2025-02-03,4,Seasonal naive,3.96606527231481,4.43166152574848,4.91373218382889,5.54816464271869,5.98817155795798,5.72652196162569
2025-01-13,2025-02-10,4,Seasonal naive,3.609777088219,4.0746103391063,4.55852592694811,5.1899207587723,5.62979358259226,5.3963511068194
2025-01-20,2025-02-17,4,Seasonal naive,3.60114054637956,4.0652107947205,4.5509713123237,5.17932851708229,5.61906724948291,5.29325457220558
2025-01-27,2025-02-24,4,Seasonal naive,3.35990718068838,3.8249253716182,4.31253555306971,4.93621746625499,5.37574409252181,4.85981240436167
2025-02-03,2025-03-03,4,Seasonal naive,3.23983393984625,3.70580007336497,4.19525991866478,4.81545785966743,5.25358106040977,4.78222791310695
2025-02-10,2025-03-10,4,Seasonal naive,3.05392290059083,3.52083697669843,4.01047617309727,4.62877644786014,5.06558022988443,4.51426031062825
2025-02-17,2025-03-17,4,Seasonal naive,3.02081671086449,3.48867872956098,3.97849727705885,4.59457584254016,5.03038424888819,4.17914516391457
2025-02-24,2025-03-24,4,Seasonal naive,2.80693794437123,3.27776605870122,3.76659749979081,4.37890339771721,4.81441569112501,3.80332358850481
2025-03-03,2025-03-31,4,Seasonal naive,2.93294472881788,3.40673893878138,3.89458327346268,4.50311650383418,4.93833268430175,3.81374843615981
2025-03-10,2025-04-07,4,Seasonal naive,2.48179517723597,2.96009386645635,3.44468867400961,4.05171165754597,4.48608944830433,3.39819287264186
2025-03-17,2025-04-14,4,Seasonal naive,2.48386636693558,2.96666953541286,3.44801481583807,4.05352755253929,4.48706695358843,3.37108175775753
2025-03-24,2025-04-21,4,Seasonal naive,2.43851530443721,2.92139449700085,3.40284633071868,4.00775917381373,4.44062220667455,3.2092294478164
2025-03-31,2025-04-28,4,Seasonal naive,2.02739103006136,2.51034624671137,2.99137852091928,3.5962175832107,4.02840424788319,3.24649099190117
2025-04-07,2025-05-05,4,Seasonal naive,2.61734913136024,3.10038037209661,3.57992071204474,4.18575836828239,4.61726866476656,3.2699490950522
2025-04-14,2025-05-12,4,Seasonal naive,2.15465249040017,2.6377597552229,3.11580816091125,3.72264441109513,4.15347833939097,2.74534598584591
2025-09-29,2025-10-27,4,Seasonal naive,2.84327113291551,3.32985688793017,3.79690918359566,4.40990584755958,4.83772224424427,3.58823004596401
2025-10-06,2025-11-03,4,Seasonal naive,2.91150737030702,3.39809312532168,3.86514542098717,4.47814208495109,4.90595848163578,3.57878553131686
2025-10-13,2025-11-10,4,Seasonal naive,3.12648619286319,3.61307194787785,4.08012424354334,4.69312090750726,5.12093730419195,4.0683427596831
2025-10-20,2025-11-17,4,Seasonal naive,3.16145119422548,3.64803694924014,4.11508924490563,4.72808590886955,5.15590230555424,4.10082352831981
2025-10-27,2025-11-24,4,Seasonal naive,2.97869543410747,3.46372964844361,3.92769441988659,4.54217276996839,4.97108645231177,4.09634256488477
2025-11-03,2025-12-01,4,Seasonal naive,3.2919446020359,3.77542727569353,4.236304522914,4.85226455911368,5.28227552711574,4.59895088617417
2025-11-10,2025-12-08,4,Seasonal naive,3.37612637254115,3.85805750552026,4.31544879925528,4.93328895083578,5.36439720449653,5.11421422367165
2025-11-17,2025-12-15,4,Seasonal naive,3.48657272591889,3.96695231821949,4.42085765846906,5.04057792543038,5.47278346474981,5.3018610801714
2025-11-24,2025-12-22,4,Seasonal naive,3.11941852659917,3.59790984525124,4.05495513617843,4.67056519895268,5.10356917230563,4.49569008536927
2025-12-01,2025-12-29,4,Seasonal naive,4.02327767984601,4.49988072484955,4.96006596645436,5.57156582504153,6.005368232428,4.5921862584298
2025-12-08,2026-01-05,4,Seasonal naive,4.28780604232502,4.76252081368005,5.22544757669953,5.83739698634991,6.26783650178256,5.3198831444626
2025-12-15,2026-01-12,4,Seasonal naive,4.35570283579917,4.82852933350567,5.29419761793983,5.90719428190375,6.33367320213224,5.01708114157965
2025-12-22,2026-01-19,4,Seasonal naive,4.56688495957683,5.03808807397914,5.50708468502096,6.11521902689827,6.54279523278545,5.13855932816283
2025-12-29,2026-01-26,4,Seasonal naive,4.72078922693062,5.19036895802873,5.65549819193641,6.26596591546891,6.69463940701477,5.02847521222459
2026-01-05,2026-02-02,4,Seasonal naive,4.82448186631298,5.2929624496043,5.76142001011964,6.36702541156553,6.79528252554324,4.88944646530504
2026-01-12,2026-02-09,4,Seasonal naive,4.49567968457671,4.96306112006125,5.42765130344245,6.03559008654353,6.46343082295308,4.41920198827394
2026-01-19,2026-02-16,4,Seasonal naive,4.39395182303292,4.86038223557761,5.32180861249504,5.93152793333917,6.3586534405554,4.12033714249635
2026-01-26,2026-02-23,4,Seasonal naive,3.96187832825903,4.42598336707704,4.88562028831754,5.49712014690471,5.92353042492762,3.96024157769862
2026-02-02,2026-03-02,4,Seasonal naive,3.88566251007434,4.34785519037693,4.80489121146629,5.41857003705945,5.84426508588904,3.83254680392635
2026-02-09,2026-03-09,4,Seasonal naive,3.60327990797577,4.07987368314149,4.53377902339106,5.1496368159902,5.57461663562647,3.5004392163118
2026-02-16,2026-03-16,4,Seasonal naive,3.25656587279061,3.74373443276105,4.19742176031459,4.81175006684022,5.23782064112893,3.23553626576131
2026-02-23,2026-03-23,4,Seasonal naive,2.88082477640314,3.36567128632184,3.82035806854204,4.43315688899417,4.8603182179353,2.98921105656373
2026-03-02,2026-03-30,4,Seasonal naive,2.88898692923418,3.37403942772765,3.83075314907349,4.44081013421287,4.86906221780644,2.95178038602481
2026-03-09,2026-04-06,4,Seasonal naive,2.45886160190515,2.95801435488375,3.41516781843199,4.02248296825862,4.45182580650462,2.98618686071046
2026-03-16,2026-04-13,4,Seasonal naive,2.42790062234592,2.91714836516189,3.38535591368696,3.99508220503781,4.42459305201059,2.99172425215645
2026-03-23,2026-04-20,4,Seasonal naive,2.26647607514645,2.74557748647246,3.22080281388512,3.8329402467602,4.26261910245976,2.53131302260216
2026-03-30,2026-04-27,4,Seasonal naive,2.30416538197288,2.77684955998879,3.25519911537014,3.86991214250849,4.29975900693484,2.64546532591059
2026-04-06,2026-05-04,4,Seasonal naive,2.32805124786556,2.80116352323913,3.27579197592142,3.89308059732304,4.32309547047617,2.6159349121944
2026-04-13,2026-05-11,4,Seasonal naive,1.80387590140093,2.2791272192674,2.75009857082931,3.36588858214855,3.79837072166018,2.67896462020711
